year,permno,ticker,comnam,age,div12m_me,ffo_at_reit,beta,lnmcap,ret12,ret
2004,10952,UNII,UNI INVEST U S LTD,228.0,0.03129503,0.0033988292164402,-0.239846081036535,12.241140173967914,0.228164201465687,0.228164201465687
2005,10952,UNII,UNI INVEST U S LTD,240.0,0.053209413,0.0117872116092909,-0.4937739627874644,12.645661705401563,0.048434005636551,0.048434005636551
2006,10952,UNII,UNI INVEST U S LTD,252.0,0.05007207,0.0101221263677712,-0.5025200281396867,13.129317674603216,0.1970436294143565,0.1970436294143565
2007,10952,UNII,UNI INVEST U S LTD,264.0,0.05871163,0.0110583323013954,0.2034118971320798,13.328322325056282,-0.3145746750676661,-0.3145746750676661
2008,10952,UNII,UNI INVEST U S LTD,276.0,0.08955259,0.0092258019921612,0.4822872383171342,13.05764910868838,-0.2340765422407817,-0.2340765422407817
2009,10952,UNII,UNI INVEST U S LTD,288.0,0.12623565,0.008539258164159,1.6496297190214182,12.34221976140603,-0.0036980024768631,-0.0036980024768631
2010,10952,UNII,UNI INVEST U S LTD,300.0,0.029940752,0.0021523143617542,1.8691746588784268,12.928526088314715,-0.0335323095827642,-0.0335323095827642
2011,10952,UNII,UNI INVEST U S LTD,312.0,0.07721289,0.0060514303673573,1.8754466438753008,12.657955625694685,-0.2560579062778924,-0.2560579062778924
2012,10952,UNII,UNI INVEST U S LTD,324.0,0.052593887,0.0039445615112343,1.8658836036213309,12.792575906406483,0.2736844971144605,0.2736844971144605
2013,10952,UNII,UNI INVEST U S LTD,336.0,0.035222113,0.0049743059239375,1.987756471174185,12.920343919454902,0.2292545021570127,0.2292545021570127
2014,10952,UNII,UNI INVEST U S LTD,348.0,0.03019406,0.0084118586856663,1.6357771880150054,13.130125643850084,0.2097732461163857,0.2097732461163857
2015,10952,UNII,UNI INVEST U S LTD,360.0,0.027982377,0.0081995538500652,1.2535901809273864,13.288611817021824,-0.0072985067943156,-0.0072985067943156
2016,10952,UNII,UNI INVEST U S LTD,372.0,0.028587893,0.0081447374776244,1.0002998182767555,13.294356805035148,-0.0505594406727082,-0.0505594406727082
2017,10952,UNII,UNI INVEST U S LTD,384.0,0.035816938,0.0087596369783917,0.6206970167128376,13.082457936239392,-0.0342416545165283,-0.0342416545165283
2018,10952,UNII,UNI INVEST U S LTD,396.0,0.048461597,0.0073959584443681,0.7963831546648362,12.84476115898128,-0.4576714311245946,-0.4576714311245946
2019,10952,UNII,UNI INVEST U S LTD,408.0,0.06818954,0.0095818327243468,0.9193032886884988,12.491427841967914,0.0088899905873185,0.0088899905873185
2020,10952,UNII,UNI INVEST U S LTD,420.0,0.092522584,0.010218696247885,1.3060417423645962,11.913202683188764,0.6406578049645946,0.6406578049645946
2021,10952,UNII,UNI INVEST U S LTD,432.0,0.017859787,0.0067285052147313,1.6975836148500327,12.36047703065092,1.0233536316810323,1.0233536316810323
2022,10952,UNII,UNI INVEST U S LTD,439.0,0.008881188,0.0078108076014056,1.571258461240299,12.809556845721646,0.1605079740790596,0.1605079740790596
2004,12072,PKY,PARKWAY PROPERTIES INC,372.0,0.05465713,0.016159242975526,0.2229774407794923,13.143777814559783,0.2886752658422777,0.2886752658422777
2005,12072,PKY,PARKWAY PROPERTIES INC,384.0,0.049801905,0.0132116093314223,0.2698859031450569,13.397254717369734,-0.163083857233442,-0.163083857233442
2006,12072,PKY,PARKWAY PROPERTIES INC,396.0,0.05684283,0.009652421919165,0.4086858575551773,13.3866993801892,0.343287171677519,0.343287171677519
2007,12072,PKY,PARKWAY PROPERTIES INC,408.0,0.05441464,0.0093640575636823,0.5225311769072035,13.507062565192408,-0.2316874856438437,-0.2316874856438437
2008,12072,PKY,PARKWAY PROPERTIES INC,420.0,0.09338107,0.0096129841818355,0.8115365673648248,13.029625097561643,-0.4772343218016395,-0.4772343218016395
2009,12072,PKY,PARKWAY PROPERTIES INC,432.0,0.10259059,0.0084122310628382,1.3357759244468166,12.612764411989676,0.2627368077438021,0.2627368077438021
2010,12072,PKY,PARKWAY PROPERTIES INC,444.0,0.048513647,0.0093230143456884,1.4058516918724095,12.805330835893905,-0.1429497704230178,-0.1429497704230178
2011,12072,PKY,PARKWAY PROPERTIES INC,456.0,0.021109508,0.0076112340450651,1.4685939817256488,12.674829669833606,-0.4239350682825686,-0.4239350682825686
2012,12072,PKY,PARKWAY PROPERTIES INC,468.0,0.02343885,0.0066050427342622,1.4561773759105467,12.765281847567772,0.4620513737088025,0.4620513737088025
2013,12072,PKY,PARKWAY PROPERTIES INC,480.0,0.02385562,0.0012982983967106,1.5090110866229711,13.983254795107229,0.4279594833366029,0.4279594833366029
2014,12072,PKY,PARKWAY PROPERTIES INC,492.0,0.03133749,0.0076139590899011,1.4205114533778342,14.499523783350758,-0.0083766963349296,-0.0083766963349296
2015,12072,PKY,PARKWAY PROPERTIES INC,504.0,0.043599457,0.0107714596979656,1.2775721146949588,14.448022032763104,-0.1105681072428034,-0.1105681072428034
2016,12072,PKY,PARKWAY PROPERTIES INC,513.0,0.047987998,0.0107666660048045,1.3268026865122122,14.401724437476162,0.1253398171271234,0.1253398171271234
2010,12093,COR,CORESITE REALTY CORP,48.0,,,,12.517914767293682,-0.159854949352,-0.159854949352
2011,12093,COR,CORESITE REALTY CORP,60.0,0.029520059,0.0111133062484778,,12.675518936289931,0.3531889715556502,0.3531889715556502
2012,12093,COR,CORESITE REALTY CORP,72.0,0.026269881,0.0191163922288796,0.957172097452898,13.150405445275,0.6005857903797203,0.6005857903797203
2013,12093,COR,CORESITE REALTY CORP,84.0,0.029657518,0.022729865944462,0.9778160749161682,13.45389626589943,0.2052156332614561,0.2052156332614561
2014,12093,COR,CORESITE REALTY CORP,96.0,0.03871862,0.0226758085493204,0.9959242088228942,13.489040271684194,0.2664683811132857,0.2664683811132857
2015,12093,COR,CORESITE REALTY CORP,108.0,0.029057717,0.0280422386912794,0.9330291983549333,14.056519873534112,0.504738434231824,0.504738434231824
2016,12093,COR,CORESITE REALTY CORP,120.0,0.024768062,0.0336478211376197,0.6873191699095825,14.692386473311911,0.4430011873256032,0.4430011873256032
2017,12093,COR,CORESITE REALTY CORP,132.0,0.028021282,0.0355646611420893,0.306625369226264,15.079370608784911,0.4847752469186062,0.4847752469186062
2018,12093,COR,CORESITE REALTY CORP,144.0,0.036859933,0.0372207443472821,0.2602588022142084,15.097494852597483,-0.2022894655259621,-0.2022894655259621
2019,12093,COR,CORESITE REALTY CORP,156.0,0.03886062,0.0329125483222012,0.4832953448586772,15.228142584185312,0.3397485442091561,0.3397485442091561
2020,12093,COR,CORESITE REALTY CORP,168.0,0.03837133,0.0299640247419654,0.1720229704145363,15.3901221327109,0.1635295214906644,0.1635295214906644
2021,12093,COR,CORESITE REALTY CORP,179.0,0.035685644,0.0300643196092718,0.1477053006914244,15.582354562203568,0.4050460038052663,0.4050460038052663
2010,12323,CCG,CAMPUS CREST COMMUNITIES INC,36.0,,,,12.872898804882585,0.1317727199999998,0.1317727199999998
2011,12323,CCG,CAMPUS CREST COMMUNITIES INC,48.0,0.054079384,-0.0002945480264007,,12.805682295147074,-0.2411180464424769,-0.2411180464424769
2012,12323,CCG,CAMPUS CREST COMMUNITIES INC,60.0,0.054931927,0.0113268588663465,0.692299393935829,12.868709244516182,0.2896325520742779,0.2896325520742779
2013,12323,CCG,CAMPUS CREST COMMUNITIES INC,72.0,0.048013214,0.0097880192774148,0.6507056573199573,13.423525115937364,-0.1861437623668602,-0.1861437623668602
2014,12323,CCG,CAMPUS CREST COMMUNITIES INC,84.0,0.08250102,0.0101134045855564,0.6344819242048448,13.14919218567078,-0.1623657241747753,-0.1623657241747753
2015,12323,CCG,CAMPUS CREST COMMUNITIES INC,96.0,0.045222525,-0.0154107613556325,0.777965396698853,12.912981029050044,-0.0698151855140899,-0.0698151855140899
2016,12323,CCG,CAMPUS CREST COMMUNITIES INC,98.0,0.0,0.0044795734218684,0.6832470667852802,13.01784524476428,0.0278777599999999,0.0278777599999999
2011,12513,AAT,AMERICAN ASSETS TRUST INC,48.0,0.03376924,0.0060758604329729,,13.603923120201086,0.0018402420026519,0.0018402420026519
2012,12513,AAT,AMERICAN ASSETS TRUST INC,60.0,0.033624325,0.0095829930194387,0.8927069848305743,13.792111079603016,0.4077329253668826,0.4077329253668826
2013,12513,AAT,AMERICAN ASSETS TRUST INC,72.0,0.026568174,0.0112804738017702,0.8567821791853513,14.042910153949656,0.1561670645243456,0.1561670645243456
2014,12513,AAT,AMERICAN ASSETS TRUST INC,84.0,0.024006458,0.0122467004548431,0.8016993504312785,14.20646679581998,0.2989916060389359,0.2989916060389359
2015,12513,AAT,AMERICAN ASSETS TRUST INC,96.0,0.022017656,0.0130714326607987,0.6444247466611923,14.405557441653912,-0.0136625398316404,-0.0136625398316404
2016,12513,AAT,AMERICAN ASSETS TRUST INC,108.0,0.02371292,0.0141141827349063,0.5583784671872024,14.437648148386728,0.1506461319929297,0.1506461319929297
2017,12513,AAT,AMERICAN ASSETS TRUST INC,120.0,0.024957946,0.0145374897611468,0.4257151401204642,14.458689833710883,-0.0886592713254083,-0.0886592713254083
2018,12513,AAT,AMERICAN ASSETS TRUST INC,132.0,0.02899006,0.0143205577800708,0.4022598885561434,14.37001732658458,0.0817303613329007,0.0817303613329007
2019,12513,AAT,AMERICAN ASSETS TRUST INC,144.0,0.022318572,0.015632933770906,0.3536731466030677,14.733040641718654,0.1710117293071131,0.1710117293071131
2020,12513,AAT,AMERICAN ASSETS TRUST INC,156.0,0.03880376,0.0147227522828477,0.8440046252063559,14.352013435733918,-0.3464045721141973,-0.3464045721141973
2021,12513,AAT,AMERICAN ASSETS TRUST INC,168.0,0.029858338,0.0112925972795491,1.1091496167291368,14.570025030468978,0.3419573708526775,0.3419573708526775
2022,12513,AAT,AMERICAN ASSETS TRUST INC,180.0,0.039753743,0.0138225724597807,1.0694268112884786,14.451104245202112,-0.262510247833213,-0.262510247833213
2023,12513,AAT,AMERICAN ASSETS TRUST INC,192.0,0.06280094,0.0154538254594749,1.1057333123142912,14.05052499747164,-0.0925045897546943,-0.0925045897546943
2024,12513,AAT,AMERICAN ASSETS TRUST INC,204.0,0.054870766,0.0157129221980762,1.25626732727103,14.208024453255796,0.232604377049937,0.232604377049937
2011,12566,INN,SUMMIT HOTEL PROPERTIES INC,36.0,0.029793436,-0.0056909291077597,,12.468999550397989,-0.0005755979698454,-0.0005755979698454
2012,12566,INN,SUMMIT HOTEL PROPERTIES INC,48.0,0.043717057,0.0115138987478372,1.111793266838971,12.547385797795071,0.0600957482631889,0.0600957482631889
2013,12566,INN,SUMMIT HOTEL PROPERTIES INC,60.0,0.0353632,0.0110581082192042,1.008201406596941,13.42475597115187,-0.0069980664066863,-0.0069980664066863
2014,12566,INN,SUMMIT HOTEL PROPERTIES INC,72.0,0.041161224,0.0099955361670833,0.9701208456576492,13.694502112596878,0.444681714457465,0.444681714457465
2015,12566,INN,SUMMIT HOTEL PROPERTIES INC,84.0,0.036109272,0.0147643633215987,0.934090703137637,13.926633381640883,-0.0041519629356778,-0.0041519629356778
2016,12566,INN,SUMMIT HOTEL PROPERTIES INC,96.0,0.03873402,0.0178555623728179,0.949965562747969,13.920391446569807,0.3999349142524282,0.3999349142524282
2017,12566,INN,SUMMIT HOTEL PROPERTIES INC,108.0,0.036610182,0.0166232252117217,0.9795710459733727,14.29972449206219,-0.0087361541021732,-0.0087361541021732
2018,12566,INN,SUMMIT HOTEL PROPERTIES INC,120.0,0.053368762,0.0142393637589828,1.233968946184593,14.141042067485694,-0.3256265108377557,-0.3256265108377557
2019,12566,INN,SUMMIT HOTEL PROPERTIES INC,132.0,0.062086087,0.0152020331394355,1.2610242000355751,14.011688692556133,0.3495025565418594,0.3495025565418594
2020,12566,INN,SUMMIT HOTEL PROPERTIES INC,144.0,0.07921891,0.011502706553114,1.784778437085772,13.447638596111984,-0.2557218203709781,-0.2557218203709781
2021,12566,INN,SUMMIT HOTEL PROPERTIES INC,156.0,0.0018426884,-0.0079122404514621,2.1015690459181706,13.824860144549886,0.0832335689662921,0.0832335689662921
2022,12566,INN,SUMMIT HOTEL PROPERTIES INC,168.0,0.0030090343,0.0041421080017152,1.9870704610200527,13.70970468154586,-0.2529310709482554,-0.2529310709482554
2023,12566,INN,SUMMIT HOTEL PROPERTIES INC,180.0,0.026335226,0.008388857576161,1.9157137650565244,13.463128250411495,-0.0367824363816323,-0.0367824363816323
2024,12566,INN,SUMMIT HOTEL PROPERTIES INC,192.0,0.040912274,0.0083836385691182,1.9147950704872343,13.44928479828638,0.0673168915304449,0.0673168915304449
2011,12668,APTS,PREFERRED APARTMENT CMNTYS INC,24.0,,-0.1918468465102714,,10.545488525893685,-0.3391840490657725,-0.3391840490657725
2012,12668,APTS,PREFERRED APARTMENT CMNTYS INC,36.0,0.06441046,0.0042957345043569,1.4257422368816637,10.5879925444344,0.37972801551553,0.37972801551553
2013,12668,APTS,PREFERRED APARTMENT CMNTYS INC,48.0,0.053318586,0.0051983511580173,1.3299437756203467,11.075445894041552,0.1065777104114333,0.1065777104114333
2014,12668,APTS,PREFERRED APARTMENT CMNTYS INC,60.0,0.059225917,0.0018368228527055,1.1606122563568606,11.861641698423604,0.2207708680394278,0.2207708680394278
2015,12668,APTS,PREFERRED APARTMENT CMNTYS INC,72.0,0.057393175,0.0050769839582253,0.9607189780480316,12.383329612558724,0.5338705704883584,0.5338705704883584
2016,12668,APTS,PREFERRED APARTMENT CMNTYS INC,84.0,0.055272773,0.0035680608467776,0.6431025118174507,12.663224480096709,0.2082393431328451,0.2082393431328451
2017,12668,APTS,PREFERRED APARTMENT CMNTYS INC,96.0,0.046515737,0.0031304637368189,0.1833945587933019,13.138690809041274,0.4365943660041185,0.4365943660041185
2018,12668,APTS,PREFERRED APARTMENT CMNTYS INC,108.0,0.05750349,0.0039480168692693,0.1655308266533209,13.342625675404967,-0.2591018985481926,-0.2591018985481926
2019,12668,APTS,PREFERRED APARTMENT CMNTYS INC,120.0,0.067596115,0.0034819453459415,0.4055939641591915,13.370176769778146,0.0183513432777198,0.0183513432777198
2020,12668,APTS,PREFERRED APARTMENT CMNTYS INC,132.0,0.12604101,-0.0008057010646677,0.7013533429155124,12.783204160537217,-0.3774750003295567,-0.3774750003295567
2021,12668,APTS,PREFERRED APARTMENT CMNTYS INC,144.0,0.066271216,0.0002877434700943,0.999821734806302,13.23352343505254,1.0233536316810323,1.0233536316810323
2022,12668,APTS,PREFERRED APARTMENT CMNTYS INC,149.0,0.028154278,-0.0001220346954831,0.9224966959249714,14.103975858657332,0.3907192403230346,0.3907192403230346
2011,12681,STAG,STAG INDUSTRIAL INC,72.0,,0.0115225933424103,,12.148062878837877,-0.0369559235558716,-0.0369559235558716
2012,12681,STIR,STAG INDUSTRIAL INC,84.0,0.05110453,0.0093828913950115,0.6892668769110606,12.79439003854595,0.6772077324584118,0.6772077324584118
2013,12681,STIR,STAG INDUSTRIAL INC,96.0,0.04784887,0.0125375498858088,0.7014840705039048,13.691559152794891,0.2025536300527928,0.2025536300527928
2014,12681,STIR,STAG INDUSTRIAL INC,108.0,0.049560297,0.015085036394592,0.7208696094399215,14.033372283222162,0.2698990616465382,0.2698990616465382
2015,12681,STIR,STAG INDUSTRIAL INC,120.0,0.060825486,0.0141562116954693,0.7380061483948231,14.140135129196734,-0.1956233537759545,-0.1956233537759545
2016,12681,STIR,STAG INDUSTRIAL INC,132.0,0.061887432,0.0142226735157881,0.8838231359949088,14.246139237747805,0.3788249859593597,0.3788249859593597
2017,12681,STIR,STAG INDUSTRIAL INC,144.0,0.047087844,0.0151340467849794,1.009310899701916,14.667266110773369,0.2067845121389455,0.2067845121389455
2018,12681,STIR,STAG INDUSTRIAL INC,156.0,0.051463533,0.0161929054690524,1.0013096773643269,14.781725167784147,-0.0384267627741522,-0.0384267627741522
2019,12681,STIR,STAG INDUSTRIAL INC,168.0,0.043771338,0.0169458747115625,0.8526975136984997,15.121999417487524,0.3317827569521228,0.3317827569521228
2020,12681,STIR,STAG INDUSTRIAL INC,180.0,0.04632796,0.0161013258002859,0.8865460692548083,15.287100189794549,0.0422837588875062,0.0422837588875062
2021,12681,STIR,STAG INDUSTRIAL INC,192.0,0.036488198,0.0165679131230152,0.6482452569462837,15.637219548450435,0.5909929360182531,0.5909929360182531
2022,12681,STIR,STAG INDUSTRIAL INC,204.0,0.041521233,0.0164098053406317,0.7090785938035195,15.625017244897874,-0.2967479424960919,-0.2967479424960919
2023,12681,STIR,STAG INDUSTRIAL INC,216.0,0.041484375,0.016393782821771,0.7379632117796442,15.662676470458369,0.2669925296145483,0.2669925296145483
2024,12681,STIR,STAG INDUSTRIAL INC,228.0,0.03962594,0.0172566558869468,0.7747226048597788,15.726464855487803,-0.1036126917110925,-0.1036126917110925
2011,13003,ARCP,AMERICAN REALTY CAPITAL PROP INC,12.0,,,,11.144347503444624,-0.0883755570049998,-0.0883755570049998
2012,13003,VER,VEREIT INC,24.0,0.05335693,-0.0041067513323729,,11.592359334350045,0.3739484049518011,0.3739484049518011
2013,13003,VER,VEREIT INC,36.0,0.033629958,-0.0121374306811961,-0.1837493808282014,14.29753889444182,0.0361904985226089,0.0361904985226089
2014,13003,VER,VEREIT INC,48.0,0.057589084,-0.0085479051852225,-0.0777594710252608,16.054195399355198,-0.230084506330041,-0.230084506330041
2015,13003,VER,VEREIT INC,60.0,0.058258373,0.00566438634058,0.0944911147002274,15.87311292537924,-0.0936964304670215,-0.0936964304670215
2016,13003,VER,VEREIT INC,72.0,0.049232677,0.0080581596875322,0.3574186660478674,15.96463571835991,0.1320894366625873,0.1320894366625873
2017,13003,VER,VEREIT INC,84.0,0.06575234,0.009066359507935,0.5227626803282907,15.902712724945305,-0.0156751619025128,-0.0156751619025128
2018,13003,VER,VEREIT INC,96.0,0.07604379,0.0110487198110097,0.5292934456184274,15.77144087119808,-0.0100525161456641,-0.0100525161456641
2019,13003,VER,VEREIT INC,108.0,0.060215876,0.0081836626134122,0.5052492215835516,16.012445492085597,0.372560772421151,0.372560772421151
2020,13003,VER,VEREIT INC,120.0,0.07362821,0.0083427802460496,0.8908005087208911,15.787041794190932,-0.1301929607200521,-0.1301929607200521
2021,13003,VER,VEREIT INC,130.0,0.037773103,0.0103912691702068,0.9445510749757918,16.13517291754522,0.3745735262206116,0.3745735262206116
2012,13134,RSE,ROUSE PROPERTIES INC,552.0,0.008799134,0.0036388022314271,,13.392752919866073,0.3822713205238515,0.3822713205238515
2013,13134,RSE,ROUSE PROPERTIES INC,564.0,0.017525485,0.0026137039803193,1.3884345024478697,13.793535488746883,0.3422611624963569,0.3422611624963569
2014,13134,RSE,ROUSE PROPERTIES INC,576.0,0.03166149,0.0056335938019607,1.5124293095925732,13.818059446163176,-0.1340070806361396,-0.1340070806361396
2015,13134,RSE,ROUSE PROPERTIES INC,588.0,0.041289512,0.0072795408367202,1.1689255066169886,13.791228214001816,-0.1818975714367439,-0.1818975714367439
2016,13134,RSE,ROUSE PROPERTIES INC,594.0,0.034701858,0.0084842388810148,0.667492294931857,13.867100089652633,0.2664082668986112,0.2664082668986112
2012,13320,ARCT,AMERICAN REALTY CAPITAL TR INC,60.0,,0.0117105121888497,,14.399648734945025,0.1775751843782829,0.1775751843782829
2012,13358,RPAI,RETAIL PROPERTIES OF AMERICA INC,36.0,,0.0082371028357984,,13.81531656604478,0.383749782161932,0.383749782161932
2013,13358,RPAI,RETAIL PROPERTIES OF AMERICA INC,48.0,0.03470694,0.010642709019978,0.2899459734608819,14.704002431336034,0.1144162023931791,0.1144162023931791
2014,13358,RPAI,RETAIL PROPERTIES OF AMERICA INC,60.0,0.040940154,0.0146953879333336,0.3568792759815906,15.075910213361832,0.371092605598454,0.371092605598454
2015,13358,RPAI,RETAIL PROPERTIES OF AMERICA INC,72.0,0.04407658,0.0126993098778821,0.265989772024637,15.08697898912699,-0.0743467133129485,-0.0743467133129485
2016,13358,RPAI,RETAIL PROPERTIES OF AMERICA INC,84.0,0.041417323,0.0128283871131869,0.2905603834045545,15.15048232826495,0.0809301050868551,0.0809301050868551
2017,13358,RPAI,RETAIL PROPERTIES OF AMERICA INC,96.0,0.05030929,0.0105104170954065,0.3322509819881022,14.954210349883924,-0.0787572233915187,-0.0787572233915187
2018,13358,RPAI,RETAIL PROPERTIES OF AMERICA INC,108.0,0.056398287,0.0138021757014241,0.2822528809957328,14.79104384893524,-0.146457802206256,-0.146457802206256
2019,13358,RPAI,RETAIL PROPERTIES OF AMERICA INC,120.0,0.053582046,0.0151623000856076,0.5451748775028203,14.799354979905004,0.3025544413852716,0.3025544413852716
2020,13358,RPAI,RETAIL PROPERTIES OF AMERICA INC,132.0,0.07632683,0.0147409908597079,1.2127507874992565,14.219323656200755,-0.3304023323299598,-0.3304023323299598
2021,13358,RPAI,RETAIL PROPERTIES OF AMERICA INC,141.0,0.020758348,0.01082502788225,1.6904643875078516,14.719666204273052,0.5335522380152786,0.5335522380152786
2017,13429,ALEX,ALEXANDER & BALDWIN INC NEW,84.0,0.09980782,0.0061475315632247,1.4474330723252722,14.50894534696602,-0.0307456469728584,-0.0307456469728584
2018,13429,ALEX,ALEXANDER & BALDWIN INC NEW,96.0,0.40024933,0.0037755456052844,1.4490712714427758,14.286044115814253,-0.3373641401893568,-0.3373641401893568
2019,13429,ALEX,ALEXANDER & BALDWIN INC NEW,108.0,0.014998355,0.0184812645180462,1.3164148762885324,14.32925383294918,0.1747864625840294,0.1747864625840294
2020,13429,ALEX,ALEXANDER & BALDWIN INC NEW,120.0,0.0384206,-8.826226261894566e-05,1.2862369050093154,13.81180764277297,-0.1593678925203998,-0.1593678925203998
2021,13429,ALEX,ALEXANDER & BALDWIN INC NEW,132.0,0.022570254,0.0059138137872207,1.2187632198387452,14.180593584995709,0.5085893756571893,0.5085893756571893
2022,13429,ALEX,ALEXANDER & BALDWIN INC NEW,144.0,0.03747492,0.009086867697987,1.2028511782699791,14.18969393475616,-0.2197554787931079,-0.2197554787931079
2023,13429,ALEX,ALEXANDER & BALDWIN INC NEW,156.0,0.047713835,0.0101441245705368,1.1542733701948202,14.095601108995524,0.0653874373022838,0.0653874373022838
2024,13429,ALEX,ALEXANDER & BALDWIN INC NEW,168.0,0.04976678,0.0132111447476026,1.1124491145995477,14.07574456185489,-0.0188821080376734,-0.0188821080376734
2012,13439,HR,HEALTHCARE REALTY TRUST INC NEW,36.0,,0.011003435877988,,13.109211611204303,0.0274168348893812,0.0274168348893812
2013,13439,HTA,HEALTHCARE TRUST OF AMERICA INC,48.0,0.033280358,0.0096137262678702,,14.239855619391014,0.0479551416597514,0.0479551416597514
2014,13439,HTA,HEALTHCARE TRUST OF AMERICA INC,60.0,0.04148087,0.0145692301625023,0.3496627599245371,14.870553141981029,0.4353992813098788,0.4353992813098788
2015,13439,HTA,HEALTHCARE TRUST OF AMERICA INC,72.0,0.043690726,0.013278501083412,0.1760309296776019,15.002269610468131,0.0473286650646351,0.0473286650646351
2016,13439,HTA,HEALTHCARE TRUST OF AMERICA INC,84.0,0.037210193,0.014951687952032,0.1439689962644644,15.236965737455751,0.1218574037668969,0.1218574037668969
2017,13439,HTA,HEALTHCARE TRUST OF AMERICA INC,96.0,0.039277144,0.0154790355020579,0.1389187514851634,15.516246897854858,0.083572793303599,0.083572793303599
2018,13439,HTA,HEALTHCARE TRUST OF AMERICA INC,108.0,0.043883756,0.0120543708854036,0.1442101062384155,15.514066258781684,-0.1167307221918216,-0.1167307221918216
2019,13439,HTA,HEALTHCARE TRUST OF AMERICA INC,120.0,0.043109566,0.0133224467004168,0.315506695736528,15.594253458936937,0.2492687562392455,0.2492687562392455
2020,13439,HTA,HEALTHCARE TRUST OF AMERICA INC,132.0,0.044770047,0.0126564319441812,0.4746184703565286,15.57696704772566,-0.0561172497291352,-0.0561172497291352
2021,13439,HTA,HEALTHCARE TRUST OF AMERICA INC,144.0,0.045217272,0.0129921599977775,0.5233063399407331,15.683410162404927,0.2675144558109548,0.2675144558109548
2022,13439,HTA,HEALTHCARE TRUST OF AMERICA INC,360.0,0.1540734,0.0138549171804444,0.5457955346531614,15.837981406860266,-0.2809915987527246,-0.2809915987527246
2023,13439,HTA,HEALTHCARE TRUST OF AMERICA INC,372.0,0.1906203,0.0088291565919973,0.6472737067993585,15.737036862290106,-0.0408529610557429,-0.0408529610557429
2024,13439,HTA,HEALTHCARE TRUST OF AMERICA INC,384.0,0.07941887,0.0068305857174303,0.7221774249924637,15.617009162737274,0.0606483762053371,0.0606483762053371
2012,13500,AMRE,AMREIT INC NEW,156.0,,0.0109949738994416,,11.066537788893,0.2479722477063679,0.2479722477063679
2013,13500,AMRE,AMREIT INC NEW,168.0,0.021925852,0.010174987485909,,12.357135383419022,0.0236014788154397,0.0236014788154397
2014,13500,AMRE,AMREIT INC NEW,180.0,0.03727081,0.0120056419566199,0.0499679631294385,12.906530066692044,0.642424162876015,0.642424162876015
2015,13500,AMRE,AMREIT INC NEW,181.0,0.030072208,0.0095919504212798,-0.1936967413500077,13.167771256662936,0.0015,0.0015
2012,13580,SRC,SPIRIT REALTY CAPITAL INC,120.0,,,,14.122198505847711,0.16860473576,0.16860473576
2013,13580,SRC,SPIRIT REALTY CAPITAL INC,126.0,,0.003324797861479,,14.323200490448388,0.0309262604881541,0.0309262604881541
2012,13700,WHLR,WHEELER REAL ESTATE INV TR INC,36.0,,,,9.904620901086131,0.0347999999999999,0.0347999999999999
2013,13700,WHLR,WHEELER REAL ESTATE INV TR INC,48.0,0.05848317,-0.0042232488052357,,10.03560726006788,-0.2447854479674541,-0.2447854479674541
2014,13700,WHLR,WHEELER REAL ESTATE INV TR INC,60.0,0.08290345,-0.0033443398686267,0.6922176427900893,10.41642125375086,0.0118414388615268,0.0118414388615268
2015,13700,WHLR,WHEELER REAL ESTATE INV TR INC,72.0,0.08827123,-0.0061624045564421,0.9787083459350208,10.986441873432646,-0.4567910173818208,-0.4567910173818208
2016,13700,WHLR,WHEELER REAL ESTATE INV TR INC,84.0,0.12551358,-0.0007557375539892,1.1121676595172036,11.5484246810161,0.0097771667990749,0.0097771667990749
2017,13700,WHLR,WHEELER REAL ESTATE INV TR INC,96.0,0.13308193,0.0058599270585615,1.2741092104886789,11.47451524292987,-0.1681008173324747,-0.1681008173324747
2018,13700,WHLR,WHEELER REAL ESTATE INV TR INC,107.0,0.17187637,0.0056126631175666,1.5875215038015598,10.566720495197284,-0.6042861370447684,-0.6042861370447684
2019,13700,WHLR,WHEELER REAL ESTATE INV TR INC,120.0,0.0,0.0078294265897275,3.58610450865195,9.713519185912594,0.840341861997,0.840341861997
2020,13700,WHLR,WHEELER REAL ESTATE INV TR INC,132.0,0.0,0.0069980764080141,2.9332791836520524,9.921586681222946,1.0233536316810323,1.0233536316810323
2021,13700,WHLR,WHEELER REAL ESTATE INV TR INC,144.0,0.0,0.0073478313237191,2.6071930910274443,10.314404544461125,-0.2997341279166838,-0.2997341279166838
2022,13700,WHLR,WHEELER REAL ESTATE INV TR INC,156.0,0.0,0.0029376262955517,2.479610749899585,9.842558620027884,-0.2801581746594274,-0.2801581746594274
2023,13700,WHLR,WHEELER REAL ESTATE INV TR INC,160.0,0.0,0.0066064956676305,2.394307022812375,9.529575215823334,-0.1476799700153499,-0.1476799700153499
2012,13723,RESI,ALTISOURCE RESIDENTIAL CORP,12.0,,,,11.72287775287837,0.0,0.0
2013,13723,RESI,FRONT YARD RESIDENTIAL CORP,24.0,0.006141869,-0.008303510040019,,13.0441996805053,0.924890412276145,0.924890412276145
2014,13723,RESI,FRONT YARD RESIDENTIAL CORP,36.0,0.04730816,0.0186761952274707,2.005306268636162,14.18250940262873,-0.2999380067731604,-0.2999380067731604
2015,13723,RESI,FRONT YARD RESIDENTIAL CORP,48.0,0.13264821,0.0181391311807457,1.974452177259443,13.74642552367718,-0.2850372766939882,-0.2850372766939882
2016,13723,RESI,FRONT YARD RESIDENTIAL CORP,60.0,0.120788775,-0.0045214870467543,2.042590851634034,13.262215554620733,-0.0468233799700921,-0.0468233799700921
2017,13723,RESI,FRONT YARD RESIDENTIAL CORP,72.0,0.051599298,-0.0183533879252829,2.0765174406642,13.418625977134646,0.1261645073229949,0.1261645073229949
2018,13723,RESI,FRONT YARD RESIDENTIAL CORP,84.0,0.059414983,-0.0115137433729529,1.8514579523935817,13.20324110456782,-0.218283807017691,-0.218283807017691
2019,13723,RESI,FRONT YARD RESIDENTIAL CORP,96.0,0.05230253,-0.0045960667444862,1.5108611821338294,13.314055586370229,0.4730873462871878,0.4730873462871878
2020,13723,RESI,FRONT YARD RESIDENTIAL CORP,108.0,0.031171098,-0.0034666610539024,0.7697456835291144,13.34379803376678,0.3310172291995887,0.3310172291995887
2012,13736,SBY,SILVER BAY REALTY TRUST CORP,12.0,,,,13.46300391457769,0.0,0.0
2013,13736,SBY,SILVER BAY REALTY TRUST CORP,24.0,0.0021218418,-0.0052317059561059,,13.42586326615436,-0.1488712248650519,-0.1488712248650519
2014,13736,SBY,SILVER BAY REALTY TRUST CORP,36.0,0.005131805,0.0002293780139103,0.6345197570629958,13.333689666670502,0.045840811931344,0.045840811931344
2015,13736,SBY,SILVER BAY REALTY TRUST CORP,48.0,0.01776628,-0.0077598497393485,0.5680889686407465,13.26567612123456,-0.0267042555452852,-0.0267042555452852
2016,13736,SBY,SILVER BAY REALTY TRUST CORP,60.0,0.032396566,0.0046348290643564,0.610239479774186,13.26760410068206,0.129297956809957,0.129297956809957
2017,13736,SBY,SILVER BAY REALTY TRUST CORP,64.0,0.025926972,0.0055483483958717,0.6626788376368278,13.48214719238481,0.2578575438279251,0.2578575438279251
2013,13752,CONE,CYRUSONE INC,84.0,0.026122931,0.0022389150310993,,13.044220766293492,0.0870125951893072,0.0870125951893072
2014,13752,CONE,CYRUSONE INC,96.0,0.026314566,0.01392508655868,0.9627788606602168,13.513503537565766,0.2775184620709356,0.2775184620709356
2015,13752,CONE,CYRUSONE INC,108.0,0.025631785,0.0138230533220694,0.7903134050931139,14.408809135863082,0.4126705978804534,0.4126705978804534
2016,13752,CONE,CYRUSONE INC,120.0,0.02759924,0.0135788005871382,0.5990473153568953,15.115759202096134,0.2326677712073899,0.2326677712073899
2017,13752,CONE,CYRUSONE INC,132.0,0.026995508,0.0147556461029208,0.5112010697737835,15.44036517435663,0.3708625779454899,0.3708625779454899
2018,13752,CONE,CYRUSONE INC,144.0,0.029754505,0.0178792227534966,0.6002896661779099,15.55693592179076,-0.0821861937646271,-0.0821861937646271
2019,13752,CONE,CYRUSONE INC,156.0,0.029587425,0.0191139501035429,0.4385908130236615,15.737795612801248,0.275956574400096,0.275956574400096
2020,13752,CONE,CYRUSONE INC,168.0,0.027657727,0.0158111506725005,0.2486196639985583,15.929045303968158,0.151068267559562,0.151068267559562
2021,13752,CONE,CYRUSONE INC,180.0,0.026484802,0.0189260043248219,0.1640541482144069,16.05570682420007,0.2602335607121129,0.2602335607121129
2022,13752,CONE,CYRUSONE INC,182.0,0.022127887,0.0178147268408551,0.1386632712397889,16.27909589003349,0.0070078400000002,0.0070078400000002
2013,13756,LAND,GLADSTONE LAND CORP,48.0,0.07754628,0.0033733495636905,,11.535395814342358,0.2141030396287624,0.2141030396287624
2014,13756,LAND,GLADSTONE LAND CORP,60.0,0.089325435,-0.0011188702087636,0.3406258943236244,11.334575534211387,-0.3194833510096777,-0.3194833510096777
2015,13756,LAND,GLADSTONE LAND CORP,72.0,0.036988925,0.0035745410134007,0.6646528474166677,11.380848786450054,-0.1536882082102475,-0.1536882082102475
2016,13756,LAND,GLADSTONE LAND CORP,84.0,0.04516531,0.0044996626414439,1.0439855232255328,11.539386393827444,0.3638292438023172,0.3638292438023172
2017,13756,LAND,GLADSTONE LAND CORP,96.0,0.03704723,0.0046826148918828,1.0276068808375152,11.919535387051944,0.2462483783265916,0.2462483783265916
2018,13756,LAND,GLADSTONE LAND CORP,108.0,0.038129594,0.0041277678500494,1.0385043833423284,12.1831973846255,-0.1081410858114927,-0.1081410858114927
2019,13756,LAND,GLADSTONE LAND CORP,120.0,0.03953546,0.0031586081161609,0.8984070852600792,12.386520598873128,0.1803379992714973,0.1803379992714973
2020,13756,LAND,GLADSTONE LAND CORP,132.0,0.03560808,0.0044613853877378,0.6938668633094839,12.67184319741463,0.1721624220988813,0.1721624220988813
2021,13756,LAND,GLADSTONE LAND CORP,144.0,0.021278365,0.0034674396698622,0.548137167721675,13.42081435594725,1.0233536316810323,1.0233536316810323
2022,13756,LAND,GLADSTONE LAND CORP,156.0,0.021515572,0.004380439340726,0.6103853493331215,13.67311834746681,-0.4442512901290055,-0.4442512901290055
2023,13756,LAND,GLADSTONE LAND CORP,168.0,0.03437016,0.0039844226028932,0.7865210076315661,13.246804170607057,-0.1845042759179777,-0.1845042759179777
2024,13756,LAND,GLADSTONE LAND CORP,180.0,0.042336285,0.0041033674813579,0.8077606030499108,13.066803124640217,-0.2166513767211443,-0.2166513767211443
2013,13803,AVIV,AVIV REIT INC,60.0,,0.0026277782591898,,13.778216753708673,0.0308172649075506,0.0308172649075506
2014,13803,AVIV,AVIV REIT INC,72.0,0.04219557,0.0164561707069147,0.5321989815069726,14.05017930929634,0.5313043553490049,0.5313043553490049
2015,13803,AVIV,AVIV REIT INC,75.0,0.03680062,0.0124849443734218,0.0911596609678247,14.398434925310625,0.0690784128199999,0.0690784128199999
2013,13886,ARPI,AMERICAN RESIDENTIAL PPTYS INC,24.0,,-0.0063362573193749,,13.246624474180544,-0.1293623961995776,-0.1293623961995776
2014,13886,ARPI,AMERICAN RESIDENTIAL PPTYS INC,36.0,0.0,-0.0007516169839845,,13.285202244949517,0.0239743863502319,0.0239743863502319
2015,13886,ARPI,AMERICAN RESIDENTIAL PPTYS INC,48.0,0.004264045,0.0021666228855258,0.5035766679293147,13.261587906351052,0.0880711724060689,0.0880711724060689
2016,13886,ARPI,AMERICAN RESIDENTIAL PPTYS INC,50.0,0.018294867,0.0033888401130882,0.4362836606457303,13.177591884464208,-0.1542992,-0.1542992
2013,13887,AHH,ARMADA HOFFLER PROPERTIES INC,48.0,,0.0165043076325325,,12.174100288761691,-0.1580780348403332,-0.1580780348403332
2014,13887,AHH,ARMADA HOFFLER PROPERTIES INC,60.0,0.06028027,0.0121935053058516,,12.201365249445692,0.0926577904982963,0.0926577904982963
2015,13887,AHH,ARMADA HOFFLER PROPERTIES INC,72.0,0.059323918,0.0124996187583401,0.3855136082995959,12.507620679622155,0.1797647429204363,0.1797647429204363
2016,13887,AHH,ARMADA HOFFLER PROPERTIES INC,84.0,0.049513828,0.013420226902467,0.4711760154770921,12.932682198937274,0.4681933049880855,0.4681933049880855
2017,13887,AHH,ARMADA HOFFLER PROPERTIES INC,96.0,0.04688126,0.0142708341475466,0.4970390203868857,13.287559939428888,0.1249292204304655,0.1249292204304655
2018,13887,AHH,ARMADA HOFFLER PROPERTIES INC,108.0,0.05184235,0.0145715688974465,0.5748661625132049,13.428005200580284,-0.0433612115584696,-0.0433612115584696
2019,13887,AHH,ARMADA HOFFLER PROPERTIES INC,120.0,0.046198603,0.0130330615173076,0.5125115308478257,13.691577161584762,0.3706420638893739,0.3706420638893739
2020,13887,AHH,ARMADA HOFFLER PROPERTIES INC,132.0,0.061471526,0.0119767210318155,0.6806045635130556,13.333480868309843,-0.3623670999669222,-0.3623670999669222
2021,13887,AHH,ARMADA HOFFLER PROPERTIES INC,144.0,0.036560517,0.0108975229420093,0.7680364724840713,13.58868474743484,0.4215492462230954,0.4215492462230954
2022,13887,AHH,ARMADA HOFFLER PROPERTIES INC,156.0,0.049836222,0.0113537048099604,0.7925553268765642,13.684186991308543,-0.198363042078613,-0.198363042078613
2023,13887,AHH,ARMADA HOFFLER PROPERTIES INC,168.0,0.06541631,0.0111579501004611,0.8668940495202176,13.571416090871343,0.150358089471861,0.150358089471861
2024,13887,AHH,ARMADA HOFFLER PROPERTIES INC,180.0,0.06988601,0.0103488523209545,0.950713891896659,13.57180076137719,-0.1074893379467392,-0.1074893379467392
2013,13982,COLE,COLE REAL ESTATE INVESTMENTS INC,48.0,,0.0103342012487574,,15.599324999154472,0.2625804889475047,0.2625804889475047
2014,13982,COLE,COLE REAL ESTATE INVESTMENTS INC,49.0,,0.0096333038592736,,15.792490025277433,0.0832999999999999,0.0832999999999999
2013,14037,REXR,REXFORD INDUSTRIAL REALTY INC,36.0,,0.0086681414876662,,12.755100395611665,-0.0442160636575974,-0.0442160636575974
2014,14037,REXR,REXFORD INDUSTRIAL REALTY INC,48.0,0.026193162,0.0067772825527504,,13.031939665938047,0.2302195146827528,0.2302195146827528
2015,14037,REXR,REXFORD INDUSTRIAL REALTY INC,60.0,0.027218282,0.0091453417533033,0.6415406204577064,13.630374206861502,0.0769350681380387,0.0769350681380387
2016,14037,REXR,REXFORD INDUSTRIAL REALTY INC,72.0,0.024242608,0.0104728224606244,0.6264028412228205,14.06631122669105,0.4541067695187974,0.4541067695187974
2017,14037,REXR,REXFORD INDUSTRIAL REALTY INC,84.0,0.026649019,0.0104750979660823,0.6339290905167465,14.447612903061136,0.3022305713339266,0.3022305713339266
2018,14037,REXR,REXFORD INDUSTRIAL REALTY INC,96.0,0.022462567,0.0106071679634033,0.6138874549337885,14.768480965903036,0.0321134209498621,0.0321134209498621
2019,14037,REXR,REXFORD INDUSTRIAL REALTY INC,108.0,0.015337929,0.0106188860409393,0.694336838960354,15.264599014512653,0.5775958284552309,0.5775958284552309
2020,14037,REXR,REXFORD INDUSTRIAL REALTY INC,120.0,0.016590536,0.0109678074539203,0.5130083431850295,15.508931827466167,0.0964092188273391,0.0964092188273391
2021,14037,REXR,REXFORD INDUSTRIAL REALTY INC,132.0,0.014563676,0.0106351556437494,0.3741336125833621,15.915380895735789,0.6783513722650023,0.6783513722650023
2022,14037,REXR,REXFORD INDUSTRIAL REALTY INC,144.0,0.016247356,0.0110230955323016,0.4478462202806332,16.177754853576932,-0.3117086156786021,-0.3117086156786021
2023,14037,REXR,REXFORD INDUSTRIAL REALTY INC,156.0,0.023806764,0.0108520218016833,0.587009789078748,16.220591115636363,0.0561490396194719,0.0561490396194719
2024,14037,REXR,REXFORD INDUSTRIAL REALTY INC,168.0,0.03347004,0.0112427961875517,0.6691874664825268,16.135052013992766,-0.2852456396133466,-0.2852456396133466
2013,14039,SRC,SPIRIT REALTY CAPITAL INC NEW,132.0,,0.0067388599376624,,15.045497304274663,0.1109868748035158,0.1109868748035158
2014,14039,SRC,SPIRIT REALTY CAPITAL INC NEW,144.0,0.0521499,0.0075744286150779,,15.294766491200669,0.2828133284768663,0.2828133284768663
2015,14039,SRC,SPIRIT REALTY CAPITAL INC NEW,156.0,0.06086113,0.0078152564773696,0.4978446476457864,15.337858360616815,-0.0987188999376112,-0.0987188999376112
2016,14039,SRC,SPIRIT REALTY CAPITAL INC NEW,168.0,0.056695968,0.0115612390016484,0.4601275427021679,15.526680522171157,0.1492505706966671,0.1492505706966671
2017,14039,SRC,SPIRIT REALTY CAPITAL INC NEW,180.0,0.08343396,0.012994631150033,0.4877567252308204,15.234275232823007,-0.1413873367370014,-0.1413873367370014
2018,14039,SRC,SPIRIT REALTY CAPITAL INC NEW,192.0,0.09262249,0.0128164295542146,0.4896711426352242,15.05628350252272,-0.0056903127929182,-0.0056903127929182
2019,14039,SRC,SPIRIT REALTY CAPITAL INC NEW,204.0,0.05949183,0.0145193241709688,0.4394646149001662,15.225767866404984,0.4754807992916403,0.4754807992916403
2020,14039,SRC,SPIRIT REALTY CAPITAL INC NEW,216.0,0.06931122,0.013154582486882,0.916901039374928,15.106833920614053,-0.1191941866507044,-0.1191941866507044
2021,14039,SRC,SPIRIT REALTY CAPITAL INC NEW,228.0,0.051309645,0.0107416751685848,1.128736148102624,15.501705701519748,0.2668023329839961,0.2668023329839961
2022,14039,SRC,SPIRIT REALTY CAPITAL INC NEW,240.0,0.0574992,0.0157457846467756,1.121842935861891,15.536956474513897,-0.1157072686036004,-0.1157072686036004
2023,14039,SRC,SPIRIT REALTY CAPITAL INC NEW,252.0,0.06599546,0.0149801000066936,1.1129580703887303,15.533293849907638,0.1716017766408395,0.1716017766408395
2013,14071,IRT,INDEPENDENCE REALTY TRUST INC,48.0,,0.0088218925845259,,11.299021264723551,0.0306633694435742,0.0306633694435742
2014,14071,IRT,INDEPENDENCE REALTY TRUST INC,60.0,0.048781496,0.0100483584635529,,12.22385059068003,0.2062751952286379,0.2062751952286379
2015,14071,IRT,INDEPENDENCE REALTY TRUST INC,72.0,0.07175384,0.0074365726592044,0.3780558110688702,12.636842976596988,-0.1198573876093492,-0.1198573876093492
2016,14071,IRT,INDEPENDENCE REALTY TRUST INC,84.0,0.077848025,0.010614121030924,0.8008151226295378,12.971097786876925,0.2997070688965122,0.2997070688965122
2017,14071,IRT,INDEPENDENCE REALTY TRUST INC,96.0,0.06562466,-0.0004865265437237,0.8429340510544637,13.487755748858772,0.2173326047393122,0.2173326047393122
2018,14071,IRT,INDEPENDENCE REALTY TRUST INC,108.0,0.05993271,0.0077991469109479,0.7851029150488867,13.642838675205466,-0.0203419833810095,-0.0203419833810095
2019,14071,IRT,INDEPENDENCE REALTY TRUST INC,120.0,0.061783057,0.0092150099934592,0.7498613781561447,13.920360055511225,0.6239760759094883,0.6239760759094883
2020,14071,IRT,INDEPENDENCE REALTY TRUST INC,132.0,0.052091822,0.0082728149995981,0.9178229894295514,13.915005460963243,-0.0003798480529438,-0.0003798480529438
2021,14071,IRT,INDEPENDENCE REALTY TRUST INC,144.0,0.027111962,0.0103130310997721,0.7894091057187214,14.46841139370379,0.9711324367616452,0.9711324367616452
2022,14071,IRT,INDEPENDENCE REALTY TRUST INC,156.0,0.019286146,0.0064556815865352,0.8014661958500652,15.295216601651042,-0.3288552306436879,-0.3288552306436879
2023,14071,IRT,INDEPENDENCE REALTY TRUST INC,168.0,0.036145654,0.0101864744731111,0.8800874478882029,15.0990695024812,-0.0562846225564851,-0.0562846225564851
2024,14071,IRT,INDEPENDENCE REALTY TRUST INC,180.0,0.035491858,0.0106752446364424,0.9559103993340876,15.222128657444472,0.3417998846366139,0.3417998846366139
2013,14181,BRX,BRIXMOR PROPERTY GROUP INC,24.0,,,,15.341084203693311,-0.0155687199999999,-0.0155687199999999
2014,14181,BRX,BRIXMOR PROPERTY GROUP INC,36.0,0.024124121,0.0107665778836752,,15.5351429184642,0.261572903842725,0.261572903842725
2015,14181,BRX,BRIXMOR PROPERTY GROUP INC,48.0,0.032595467,0.0142793082736442,0.2534757272560576,15.814691330314336,0.0772773671960578,0.0772773671960578
2016,14181,BRX,BRIXMOR PROPERTY GROUP INC,60.0,0.036435645,0.016347988568411,0.3057688759393339,15.87168517884802,-0.0185919074408018,-0.0185919074408018
2017,14181,BRX,BRIXMOR PROPERTY GROUP INC,72.0,0.052198563,0.0168980555236518,0.3479330560246591,15.600734355602215,-0.1951934975658625,-0.1951934975658625
2018,14181,BRX,BRIXMOR PROPERTY GROUP INC,84.0,0.06660249,0.0172412130989535,0.3843821008689986,15.410936817544622,-0.1579492710058668,-0.1579492710058668
2019,14181,BRX,BRIXMOR PROPERTY GROUP INC,96.0,0.05904073,0.0161608872169907,0.6770969399282349,15.550583986763783,0.5608773839409846,0.5608773839409846
2020,14181,BRX,BRIXMOR PROPERTY GROUP INC,108.0,0.07245721,0.0171235076283954,1.2344895644319778,15.17179438323536,-0.2039029861130568,-0.2039029861130568
2021,14181,BRX,BRIXMOR PROPERTY GROUP INC,120.0,0.027474603,0.0127980997056955,1.5679171880495193,15.69090308155632,0.5990381215721572,0.5990381215721572
2022,14181,BRX,BRIXMOR PROPERTY GROUP INC,132.0,0.040303137,0.0161219406299334,1.5035137615125092,15.740811597996334,-0.0709637133374773,-0.0709637133374773
2023,14181,BRX,BRIXMOR PROPERTY GROUP INC,144.0,0.04625686,0.0176381788306086,1.4526431459508204,15.69608179724969,0.075935144274738,0.075935144274738
2024,14181,BRX,BRIXMOR PROPERTY GROUP INC,156.0,0.042934638,0.01865351501632,1.4180650332635067,15.835656801947778,0.2517442148779161,0.2517442148779161
2013,14184,CXP,COLUMBIA PROPERTY TRUST INC,96.0,,,,14.965182177320369,0.1231027100000001,0.1231027100000001
2014,14184,CXP,COLUMBIA PROPERTY TRUST INC,108.0,0.04842926,0.0131595675350992,,14.990768552144688,0.0617795065133814,0.0617795065133814
2015,14184,CXP,COLUMBIA PROPERTY TRUST INC,120.0,0.048826847,0.0123676469788076,1.0291764966027677,14.939768459262057,-0.0273595239425327,-0.0273595239425327
2016,14184,CXP,COLUMBIA PROPERTY TRUST INC,132.0,0.055151816,0.0118759155731694,0.9637797351391958,14.809783128578555,-0.0271609030104591,-0.0271609030104591
2017,14184,CXP,COLUMBIA PROPERTY TRUST INC,144.0,0.04472964,0.0095694975568316,0.9945082079375868,14.8079213967678,0.1013280548742912,0.1013280548742912
2018,14184,CXP,COLUMBIA PROPERTY TRUST INC,156.0,0.03693773,0.0082159056016818,0.960048621711908,14.771043154536436,-0.1257958151859561,-0.1257958151859561
2019,14184,CXP,COLUMBIA PROPERTY TRUST INC,168.0,0.036682196,0.0122017579012324,0.8975508676522411,14.736177489610087,0.1222880159508097,0.1222880159508097
2020,14184,CXP,COLUMBIA PROPERTY TRUST INC,180.0,0.06421658,0.0093650109169221,1.0279748720017852,14.258293467389016,-0.271695615196776,-0.271695615196776
2021,14184,CXP,COLUMBIA PROPERTY TRUST INC,191.0,0.048546817,0.0045654830986739,1.123371448927417,14.4867357582067,0.3925396426635581,0.3925396426635581
2013,14196,ESRT,EMPIRE STATE REALTY TRUST INC,72.0,,,,14.12471024350002,0.08686316,0.08686316
2014,14196,ESRT,EMPIRE STATE REALTY TRUST INC,84.0,0.018877458,0.0331800864376387,,14.24240201309739,0.1735384106196285,0.1735384106196285
2015,14196,ESRT,EMPIRE STATE REALTY TRUST INC,96.0,0.017815402,0.0182410167986007,0.4736070617110183,14.502096503911805,0.0476349372461404,0.0476349372461404
2016,14196,ESRT,EMPIRE STATE REALTY TRUST INC,108.0,0.017469646,0.0194792911015554,0.7834814599548102,14.709208076371596,0.1406292849960211,0.1406292849960211
2017,14196,ESRT,EMPIRE STATE REALTY TRUST INC,120.0,0.018689975,0.0177364560145587,0.8363885530833984,14.991655850301186,0.0378712988159324,0.0378712988159324
2018,14196,ESRT,EMPIRE STATE REALTY TRUST INC,132.0,0.024330022,0.0174857839196091,0.8600617210916491,14.837599009792436,-0.2885904727456646,-0.2885904727456646
2019,14196,ESRT,EMPIRE STATE REALTY TRUST INC,144.0,0.027772339,0.0167497305331524,0.7652873205411409,14.773369912695282,0.0093984503748363,0.0093984503748363
2020,14196,ESRT,EMPIRE STATE REALTY TRUST INC,156.0,0.049825385,0.0156192856318914,0.770947565997068,14.146654653820804,-0.3145056184693938,-0.3145056184693938
2021,14196,ESRT,EMPIRE STATE REALTY TRUST INC,168.0,0.009438765,0.0088993458742343,1.1571629237801588,14.405295862181452,-0.0353948039225575,-0.0353948039225575
2022,14196,ESRT,EMPIRE STATE REALTY TRUST INC,180.0,0.017666273,0.0116544052125575,1.122915525529839,14.085937110616811,-0.2282859611131812,-0.2282859611131812
2023,14196,ESRT,EMPIRE STATE REALTY TRUST INC,192.0,0.01836381,0.013701430904529,1.2554263964492205,14.0366695776562,0.463671698203606,0.463671698203606
2024,14196,ESRT,EMPIRE STATE REALTY TRUST INC,204.0,0.013642855,0.0149299695190885,1.3577116965586884,14.325903956061412,0.0799321777964086,0.0799321777964086
2013,14220,QTS,Q T S REALTY TRUST INC,48.0,,,,13.351925536047816,0.1648078100000001,0.1648078100000001
2014,14220,QTS,Q T S REALTY TRUST INC,60.0,0.032686822,0.0174808044112167,,13.629818723444863,0.4209646298990708,0.4209646298990708
2015,14220,QTS,Q T S REALTY TRUST INC,72.0,0.027042637,0.0168623668737058,0.1705394384825276,14.212637228775726,0.3758826285811338,0.3758826285811338
2016,14220,QTS,Q T S REALTY TRUST INC,84.0,0.025589013,0.0159962831630739,0.0533277202409285,14.655065523224607,0.1319628870429146,0.1319628870429146
2017,14220,QTS,Q T S REALTY TRUST INC,96.0,0.027733168,0.016756950660838,0.1361826010741832,14.764098384830804,0.1241977056606378,0.1241977056606378
2018,14220,QTS,Q T S REALTY TRUST INC,108.0,0.03986084,0.0130237767028793,0.4010406358389699,14.516328083282508,-0.2863827246579384,-0.2863827246579384
2019,14220,QTS,Q T S REALTY TRUST INC,120.0,0.034380633,0.0103982616608538,0.5291517118217299,14.779825181069464,0.5183982939812606,0.5183982939812606
2020,14220,QTS,Q T S REALTY TRUST INC,132.0,0.027811803,0.0129326022745523,0.372269510285769,15.14723071689344,0.1753799251017493,0.1753799251017493
2021,14220,QTS,Q T S REALTY TRUST INC,140.0,0.025621567,0.0123890075807784,0.3319732787671312,15.373068919631836,0.2784689459887988,0.2784689459887988
2014,14252,GLPI,GAMING & LEISURE PROPERTIES INC,84.0,0.3682568,0.0159169083510477,,15.122049468714602,-0.0892075988646962,-0.0892075988646962
2015,14252,GLPI,GAMING & LEISURE PROPERTIES INC,96.0,0.07543534,0.0214392499615006,0.7373320195021501,15.12522284374552,0.0134775335851622,0.0134775335851622
2016,14252,GLPI,GAMING & LEISURE PROPERTIES INC,108.0,0.05822679,0.0225077153113803,0.8521388942363771,15.542821314705884,0.187497679340209,0.187497679340209
2017,14252,GLPI,GAMING & LEISURE PROPERTIES INC,120.0,0.06501543,0.0152858876398441,0.7326023401538491,15.834876714295817,0.2943387834909601,0.2943387834909601
2018,14252,GLPI,GAMING & LEISURE PROPERTIES INC,132.0,0.07093915,0.0166184834536254,0.6928170943405383,15.817703362767494,-0.0590931923944801,-0.0590931923944801
2019,14252,GLPI,GAMING & LEISURE PROPERTIES INC,144.0,0.06759958,0.0150436127820279,0.656252442812079,15.947769160851832,0.4267743781328432,0.4267743781328432
2020,14252,GLPI,GAMING & LEISURE PROPERTIES INC,156.0,0.06118901,0.0181600211795249,0.8954667550278649,15.90341876786436,0.0631420932368911,0.0631420932368911
2021,14252,GLPI,GAMING & LEISURE PROPERTIES INC,168.0,0.032744724,0.0202753855530482,0.8734628684024307,16.198130439697348,0.22142908701742,0.22142908701742
2022,14252,GLPI,GAMING & LEISURE PROPERTIES INC,180.0,0.060117852,0.019356746978264,0.905203344514252,16.304686781484545,0.1357964541573677,0.1357964541573677
2023,14252,GLPI,GAMING & LEISURE PROPERTIES INC,192.0,0.061483424,0.0220786763109912,0.8519266401726676,16.377786911735416,0.0097999394943184,0.0097999394943184
2024,14252,GLPI,GAMING & LEISURE PROPERTIES INC,204.0,0.06246291,0.0219297095709091,0.8474134290328053,16.381955999021475,0.0398487920014816,0.0398487920014816
2013,14268,AHP,ASHFORD HOSPITALITY PRIME INC,72.0,,,,12.64856881996926,-0.1079999999999999,-0.1079999999999999
2014,14268,BHR,BRAEMAR HOTELS & RESORTS INC,84.0,0.010959164,0.0024988232440221,,12.927640041687988,-0.0452145995036996,-0.0452145995036996
2015,14268,BHR,BRAEMAR HOTELS & RESORTS INC,96.0,0.016052736,0.0091495982741543,0.2502637372590541,12.883125151374964,-0.1347655242972654,-0.1347655242972654
2016,14268,BHR,BRAEMAR HOTELS & RESORTS INC,108.0,0.032966334,0.0061781945388194,1.010434622051752,12.7480468689383,-0.0260204695347778,-0.0260204695347778
2017,14268,BHR,BRAEMAR HOTELS & RESORTS INC,120.0,0.05065443,0.006241529468837,1.0507802097636751,12.679208842696598,-0.240466173854263,-0.240466173854263
2018,14268,BHR,BRAEMAR HOTELS & RESORTS INC,132.0,0.06218156,0.0086846139094518,0.992728457164486,12.715798005627,-0.0240492138967453,-0.0240492138967453
2019,14268,BHR,BRAEMAR HOTELS & RESORTS INC,144.0,0.061823633,0.0043624448930849,1.2814301731852993,12.741333496229243,0.076733133673511,0.076733133673511
2020,14268,BHR,BRAEMAR HOTELS & RESORTS INC,156.0,0.10559019,0.0027001572918999,2.3328233954189037,11.646725945751845,-0.4837457569940503,-0.4837457569940503
2021,14268,BHR,BRAEMAR HOTELS & RESORTS INC,168.0,0.0,-0.0092805922570717,2.838814955535344,12.551399868244266,0.1063034776565117,0.1063034776565117
2022,14268,BHR,BRAEMAR HOTELS & RESORTS INC,180.0,0.0047004544,0.0066120782227974,2.6753206008135533,12.764711611383213,-0.1791102786637611,-0.1791102786637611
2023,14268,BHR,BRAEMAR HOTELS & RESORTS INC,192.0,0.05038448,0.0066228147687726,2.546660430187783,12.325214996467594,-0.3522828644012719,-0.3522828644012719
2024,14268,BHR,BRAEMAR HOTELS & RESORTS INC,204.0,0.07281476,0.0014464965948172,2.4420433903130614,12.126070016309288,0.2956624478427418,0.2956624478427418
2013,14279,STAY,EXTENDED STAY AMERICA INC,217.0,,,,15.45536856681608,0.0428999999999999,0.0428999999999999
2014,14279,STAY,EXTENDED STAY AMERICA INC,229.0,0.02211341,0.013493014781173,,15.34123720339178,-0.246236082390543,-0.246236082390543
2015,14279,STAY,EXTENDED STAY AMERICA INC,241.0,0.034441948,0.0196233134392248,0.7269136263058692,15.153045877412806,-0.1336899675718289,-0.1336899675718289
2016,14279,STAY,EXTENDED STAY AMERICA INC,253.0,0.06394576,0.0264063753803569,1.1762769780982425,14.90877329734081,0.0667490803992805,0.0667490803992805
2017,14279,STAY,EXTENDED STAY AMERICA INC,265.0,0.043697137,0.0229217535663239,1.1020005403727426,15.078985500417518,0.2316299343708376,0.2316299343708376
2018,14279,STAY,EXTENDED STAY AMERICA INC,277.0,0.044481453,0.0253716498657379,1.097436910172406,15.121003126094209,-0.1478193483025235,-0.1478193483025235
2019,14279,STAY,EXTENDED STAY AMERICA INC,289.0,0.05627741,0.0259889163801559,1.172380191492789,14.916349852453893,0.0151819193122564,0.0151819193122564
2020,14279,STAY,EXTENDED STAY AMERICA INC,301.0,0.0607331,0.0209847938645819,1.5206519515918948,14.535191474616036,0.030336118855113,0.030336118855113
2021,14279,STAY,EXTENDED STAY AMERICA INC,306.0,0.030042524,0.0140668276602843,1.4807559792731422,14.971671196280164,0.3689209022951667,0.3689209022951667
2013,14334,CTT,CATCHMARK TIMBER TRUST INC,96.0,,,,12.17756668385744,0.0,0.0
2014,14334,CTT,CATCHMARK TIMBER TRUST INC,108.0,0.027502501,-0.0056693849731696,,12.538719618880329,-0.1570020186447291,-0.1570020186447291
2015,14334,CTT,CATCHMARK TIMBER TRUST INC,120.0,0.03893515,0.0011441677075583,1.019763264114988,12.979734373687094,0.0441681705975887,0.0441681705975887
2016,14334,CTT,CATCHMARK TIMBER TRUST INC,132.0,0.046099853,-0.0017696730486056,0.7250103473670494,12.980551867652908,0.0443699869024689,0.0443699869024689
2017,14334,CTT,CATCHMARK TIMBER TRUST INC,144.0,0.04501393,-0.0015854908125547,0.7284624011107169,13.059876171484738,0.2213086193702191,0.2213086193702191
2018,14334,CTT,CATCHMARK TIMBER TRUST INC,156.0,0.045154314,-0.000704965279108,0.7953937815870983,13.203200659202189,-0.4327939205808094,-0.4327939205808094
2019,14334,CTT,CATCHMARK TIMBER TRUST INC,168.0,0.052490596,-0.0294129006214552,1.3006799557166406,13.132511924083364,0.7036250689069132,0.7036250689069132
2020,14334,CTT,CATCHMARK TIMBER TRUST INC,180.0,0.061069623,-0.0203962171534596,1.135703439660889,12.983355122687426,-0.134319173925263,-0.134319173925263
2021,14334,CTT,CATCHMARK TIMBER TRUST INC,192.0,0.051780898,0.0004437626813839,1.0813521781172424,13.128341997007375,-0.0260778075454511,-0.0260778075454511
2022,14334,CTT,CATCHMARK TIMBER TRUST INC,200.0,0.041753203,0.0063748677154664,1.0151696427265415,13.041092207504349,0.2425396521504734,0.2425396521504734
2014,14500,BRG,BLUEROCK RESIDENTIAL GR REIT INC,48.0,,-0.0048286032488424,,11.11114981661536,-0.0822139087675869,-0.0822139087675869
2015,14500,BRG,BLUEROCK RESIDENTIAL GR REIT INC,60.0,0.059240043,-0.002475130491195,0.337879491887253,12.214307927916408,0.0456200457074711,0.0456200457074711
2016,14500,BRG,BLUEROCK RESIDENTIAL GR REIT INC,72.0,0.093083955,0.0030387922963879,0.6140549178883001,12.36962805978868,0.2747713650263816,0.2747713650263816
2017,14500,BRG,BLUEROCK RESIDENTIAL GR REIT INC,84.0,0.08998418,-0.0006156982589434,0.6633208833756735,12.5635471450529,-0.1874361371166482,-0.1874361371166482
2018,14500,BRG,BLUEROCK RESIDENTIAL GR REIT INC,96.0,0.09441,-0.0069652188677373,0.6670717416910806,12.272524626731952,-0.0419347516563983,-0.0419347516563983
2019,14500,BRG,BLUEROCK RESIDENTIAL GR REIT INC,108.0,0.057304602,0.0001141207070184,0.5743030796862826,12.492055831570871,0.4125069602784326,0.4125069602784326
2020,14500,BRG,BLUEROCK RESIDENTIAL GR REIT INC,120.0,0.08022515,-0.0012106068604379,0.9918267365877776,12.20211349557504,0.1419465340751478,0.1419465340751478
2021,14500,BRG,BLUEROCK RESIDENTIAL GR REIT INC,132.0,0.053462014,-0.0033842651436706,0.9936258312824529,12.654643955872148,1.0233536316810323,1.0233536316810323
2022,14500,BRG,BLUEROCK RESIDENTIAL GR REIT INC,141.0,0.022474313,-0.0044945856157459,0.8040972114674246,13.563605326823543,0.0262682187854799,0.0262682187854799
2014,14559,CIO,CITY OFFICE REIT INC,36.0,,0.0049261264143696,,11.46262644271227,0.0743394086150956,0.0743394086150956
2015,14559,CIO,CITY OFFICE REIT INC,48.0,0.06402635,0.00467520267747,0.128320617160436,11.925726469231256,0.0075757137560861,0.0075757137560861
2016,14559,CIO,CITY OFFICE REIT INC,60.0,0.059321586,0.0029643495020398,0.0457532702510387,12.419012509218556,0.1669906907902698,0.1669906907902698
2017,14559,CIO,CITY OFFICE REIT INC,72.0,0.06648406,0.0092095691535545,0.0655180344224884,12.882035203505689,0.062962347159974,0.062962347159974
2018,14559,CIO,CITY OFFICE REIT INC,84.0,0.074706316,0.0097747492406595,0.2607899293534411,12.965326045211844,-0.1469030429884054,-0.1469030429884054
2019,14559,CIO,CITY OFFICE REIT INC,96.0,0.06948766,0.0096987277122047,0.5146210333090938,13.189021985736677,0.423640329904053,0.423640329904053
2020,14559,CIO,CITY OFFICE REIT INC,108.0,0.095803976,0.0106876901470747,1.096337986746352,12.980560263175224,-0.2227851284055625,-0.2227851284055625
2021,14559,CIO,CITY OFFICE REIT INC,120.0,0.047433674,0.0120147231020692,1.436919946951982,13.282157332694569,1.0233536316810323,1.0233536316810323
2022,14559,CIO,CITY OFFICE REIT INC,132.0,0.060948566,0.0111737569039463,1.469705201013214,13.210089892629712,-0.5499833644822911,-0.5499833644822911
2023,14559,CIO,CITY OFFICE REIT INC,144.0,0.13298695,0.0095399482209143,1.5748065221605685,12.32985032687135,-0.1956871728557617,-0.1956871728557617
2024,14559,CIO,CITY OFFICE REIT INC,156.0,0.08057397,0.008353267398277,1.8127825492331164,12.267196798746827,-0.0255494255931784,-0.0255494255931784
2014,14566,FPI,FARMLAND PARTNERS INC,36.0,,-0.0024362369532995,,11.19978868074108,-0.2332805135515866,-0.2332805135515866
2015,14566,FPI,FARMLAND PARTNERS INC,48.0,0.032910656,-0.0015453194287946,0.4122854897730597,11.569397293356204,0.1011563196595632,0.1011563196595632
2016,14566,FPI,FARMLAND PARTNERS INC,60.0,0.040066577,0.0012238199494465,0.3976958151913296,11.900188122770295,0.0647985741203658,0.0647985741203658
2017,14566,FPI,FARMLAND PARTNERS INC,72.0,0.03985231,0.0034251689430579,0.4717368915473005,12.603569496549689,-0.1788460287551411,-0.1788460287551411
2018,14566,FPI,FARMLAND PARTNERS INC,84.0,0.0671303,0.0045372064075219,0.5465090306019024,12.358252067773364,-0.4512851700964397,-0.4512851700964397
2019,14566,FPI,FARMLAND PARTNERS INC,96.0,0.041114643,0.0040983290834715,0.9760256435819632,12.17662087503315,0.5383189909723878,0.5383189909723878
2020,14566,FPI,FARMLAND PARTNERS INC,108.0,0.029709712,0.0036553601190596,0.7048764486727191,12.22365617635507,0.3205742894736589,0.3205742894736589
2021,14566,FPI,FARMLAND PARTNERS INC,120.0,0.01528166,0.0025342940954874,0.8548356456763972,12.908773914591984,0.3970144884732824,0.3970144884732824
2022,14566,FPI,FARMLAND PARTNERS INC,132.0,0.01337264,0.0021822994785535,0.7888093229133745,13.4263705430238,0.0611714450032696,0.0611714450032696
2023,14566,FPI,FARMLAND PARTNERS INC,144.0,0.02324625,0.0034179491462783,0.7802500761023726,13.2673637590486,0.0401482287145591,0.0401482287145591
2024,14566,FPI,FARMLAND PARTNERS INC,156.0,0.04587583,0.0025077669592941,0.6547432956525968,13.199070611355973,0.0512769332671412,0.0512769332671412
2014,14575,NYRT,NEW YORK REIT INC,36.0,,0.0061265656437527,,14.374580595445922,0.0156640867056365,0.0156640867056365
2015,14575,NYRT,NEW YORK REIT INC,48.0,0.043413818,0.0010406276658788,0.4786223549842909,14.337391940612656,0.1351677411964951,0.1351677411964951
2016,14575,NYRT,NEW YORK REIT INC,60.0,0.046388727,0.0071651468922491,0.6015763488937288,14.280403907989056,-0.0840737870429475,-0.0840737870429475
2017,14575,NYRT,NEW YORK REIT INC,72.0,0.093399696,0.0017297042648351,0.5153540609136587,14.09173241509871,-0.3127763856714576,-0.3127763856714576
2018,14575,NYRT,NEW YORK REIT INC,82.0,1.101834,-0.0004181417779388,0.4109544408140337,12.669670734000649,0.1134129123176899,0.1134129123176899
2014,14598,HCT,AMERICAN REALTY CAP HLTHCR TR IN,60.0,,0.0102407400863778,,14.4335605601395,0.191650528396909,0.191650528396909
2014,14638,WPG,WASHINGTON PRIME GROUP INC,60.0,,0.0303032291416637,,14.859157488382856,-0.1103872880059444,-0.1103872880059444
2015,14638,WPG,WASHINGTON PRIME GROUP INC NEW,72.0,0.0700457,0.017464571565969,,14.730480795084048,-0.3347683405562419,-0.3347683405562419
2016,14638,WPG,WASHINGTON PRIME GROUP INC NEW,84.0,0.09061099,0.0176686300454649,0.9404971608875792,14.494669716908122,0.0764584457086334,0.0764584457086334
2017,14638,WPG,WASHINGTON PRIME GROUP INC NEW,96.0,0.1259703,0.0195125818019986,1.0929087712152816,14.248977275081096,-0.225136308787642,-0.225136308787642
2018,14638,WPG,WASHINGTON PRIME GROUP INC NEW,108.0,0.14843182,0.0246799639651661,1.056432293240468,14.04941810897669,-0.2136271103727066,-0.2136271103727066
2019,14638,WPG,WASHINGTON PRIME GROUP INC NEW,120.0,0.23594058,0.0210401525111295,1.2158421951556777,13.594768098644272,-0.0522897421499976,-0.0522897421499976
2020,14638,WPG,WASHINGTON PRIME GROUP INC NEW,132.0,0.24730088,0.0129553445947281,1.59855252161022,12.591698476641708,-0.066636334301651,-0.066636334301651
2021,14638,WPG,WASHINGTON PRIME GROUP INC NEW,140.0,0.032450147,0.0032246268734052,2.1355964337015534,11.15367344316294,-0.6042861370447684,-0.6042861370447684
2014,14651,CTRE,CARETRUST REIT INC,60.0,,0.0132608283044022,,12.830953450856583,-0.0741021606034435,-0.0741021606034435
2015,14651,CTRE,CARETRUST REIT INC,72.0,0.38874954,0.013439751918623,,13.03240649776152,-0.0636465320535006,-0.0636465320535006
2016,14651,CTRE,CARETRUST REIT INC,84.0,0.04325947,0.0150198811083637,0.9205421175725572,13.538299183081248,0.4679451264913585,0.4679451264913585
2017,14651,CTRE,CARETRUST REIT INC,96.0,0.036809046,0.0192025742042479,0.8363157401277443,14.066833312870264,0.1402785034252047,0.1402785034252047
2018,14651,CTRE,CARETRUST REIT INC,108.0,0.046079192,0.0145128233776061,0.8978928026614117,14.080314278103693,0.157958178333649,0.157958178333649
2019,14651,CTRE,CARETRUST REIT INC,120.0,0.034797955,0.0200887996979677,0.8325898320749724,14.582312826020075,0.1626382603637888,0.1626382603637888
2020,14651,CTRE,CARETRUST REIT INC,132.0,0.051124036,0.0192583716850664,0.8871662869213401,14.38533828991052,0.1375083013236697,0.1375083013236697
2021,14651,CTRE,CARETRUST REIT INC,144.0,0.045747593,0.0224269245768723,0.8825189754042221,14.582490945424254,0.0790282126247972,0.0790282126247972
2022,14651,CTRE,CARETRUST REIT INC,156.0,0.05675566,0.0181122355604201,0.9221379494206222,14.425984936931416,-0.1369238575410892,-0.1369238575410892
2023,14651,CTRE,CARETRUST REIT INC,168.0,0.05220647,0.0196574925051236,0.9080599945976924,14.55927565014088,0.2716631775527565,0.2716631775527565
2024,14651,CTRE,CARETRUST REIT INC,180.0,0.036004785,0.0188461090414694,0.8401363626130482,15.185983950947923,0.2624208128063905,0.2624208128063905
2017,14686,CLNS,COLONY NORTHSTAR INC,108.0,0.084314734,0.002472019958209,1.2373486058708605,15.622598706367834,-0.1101743771273449,-0.1101743771273449
2018,14686,NSAM,NORTHSTAR ASSET MANAGEMENT GROUP,120.0,0.12963401,0.0013507940003392,1.0994550137880144,14.976485425025446,-0.5565592857544969,-0.5565592857544969
2019,14686,NSAM,NORTHSTAR ASSET MANAGEMENT GROUP,132.0,0.08420696,-0.0002870771166696,1.325832848557303,14.760431080144503,0.1030269237759549,0.1030269237759549
2020,14686,NSAM,NORTHSTAR ASSET MANAGEMENT GROUP,144.0,0.12684636,-0.0027450594406903,1.6408075760024643,14.159012343863742,0.0763341355933531,0.0763341355933531
2021,14686,NSAM,NORTHSTAR ASSET MANAGEMENT GROUP,156.0,0.0034260992,-0.0032968888989346,1.7174620262075015,15.020305317910436,0.731661536456917,0.731661536456917
2022,14686,NSAM,NORTHSTAR ASSET MANAGEMENT GROUP,168.0,0.0003453128,0.0019948759995491,1.7023910883627844,14.888763832588635,-0.6042861370447684,-0.6042861370447684
2023,14686,NSAM,NORTHSTAR ASSET MANAGEMENT GROUP,180.0,0.002262804,0.0053922755162732,1.876390617334558,14.691880824374474,0.6078304931488439,0.6078304931488439
2024,14686,NSAM,NORTHSTAR ASSET MANAGEMENT GROUP,192.0,0.0026232672,0.0177102523394877,1.7415902722529155,14.753671908204677,-0.3552359482169441,-0.3552359482169441
2014,14974,SNR,NEW SENIOR INVESTMENT GROUP INC,72.0,,,,13.938699599359538,-0.0544,-0.0544
2015,14974,SNR,NEW SENIOR INVESTMENT GROUP INC,84.0,0.07067725,0.0066389543631127,,13.816225783912378,-0.3629106637721057,-0.3629106637721057
2016,14974,SNR,NEW SENIOR INVESTMENT GROUP INC,96.0,0.08149039,0.0080834457213103,1.0013540405020154,13.677292109829198,0.0945028015404596,0.0945028015404596
2017,14974,SNR,NEW SENIOR INVESTMENT GROUP INC,108.0,0.11027264,0.008512048036405,1.0345429579229917,13.565230942093336,-0.1358393424512339,-0.1358393424512339
2018,14974,SNR,NEW SENIOR INVESTMENT GROUP INC,120.0,0.14780213,0.0067021302328384,0.8231746734632154,13.218467099043869,-0.386813225191816,-0.386813225191816
2019,14974,SNR,NEW SENIOR INVESTMENT GROUP INC,132.0,0.09544895,-0.0063581598428067,1.0583976053292925,13.1780210573464,1.0093270191441777,1.0093270191441777
2020,14974,SNR,NEW SENIOR INVESTMENT GROUP INC,144.0,0.1155108,0.0085345880153214,1.580659021488669,12.75328377993,-0.2546332368784697,-0.2546332368784697
2021,14974,SNR,NEW SENIOR INVESTMENT GROUP INC,152.0,0.040077772,0.0068778564770627,1.8221859893838013,13.289988705809913,0.7156240415440434,0.7156240415440434
2014,15044,MORE,MONOGRAM RESIDENTIAL TRUST INC,72.0,,,,14.275598104583825,-0.0179,-0.0179
2015,15044,MORE,MONOGRAM RESIDENTIAL TRUST INC,84.0,0.0309364,0.0040519184067423,,14.269248053323372,0.0884501887994202,0.0884501887994202
2016,15044,MORE,MONOGRAM RESIDENTIAL TRUST INC,96.0,0.02963362,0.0047322575040086,0.7388956183156208,14.340496979063884,0.141197965149864,0.141197965149864
2017,15044,MORE,MONOGRAM RESIDENTIAL TRUST INC,104.0,0.02877275,0.0046582898123641,0.6525184150150349,14.372291896409202,0.1260216625868222,0.1260216625868222
2014,15048,PGRE,PARAMOUNT GROUP INC,60.0,,,,15.14343627033432,-0.0111999999999999,-0.0111999999999999
2015,15048,PGRE,PARAMOUNT GROUP INC,72.0,0.019573625,0.0175905384641481,,15.154773565200063,-0.0034563244586199,-0.0034563244586199
2016,15048,PGRE,PARAMOUNT GROUP INC,84.0,0.023471458,0.0092947952606365,0.6557518532768419,15.072682661984084,-0.0956242742638925,-0.0956242742638925
2017,15048,PGRE,PARAMOUNT GROUP INC,96.0,0.022564633,0.0080059409414051,0.7039517838536214,15.147884767023877,0.0150336359895113,0.0150336359895113
2018,15048,PGRE,PARAMOUNT GROUP INC,108.0,0.026581367,0.0077959049432877,0.731900847674884,15.069162029409908,-0.1850201663208183,-0.1850201663208183
2019,15048,PGRE,PARAMOUNT GROUP INC,120.0,0.029169349,0.0079104117611082,0.8350729809612175,14.993083317884846,0.1405695131083526,0.1405695131083526
2020,15048,PGRE,PARAMOUNT GROUP INC,132.0,0.04881585,0.0085903214712301,0.9790758171041648,14.461498422792165,-0.3198626397833125,-0.3198626397833125
2021,15048,PGRE,PARAMOUNT GROUP INC,144.0,0.034276895,0.0078234876995568,1.253559127800011,14.529078902920224,-0.0493862917832278,-0.0493862917832278
2022,15048,PGRE,PARAMOUNT GROUP INC,156.0,0.038226403,0.0081307053248697,1.1656932503554915,14.365268455916492,-0.2563432882263606,-0.2563432882263606
2023,15048,PGRE,PARAMOUNT GROUP INC,168.0,0.056080844,0.007786412774608,1.1966693743317152,13.86736461712926,-0.0950292779047272,-0.0950292779047272
2024,15048,PGRE,PARAMOUNT GROUP INC,180.0,0.027807707,0.0060376084045599,1.229494357017095,13.856237785133482,-0.0300218112315392,-0.0300218112315392
2014,15052,STOR,STORE CAPITAL CORP,36.0,,,,14.672041278599522,0.0414000000000001,0.0414000000000001
2015,15052,STOR,STORE CAPITAL CORP,48.0,0.03903964,0.0129170062781209,,14.795845272173272,0.1260996628358774,0.1260996628358774
2016,15052,STOR,STORE CAPITAL CORP,60.0,0.03759818,0.0122316986455713,0.0850343635837208,15.199430990439948,0.10949271105259,0.10949271105259
2017,15052,STOR,STORE CAPITAL CORP,72.0,0.044388812,0.012625260852395,0.0676066370252859,15.2793148159435,0.1068997021286726,0.1068997021286726
2018,15052,STOR,STORE CAPITAL CORP,84.0,0.044197652,0.0127863640640206,0.1032468307182356,15.50410000986255,0.1394016130993587,0.1394016130993587
2019,15052,STOR,STORE CAPITAL CORP,96.0,0.035193305,0.0136917832585739,0.2459225044673965,15.902872438504888,0.3667514693217863,0.3667514693217863
2020,15052,STOR,STORE CAPITAL CORP,108.0,0.05221058,0.0140265785011793,0.8207330566350314,15.692475825283717,-0.0337556746126331,-0.0337556746126331
2021,15052,STOR,STORE CAPITAL CORP,120.0,0.041242007,0.0122749048998562,1.0582028241024828,16.0310044747312,0.0582544341937569,0.0582544341937569
2022,15052,STOR,STORE CAPITAL CORP,132.0,0.04987724,0.0143330053222382,1.0113166551295427,15.931279922487173,-0.0294026256469931,-0.0294026256469931
2023,15052,STOR,STORE CAPITAL CORP,133.0,0.03621066,0.0153097489447529,0.8538873551617168,16.024368983336537,0.0046999999999999,0.0046999999999999
2015,15142,UE,URBAN EDGE PROPERTIES,72.0,0.030041702,0.0101657544438355,,14.632674416077409,0.0236757857395564,0.0236757857395564
2016,15142,UE,URBAN EDGE PROPERTIES,84.0,0.029848611,0.0169173114734205,0.315680246299307,14.801510913471526,0.2081331003716249,0.2081331003716249
2017,15142,UE,URBAN EDGE PROPERTIES,96.0,0.032209057,0.0224793360149473,0.3689563234175626,14.814820193015384,-0.0401781847877596,-0.0401781847877596
2018,15142,UE,URBAN EDGE PROPERTIES,108.0,0.041034665,0.0118969330176023,0.441191401333048,14.70175741682923,-0.3194317997753613,-0.3194317997753613
2019,15142,UE,URBAN EDGE PROPERTIES,120.0,0.045684714,0.014219223750315,0.8644829680918856,14.630279565497256,0.208990001994465,0.208990001994465
2020,15142,UE,URBAN EDGE PROPERTIES,132.0,0.062254827,0.0141846036920743,1.290122581594309,14.127600479223092,-0.2839164046617464,-0.2839164046617464
2021,15142,UE,URBAN EDGE PROPERTIES,144.0,0.041459966,0.0127255099536771,1.6246798602773962,14.547721085780006,0.5172820468163941,0.5172820468163941
2022,15142,UE,URBAN EDGE PROPERTIES,156.0,0.038121022,0.0155817699989294,1.5339519947179017,14.46809692454143,-0.2266034346046789,-0.2266034346046789
2023,15142,UE,URBAN EDGE PROPERTIES,168.0,0.040807877,0.0126445906950913,1.501181833775588,14.42962048932434,0.3517598397870451,0.3517598397870451
2024,15142,UE,URBAN EDGE PROPERTIES,180.0,0.03359376,0.0151850722316002,1.445547287461891,14.662405550391536,0.2163652614583442,0.2163652614583442
2015,15159,HIFR,INFRAREIT INC,48.0,0.044054043,0.0118861535848784,,13.95381849616468,-0.280297413444891,-0.280297413444891
2016,15159,HIFR,INFRAREIT INC,60.0,0.052255288,0.0161951144064811,0.0664554887021448,13.56817234211478,0.0240207971440262,0.0240207971440262
2017,15159,HIFR,INFRAREIT INC,72.0,0.0509669,0.0162874155910341,0.0944554943795232,13.668736142816025,0.0919769775064698,0.0919769775064698
2018,15159,HIFR,INFRAREIT INC,84.0,0.048116002,0.0094044310283408,0.0848552407970796,13.723995542299418,0.1863616426631522,0.1863616426631522
2019,15159,HIFR,INFRAREIT INC,88.0,0.047299985,0.0173817956539972,0.1516769681819237,13.741979003621571,0.0132853142206088,0.0132853142206088
2015,15194,DEA,EASTERLY GOVERNMENT PPTYS INC,48.0,0.031431895,0.0096307614477477,,12.875833984230129,0.1023552385613482,0.1023552385613482
2016,15194,DEA,EASTERLY GOVERNMENT PPTYS INC,60.0,0.036509823,0.0124680745826443,0.3967172424954442,13.244751910120565,0.2213431963346064,0.2213431963346064
2017,15194,DEA,EASTERLY GOVERNMENT PPTYS INC,72.0,0.04294915,0.0129202299799877,0.4077610787141539,13.566659857164424,0.1184142441470315,0.1184142441470315
2018,15194,DEA,EASTERLY GOVERNMENT PPTYS INC,84.0,0.046366286,0.0113873187470387,0.5151522497609374,13.842572345534386,-0.2232635676369808,-0.2232635676369808
2019,15194,DEA,EASTERLY GOVERNMENT PPTYS INC,96.0,0.049586933,0.010801892951528,0.6903701673645392,14.109086408312118,0.5937510911604826,0.5937510911604826
2020,15194,DEA,EASTERLY GOVERNMENT PPTYS INC,108.0,0.043798957,0.0110354624676145,0.3728487883503693,14.41588562872682,-0.0033284017467338,-0.0033284017467338
2021,15194,DEA,EASTERLY GOVERNMENT PPTYS INC,120.0,0.046767477,0.0119349865063973,0.2734246936703431,14.419347241840782,0.0638169078543724,0.0638169078543724
2022,15194,DEA,EASTERLY GOVERNMENT PPTYS INC,132.0,0.05723987,0.0118297782027639,0.3317671000217224,14.31765110919151,-0.3408663433575755,-0.3408663433575755
2023,15194,DEA,EASTERLY GOVERNMENT PPTYS INC,144.0,0.078113884,0.0108828700693581,0.4722656933488969,14.040382968532905,0.0205101465445696,0.0205101465445696
2024,15194,DEA,EASTERLY GOVERNMENT PPTYS INC,156.0,0.08216754,0.0105037568549178,0.5054741700275335,14.057865756610758,-0.0786320001829448,-0.0786320001829448
2015,15216,XHR,XENIA HOTELS & RESORTS INC,48.0,0.054513514,0.0075576103706627,,14.594216553734482,-0.2386644134253427,-0.2386644134253427
2016,15216,XHR,XENIA HOTELS & RESORTS INC,60.0,0.061449256,0.017161985294475,0.7131195307532486,14.385577271230204,0.352674053178488,0.352674053178488
2017,15216,XHR,XENIA HOTELS & RESORTS INC,72.0,0.056984153,0.0192867652209859,0.7551315796845964,14.54669743558184,0.1753802400464459,0.1753802400464459
2018,15216,XHR,XENIA HOTELS & RESORTS INC,84.0,0.05020601,0.0173450898969092,1.0079416961447938,14.676979009251312,-0.1604553171287217,-0.1604553171287217
2019,15216,XHR,XENIA HOTELS & RESORTS INC,96.0,0.052404705,0.0187970463578311,1.0451844259910028,14.667934369951878,0.322341810178165,0.322341810178165
2020,15216,XHR,XENIA HOTELS & RESORTS INC,108.0,0.07828302,0.0152189792867362,1.0700091611773794,14.020812291694575,-0.2778517183397725,-0.2778517183397725
2021,15216,XHR,XENIA HOTELS & RESORTS INC,120.0,0.0027070818,-0.0097115551530031,1.5138630153402204,14.529654116010027,0.1915411453933442,0.1915411453933442
2022,15216,XHR,XENIA HOTELS & RESORTS INC,132.0,0.0029023692,0.0049777281808559,1.4875718419177917,14.447629514387977,-0.2613612269155249,-0.2613612269155249
2023,15216,XHR,XENIA HOTELS & RESORTS INC,144.0,0.028173758,0.0144586075199882,1.4479584273554815,14.139269311475733,0.0665783598045557,0.0665783598045557
2024,15216,XHR,XENIA HOTELS & RESORTS INC,156.0,0.030885369,0.0129291996712366,1.451804818198129,14.205996648229435,0.1269765173122663,0.1269765173122663
2015,15231,NXRT,NEXPOINT RESIDENTIAL TRUST INC,36.0,,0.0057020156245268,,12.56427230297328,-0.0305429255385104,-0.0305429255385104
2016,15231,NXRT,NEXPOINT RESIDENTIAL TRUST INC,48.0,0.047801673,0.0076935383445638,0.9694306292480486,12.773237369767564,0.789187539132286,0.789187539132286
2017,15231,NXRT,NEXPOINT RESIDENTIAL TRUST INC,60.0,0.035272527,0.0078084363375621,0.9588341221524692,13.158582204719172,0.2963746047737641,0.2963746047737641
2018,15231,NXRT,NEXPOINT RESIDENTIAL TRUST INC,72.0,0.03224378,0.0058526612484221,0.93530004732076,13.359110025838609,0.2979416630587785,0.2979416630587785
2019,15231,NXRT,NEXPOINT RESIDENTIAL TRUST INC,84.0,0.024164787,0.0076195098769113,0.5103042384657205,13.827470885358691,0.3183794062363303,0.3183794062363303
2020,15231,NXRT,NEXPOINT RESIDENTIAL TRUST INC,96.0,0.03159512,0.0065183420672274,0.9032653545186884,13.766494974705571,-0.0251479153513278,-0.0251479153513278
2021,15231,NXRT,NEXPOINT RESIDENTIAL TRUST INC,108.0,0.023626007,0.0080709958917682,0.751002028830138,14.169432111879638,1.0233536316810323,1.0233536316810323
2022,15231,NXRT,NEXPOINT RESIDENTIAL TRUST INC,120.0,0.024313824,0.0084184564410203,0.7657386425845769,14.292151393254278,-0.4660298080629419,-0.4660298080629419
2023,15231,NXRT,NEXPOINT RESIDENTIAL TRUST INC,132.0,0.042842176,0.0082401429071486,0.8874214380859528,13.813923271398496,-0.172343989871496,-0.172343989871496
2024,15231,NXRT,NEXPOINT RESIDENTIAL TRUST INC,144.0,0.047281325,0.0083374172194907,1.0969228735030272,13.801468968607102,0.2728809545081201,0.2728809545081201
2015,15279,CSAL,COMMS SALES & LEASING INC,48.0,,0.1951965894716132,,14.995979116649396,-0.3254865941034641,-0.3254865941034641
2016,15279,UNIT,UNITI GROUP INC,60.0,0.08650302,0.0329479642715908,1.1777679137580004,15.174240184591762,0.4865915108477037,0.4865915108477037
2017,15279,UNIT,UNITI GROUP INC,72.0,0.10562516,0.025567604107724,1.155286782190398,15.13133152294276,-0.2108380540401688,-0.2108380540401688
2018,15279,UNIT,UNITI GROUP INC,84.0,0.13114573,0.0218740059906998,0.9681637940046044,14.982345640686068,-0.0004126861160308,-0.0004126861160308
2019,15279,UNIT,UNITI GROUP INC,96.0,0.13886993,0.0198735149848734,1.145895769077455,14.36225582514308,-0.4497324857818977,-0.4497324857818977
2020,15279,UNIT,UNITI GROUP INC,108.0,0.057900082,0.0102715748680835,1.086827964180185,14.4079371471744,0.528141938108198,0.528141938108198
2021,15279,UNIT,UNITI GROUP INC,120.0,0.047847986,0.0024818083173309,1.0559679202597072,14.860941804138198,0.2557978286167088,0.2557978286167088
2022,15279,UNIT,UNITI GROUP INC,132.0,0.06452405,0.020223292073295,1.1364025498987151,14.634125223667589,-0.5746491858225076,-0.5746491858225076
2023,15279,UNIT,UNITI GROUP INC,144.0,0.12625562,0.00895554823224,1.3854344840226478,13.950875629680084,0.1908549364842571,0.1908549364842571
2024,15279,UNIT,UNITI GROUP INC,156.0,0.115824796,0.0091857566956801,1.4047899118988052,13.96023142917982,0.0258843345461983,0.0258843345461983
2015,15338,APLE,APPLE HOSPITALITY REIT INC,72.0,,0.0162738355217434,,15.11884691001858,0.1230508154932699,0.1230508154932699
2016,15338,APLE,APPLE HOSPITALITY REIT INC,84.0,0.057288796,0.0191389110651514,,15.096144579699011,0.0655947961549081,0.0655947961549081
2017,15338,APLE,APPLE HOSPITALITY REIT INC,96.0,0.05743144,0.0173377275693713,0.5017366159811668,15.261456356732092,0.0400679732513791,0.0400679732513791
2018,15338,APLE,APPLE HOSPITALITY REIT INC,108.0,0.068450026,0.0197672148211267,0.6544042965025363,15.19469981534705,-0.215717209379557,-0.215717209379557
2019,15338,APLE,APPLE HOSPITALITY REIT INC,120.0,0.0740496,0.0194707765197413,0.8123825212699757,15.103996663623043,0.219880976335351,0.219880976335351
2020,15338,APLE,APPLE HOSPITALITY REIT INC,132.0,0.076271094,0.0156351987987084,0.9384402038591152,14.696002936096605,-0.1853155487073978,-0.1853155487073978
2021,15338,APLE,APPLE HOSPITALITY REIT INC,144.0,0.0031001382,-0.0007708481186566,1.092315168439168,15.035407757016236,0.2542097447383014,0.2542097447383014
2022,15338,APLE,APPLE HOSPITALITY REIT INC,156.0,0.017583441,0.0136847259851517,1.0401015428312284,15.138342713583738,0.0239739077691947,0.0239739077691947
2023,15338,APLE,APPLE HOSPITALITY REIT INC,168.0,0.06520272,0.0190316120236347,1.0517620299384214,15.096533081499569,0.1220503391872462,0.1220503391872462
2024,15338,APLE,APPLE HOSPITALITY REIT INC,180.0,0.06492185,0.0189240130473455,0.98782048165236,15.110644097782377,-0.0126505293341218,-0.0126505293341218
2015,15343,CHCT,COMMUNITY HEALTHCARE TR INC,24.0,,,,11.79168610207379,-0.0333232897426664,-0.0333232897426664
2016,15343,CHCT,COMMUNITY HEALTHCARE TR INC,36.0,0.049333833,0.0109208772472685,,12.356642840232384,0.3470075557515892,0.3470075557515892
2017,15343,CHCT,COMMUNITY HEALTHCARE TR INC,48.0,0.054457847,0.0189938796854547,0.6652197267941432,12.875586774680048,0.296716865414673,0.296716865414673
2018,15343,CHCT,COMMUNITY HEALTHCARE TR INC,60.0,0.05420914,0.0159095824038283,0.6974742527823502,13.154477186881758,0.0860824312078607,0.0860824312078607
2019,15343,CHCT,COMMUNITY HEALTHCARE TR INC,72.0,0.039674807,0.0160065990275947,0.733523684505379,13.556681134804618,0.5474071883174079,0.5474071883174079
2020,15343,CHCT,COMMUNITY HEALTHCARE TR INC,84.0,0.036196094,0.0162304756515422,0.5272921095149739,13.784461038762435,0.1425988174780228,0.1425988174780228
2021,15343,CHCT,COMMUNITY HEALTHCARE TR INC,96.0,0.03544766,0.0180442090405074,0.3499928503289964,13.947744879113742,0.041920945516658,0.041920945516658
2022,15343,CHCT,COMMUNITY HEALTHCARE TR INC,108.0,0.046231523,0.0178865792490837,0.4661509698279405,13.760619111841187,-0.206524408189042,-0.206524408189042
2023,15343,CHCT,COMMUNITY HEALTHCARE TR INC,120.0,0.053427603,0.0130953941553124,0.5886985570264588,13.677776471518824,-0.2135769842241994,-0.2135769842241994
2024,15343,CHCT,COMMUNITY HEALTHCARE TR INC,132.0,0.082156785,0.0158404562350395,0.5310563598172245,13.33102195365334,-0.2152119224675843,-0.2152119224675843
2015,15455,GNL,GLOBAL NET LEASE INC,48.0,,0.0196449939750444,,14.208023697085236,-0.0630072535227374,-0.0630072535227374
2016,15455,GNL,GLOBAL NET LEASE INC,60.0,0.08439071,0.0068032862633417,,14.128231755208178,0.0762524356370073,0.0762524356370073
2017,15455,GNL,GLOBAL NET LEASE INC,72.0,0.08930459,0.0126336989549047,0.875110038853525,14.21971949883018,-0.0368174740498115,-0.0368174740498115
2018,15455,GNL,GLOBAL NET LEASE INC,84.0,0.10838556,0.0108677747369397,0.8798561611471344,14.106742288578602,-0.0433780029959114,-0.0433780029959114
2019,15455,GNL,GLOBAL NET LEASE INC,96.0,0.09502106,0.0105012290780409,0.8297505150073942,14.300690422016386,0.2612293882445313,0.2612293882445313
2020,15455,GNL,GLOBAL NET LEASE INC,108.0,0.114290535,0.009972860032631,0.9704476234350684,14.1864189983964,-0.061929349921347,-0.061929349921347
2021,15455,GNL,GLOBAL NET LEASE INC,120.0,0.088659704,0.0084044227882945,0.9917723295128688,14.316087050828116,-0.0232775704243506,-0.0232775704243506
2022,15455,GNL,GLOBAL NET LEASE INC,132.0,0.11497534,0.0105599965386753,0.9913323899238996,14.164617699110934,-0.0780651745805677,-0.0780651745805677
2023,15455,GNL,GLOBAL NET LEASE INC,144.0,0.123142384,0.0095074698416569,1.1397347009379526,14.192768248840752,-0.0877650419159717,-0.0877650419159717
2024,15455,GNL,GLOBAL NET LEASE INC,156.0,0.15023348,0.0026326131949625,1.2402952814538355,14.397658371263075,-0.1512006314380372,-0.1512006314380372
2015,15586,TIER,TIER REIT INC,108.0,,0.0079880349594667,,13.50733404373217,-0.1388958363731141,-0.1388958363731141
2016,15586,TIER,TIER REIT INC,120.0,0.043757305,0.0052716757664447,,13.50136790306379,0.2354127075975762,0.2354127075975762
2017,15586,TIER,TIER REIT INC,132.0,0.03907844,0.0118027665657181,0.9662497853068844,13.689985090569357,0.2180329680804151,0.2180329680804151
2018,15586,TIER,TIER REIT INC,144.0,0.032891493,0.0099454100525749,1.0151153732418543,13.876636702709352,0.0460952019820739,0.0460952019820739
2019,15586,TIER,TIER REIT INC,149.0,0.025688153,0.0188462458466376,1.0616618302861711,14.180521543781202,0.3130377993573994,0.3130377993573994
2015,15598,CCP,CARE CAPITAL PROPERTIES INC,48.0,,0.0234233325925986,,14.798647296759816,-0.0035235885595338,-0.0035235885595338
2016,15598,CCP,CARE CAPITAL PROPERTIES INC,60.0,0.084473275,0.0234443157051758,,14.637057013875092,-0.1097216695705165,-0.1097216695705165
2017,15598,CCP,CARE CAPITAL PROPERTIES INC,67.0,0.08780308,0.0212191730041872,0.2890287622177352,14.595965886171856,0.0103811096850998,0.0103811096850998
2015,15708,NRE,NORTHSTAR REALTY EUROPE CORP,36.0,,,,13.503523740346727,0.0464,0.0464
2016,15708,NRE,NORTHSTAR REALTY EUROPE CORP,48.0,0.06073621,-0.0408400036823261,,13.359413376297402,0.1238529564300101,0.1238529564300101
2017,15708,NRE,NORTHSTAR REALTY EUROPE CORP,60.0,0.048922535,-0.0043180189524686,1.7848619598970137,13.456370167930386,0.1201156919260946,0.1201156919260946
2018,15708,NRE,NORTHSTAR REALTY EUROPE CORP,72.0,0.04597729,0.0016079484884213,1.546477884723754,13.46983460271935,0.1293542202857851,0.1293542202857851
2019,15708,NRE,NORTHSTAR REALTY EUROPE CORP,80.0,0.035463165,-0.0010820239810371,1.2548781973243657,13.65913039106754,0.1955728357137447,0.1955728357137447
2015,15711,AFCO,AMERICAN FARMLAND CO,60.0,,,,11.70480956748053,-0.0135708399999998,-0.0135708399999998
2016,15711,AFCO,AMERICAN FARMLAND CO,72.0,0.03070569,-0.0111574724366133,,11.648279255821476,0.173435290629121,0.173435290629121
2017,15711,AFCO,AMERICAN FARMLAND CO,73.0,0.026750231,-0.0014462005121787,,12.01045841126043,0.0514000000000001,0.0514000000000001
2016,15719,FCPT,FOUR CORNERS PROPERTY TRUST INC,60.0,0.3321433,0.0018073115799188,,13.904212365999577,0.2740258829487407,0.2740258829487407
2017,15719,FCPT,FOUR CORNERS PROPERTY TRUST INC,72.0,0.039759193,0.0228124353022393,-0.1807575031644536,14.202209747299166,0.3044326554760888,0.3044326554760888
2018,15719,FCPT,FOUR CORNERS PROPERTY TRUST INC,84.0,0.040715907,0.0196131590754821,-0.050026642107691,14.26978071951028,0.0544423293969231,0.0544423293969231
2019,15719,FCPT,FOUR CORNERS PROPERTY TRUST INC,96.0,0.039346408,0.0186017418706778,0.1735123222779765,14.47387551872352,0.120268520003395,0.120268520003395
2020,15719,FCPT,FOUR CORNERS PROPERTY TRUST INC,108.0,0.047776226,0.0178433415811567,0.6492192395824998,14.397215158969756,0.1226281123052908,0.1226281123052908
2021,15719,FCPT,FOUR CORNERS PROPERTY TRUST INC,120.0,0.042652458,0.0168930846392607,0.752841347741744,14.569231391113314,0.0334562696828786,0.0334562696828786
2022,15719,FCPT,FOUR CORNERS PROPERTY TRUST INC,132.0,0.04882042,0.0164937070075271,0.7605970106490374,14.58759445592766,-0.0720759733082586,-0.0720759733082586
2023,15719,FCPT,FOUR CORNERS PROPERTY TRUST INC,144.0,0.05197231,0.0156364786224559,0.796676085667113,14.606842446246198,0.0303711627620264,0.0303711627620264
2024,15719,FCPT,FOUR CORNERS PROPERTY TRUST INC,156.0,0.051785674,0.0151901248507772,0.9124551907539032,14.698671512151082,0.1305592945261973,0.1305592945261973
2016,15912,SELF,GLOBAL SELF STORAGE INC,252.0,0.041905664,,0.5990301065808503,10.534258499530113,-0.0952589126014245,-0.0952589126014245
2017,15912,SELF,GLOBAL SELF STORAGE INC,264.0,0.053537283,,0.526318267091262,10.510793947014472,0.0201434987103759,0.0201434987103759
2018,15912,SELF,GLOBAL SELF STORAGE INC,276.0,0.061966013,0.0075536307785275,0.5217903784869506,10.377850043817537,-0.0951914112689387,-0.0951914112689387
2019,15912,SELF,GLOBAL SELF STORAGE INC,288.0,0.06306202,0.0082200288081854,0.4258088584999619,10.374810252383403,0.1675115199894885,0.1675115199894885
2020,15912,SELF,GLOBAL SELF STORAGE INC,300.0,0.062099587,0.0072145777536616,0.5166261626500593,10.52107314334841,-0.0024891440203527,-0.0024891440203527
2021,15912,SELF,GLOBAL SELF STORAGE INC,312.0,0.049677897,0.0090476863750543,0.4321095961051098,10.841766848632757,0.493934623359064,0.493934623359064
2022,15912,SELF,GLOBAL SELF STORAGE INC,324.0,0.04668014,0.01359480819496,0.3178967278365593,11.016453442089562,-0.1000870332228869,-0.1000870332228869
2023,15912,SELF,GLOBAL SELF STORAGE INC,336.0,0.057444226,0.0170822760883314,0.2608305871867191,10.921030480185465,0.0071523306796161,0.0071523306796161
2024,15912,SELF,GLOBAL SELF STORAGE INC,348.0,0.060224324,0.0148689798313797,0.3086051629489377,10.898949137018034,0.2191149302871824,0.2191149302871824
2016,16042,MGP,M G M GROWTH PROPERTIES LLC,36.0,,-0.0048317499354556,,14.148652616324304,0.1933156470078776,0.1933156470078776
2017,16042,MGP,M G M GROWTH PROPERTIES LLC,48.0,0.048775543,0.0105740609934504,-0.5743471109472236,14.377199474858095,0.2169552459550559,0.2169552459550559
2018,16042,MGP,M G M GROWTH PROPERTIES LLC,60.0,0.056550946,0.0118687916130765,-0.0415411515136911,14.519511507409502,-0.0368060791810864,-0.0368060791810864
2019,16042,MGP,M G M GROWTH PROPERTIES LLC,72.0,0.049794212,0.012136872631843,0.6171127866899985,14.890143342262649,0.2453284201253285,0.2453284201253285
2020,16042,MGP,M G M GROWTH PROPERTIES LLC,84.0,0.0601525,0.0121484937001102,0.64846247581587,15.106804488262275,0.0844007661864647,0.0844007661864647
2021,16042,MGP,M G M GROWTH PROPERTIES LLC,96.0,0.05128895,0.0160806418666467,0.6715312201901097,15.521328212035677,0.3792468349638616,0.3792468349638616
2022,16042,MGP,M G M GROWTH PROPERTIES LLC,99.0,0.053226233,0.0139928254150831,0.7194673208764139,15.612377750894405,-0.03966559012,-0.03966559012
2016,16136,GMRE,GLOBAL MEDICAL REIT INC,48.0,,-0.0161087234773197,,12.001203630877397,-0.0795305904919901,-0.0795305904919901
2017,16136,GMRE,GLOBAL MEDICAL REIT INC,60.0,0.07747812,-0.0024806774045312,,12.076596050387169,0.0061673329099893,0.0061673329099893
2018,16136,GMRE,GLOBAL MEDICAL REIT INC,72.0,0.09328464,0.0065270975592732,0.7483412455594042,12.131471042613327,0.1907835068350318,0.1907835068350318
2019,16136,GMRE,GLOBAL MEDICAL REIT INC,84.0,0.06109731,0.0078619952653252,0.5393589697600217,12.82632029554096,0.598308616317343,0.598308616317343
2020,16136,GMRE,GLOBAL MEDICAL REIT INC,96.0,0.059397504,0.0093988668771918,0.650761109391388,13.238207456292612,0.0554099113201407,0.0554099113201407
2021,16136,GMRE,GLOBAL MEDICAL REIT INC,108.0,0.048911538,0.0073393299111373,0.6048432815321161,13.696969876625651,0.4353552678504595,0.4353552678504595
2022,16136,GMRE,GLOBAL MEDICAL REIT INC,120.0,0.06990058,0.0123137643636911,0.7415125389272195,13.57383839900031,-0.422767276395289,-0.422767276395289
2023,16136,GMRE,GLOBAL MEDICAL REIT INC,132.0,0.08756015,0.0114282646857706,0.8588064710577963,13.354553277685564,0.2777269310822787,0.2777269310822787
2024,16136,GMRE,GLOBAL MEDICAL REIT INC,144.0,0.09288663,0.0112797798144012,0.9623685536554586,13.295747935909295,-0.2355364077888493,-0.2355364077888493
2016,16266,RVEN,REVEN HOUSING REIT INC,72.0,,-0.0012989283840831,,10.937919085691568,0.0188947257516944,0.0188947257516944
2017,16266,RVEN,REVEN HOUSING REIT INC,84.0,0.0,-0.0015959699939592,,10.911856352136285,-0.14173897760559,-0.14173897760559
2018,16266,RVEN,REVEN HOUSING REIT INC,96.0,0.00074128085,0.0009278055110594,0.6551643695837516,10.60034191510714,-0.2861914090472274,-0.2861914090472274
2019,16266,RVEN,REVEN HOUSING REIT INC,106.0,0.0062195687,-0.0046454045103001,0.2580917006503513,10.732113392470294,0.5657240885890202,0.5657240885890202
2016,16332,MRT,MEDEQUITIES REALTY TRUST INC,36.0,,,,12.767621548409547,-0.0552909062079999,-0.0552909062079999
2017,16332,MRT,MEDEQUITIES REALTY TRUST INC,48.0,0.057868678,0.006979906571089,,12.81090810593976,0.0879190774313396,0.0879190774313396
2018,16332,MRT,MEDEQUITIES REALTY TRUST INC,60.0,0.082308315,0.0160918568085318,0.6220590793762378,12.627799067422009,-0.3520907124212683,-0.3520907124212683
2019,16332,MRT,MEDEQUITIES REALTY TRUST INC,64.0,0.052376088,0.0096032325993454,2.1665594562744874,12.767209417277336,0.5954173961987801,0.5954173961987801
2016,16340,PKY,PARKWAY INC,36.0,,,,13.79887382544078,0.2347570399999998,0.2347570399999998
2017,16340,PKY,PARKWAY INC,45.0,0.008685549,0.0106122409099327,,13.87261336119366,0.0447661250219464,0.0447661250219464
2016,16346,QCP,QUALITY CARE PROPERTIES INC,48.0,,,,14.171166670360629,0.0333000000000001,0.0333000000000001
2017,16346,QCP,QUALITY CARE PROPERTIES INC,60.0,0.0,0.0182029428905476,,14.251224994655066,-0.1089914225829282,-0.1089914225829282
2018,16346,QCP,QUALITY CARE PROPERTIES INC,66.0,0.0,0.0042587794488536,,14.33220188805545,0.5576428731615282,0.5576428731615282
2016,16515,IIPR,INNOVATIVE INDUSTRIAL PPTYS INC,12.0,,,,11.017587617349143,0.0,0.0
2017,16515,IIPR,INNOVATIVE INDUSTRIAL PPTYS INC,24.0,0.016306253,-0.036270321006159,,11.087690974439802,0.8204737932851982,0.8204737932851982
2018,16515,IIPR,INNOVATIVE INDUSTRIAL PPTYS INC,36.0,0.016600817,0.0047196400069015,2.0489042076526256,12.514491425908588,0.4490120297230568,0.4490120297230568
2019,16515,IIPR,INNOVATIVE INDUSTRIAL PPTYS INC,48.0,0.01836781,0.0115627243817154,2.289570357413941,13.707431535222334,0.7259605440487227,0.7259605440487227
2020,16515,IIPR,INNOVATIVE INDUSTRIAL PPTYS INC,60.0,0.026487,0.0142908483735678,1.465061259690991,14.537637664551935,1.0233536316810323,1.0233536316810323
2021,16515,IIPR,INNOVATIVE INDUSTRIAL PPTYS INC,72.0,0.022203522,0.0175911124461357,1.267412193392819,15.44665884860318,0.474716127836196,0.474716127836196
2022,16515,IIPR,INNOVATIVE INDUSTRIAL PPTYS INC,84.0,0.049838584,0.0200961893535087,1.4386969393264,15.051073043342234,-0.5898507374747364,-0.5898507374747364
2023,16515,IIPR,INNOVATIVE INDUSTRIAL PPTYS INC,96.0,0.09074665,0.0226793751123111,1.2906602400136202,14.61378879150228,0.0876364781194634,0.0876364781194634
2024,16515,IIPR,INNOVATIVE INDUSTRIAL PPTYS INC,108.0,0.06955009,0.0240393261983423,1.1479755462699026,14.921364046282529,-0.2862332631133283,-0.2862332631133283
2017,16577,CLPR,CLIPPER REALTY INC,48.0,0.037037045,0.002113209112092,,12.2047801181983,-0.2396787669563642,-0.2396787669563642
2018,16577,CLPR,CLIPPER REALTY INC,60.0,0.0375689,0.0009226587901621,0.3484134456533395,12.13788679674213,0.357246389537647,0.357246389537647
2019,16577,CLPR,CLIPPER REALTY INC,72.0,0.033508074,0.0041221624959097,0.0424937666147398,12.22458016593719,-0.1612580219070829,-0.1612580219070829
2020,16577,CLPR,CLIPPER REALTY INC,84.0,0.05592267,0.0035407407154718,0.9001972376017306,11.730398717279362,-0.2937586582231907,-0.2937586582231907
2021,16577,CLPR,CLIPPER REALTY INC,96.0,0.04816315,0.0010909581184783,1.063344781101205,11.803941645274593,0.4755375145737448,0.4755375145737448
2022,16577,CLPR,CLIPPER REALTY INC,108.0,0.0470773,0.0020271386197977,1.0177936449595884,11.78033648894805,-0.3263141332408071,-0.3263141332408071
2023,16577,CLPR,CLIPPER REALTY INC,120.0,0.06713293,0.0022189974434631,1.106386252469067,11.42408371003683,-0.0974440300240061,-0.0974440300240061
2024,16577,CLPR,CLIPPER REALTY INC,132.0,0.08199311,0.0036841746904137,1.2857079020611593,11.230871791601691,-0.0801721965174009,-0.0801721965174009
2017,16581,INVH,INVITATION HOMES INC,48.0,0.005599909,0.0027236941210551,,15.8404611097206,0.0922137470493329,0.0922137470493329
2018,16581,INVH,INVITATION HOMES INC,60.0,0.014139599,0.0050449720223826,0.1982615528194531,16.267426738842705,-0.130993938776449,-0.130993938776449
2019,16581,INVH,INVITATION HOMES INC,72.0,0.01779235,0.0071277105847732,0.4786678102177529,16.4722594902517,0.522114385954314,0.522114385954314
2020,16581,INVH,INVITATION HOMES INC,84.0,0.020210776,0.0089025389210513,0.7139504847341746,16.534784367488566,0.0124173143719896,0.0124173143719896
2021,16581,INVH,INVITATION HOMES INC,96.0,0.017141324,0.0100587509983161,0.6538684342163682,16.874600521012677,0.5557520377743723,0.5557520377743723
2022,16581,INVH,INVITATION HOMES INC,108.0,0.02173786,0.0114113571471564,0.6732643310381676,16.907199448363137,-0.330037054529485,-0.330037054529485
2023,16581,INVH,INVITATION HOMES INC,120.0,0.030082136,0.012865190973335,0.7112589033688224,16.817091810983833,0.1970839628465577,0.1970839628465577
2024,16581,INVH,INVITATION HOMES INC,132.0,0.036356542,0.0133705598505652,0.7423258410441949,16.861383570117905,-0.0317782164143328,-0.0317782164143328
2017,16768,PLYM,PLYMOUTH INDUSTRIAL REIT INC,36.0,,-0.0009749496154769,,11.130912414899369,0.0301558844806502,0.0301558844806502
2018,16768,PLYM,PLYMOUTH INDUSTRIAL REIT INC,48.0,0.08684698,0.0013072615576321,,11.079007534896446,-0.247419213654721,-0.247419213654721
2019,16768,PLYM,PLYMOUTH INDUSTRIAL REIT INC,60.0,0.06058227,0.0077328576911019,0.970156577323598,11.892406400325555,0.5831354774342066,0.5831354774342066
2020,16768,PLYM,PLYMOUTH INDUSTRIAL REIT INC,72.0,0.0730913,0.0117482267921097,1.167012060042607,12.433679165949824,-0.1183815604259737,-0.1183815604259737
2021,16768,PLYM,PLYMOUTH INDUSTRIAL REIT INC,84.0,0.034003783,0.0129459249098186,1.0054911192849725,13.354642213966612,1.0233536316810323,1.0233536316810323
2022,16768,PLYM,PLYMOUTH INDUSTRIAL REIT INC,96.0,0.036950037,0.0127436848047104,1.0141476427710912,13.630443125644533,-0.3731544567442451,-0.3731544567442451
2023,16768,PLYM,PLYMOUTH INDUSTRIAL REIT INC,108.0,0.03926674,0.0132809899003954,1.0908098796548953,13.7685850806783,0.3065450020653879,0.3065450020653879
2024,16768,PLYM,PLYMOUTH INDUSTRIAL REIT INC,120.0,0.04321528,0.0143905779766598,1.0751372709960003,13.781978048789185,-0.2260327011510151,-0.2260327011510151
2017,16770,SAFE,SAFETY INCOME & GROWTH INC,36.0,,0.0132955844022443,,12.728963715312949,-0.0651957041651212,-0.0651957041651212
2018,16770,SAFE,SAFEHOLD INC,48.0,0.031045781,0.0031125613597947,,12.701504523770536,0.1048313054283753,0.1048313054283753
2019,16770,SAFE,SAFEHOLD INC,60.0,0.01691508,0.0060139710331569,0.0566741009869028,13.643462681623204,1.0233536316810323,1.0233536316810323
2020,16770,SAFE,SAFEHOLD INC,72.0,0.009815296,0.0047763215028416,-0.357161858990848,14.908717329924816,0.8232410250710773,0.8232410250710773
2021,16770,SAFE,SAFEHOLD INC,84.0,0.008405857,0.005120954686134,-0.3901554826825055,15.235253706605766,0.111561476655696,0.111561476655696
2022,16770,SAFE,SAFEHOLD INC,96.0,0.017350389,0.0049820710953102,0.0117350205784847,14.701484131591748,-0.6042861370447684,-0.6042861370447684
2023,16770,SAFE,SAFEHOLD INC,98.0,0.021674138,0.0042534703898019,0.3461081433918906,14.51528382049914,0.0440160499999999,0.0440160499999999
2018,17226,COLD,AMERICOLD REALTY TRUST INC,84.0,0.022876497,0.0118820936444566,,15.01540871784336,0.4627585405752532,0.4627585405752532
2019,17226,COLD,AMERICOLD REALTY TRUST INC,96.0,0.020182457,0.0124284324048758,0.5724023190808946,15.611003132306308,0.4059056627878177,0.4059056627878177
2020,17226,COLD,AMERICOLD REALTY TRUST INC,108.0,0.02199863,0.0119308033697681,0.1082014217539215,15.800646492104542,0.0898873653958347,0.0898873653958347
2021,17226,COLD,AMERICOLD REALTY TRUST INC,120.0,0.022782633,0.0067546974950574,-0.0463247839485001,16.016243175346496,-0.0986857634669309,-0.0986857634669309
2022,17226,COLD,AMERICOLD REALTY TRUST INC,125.0,0.031228488,0.0052639417116399,0.0397908900002796,15.809841738409016,-0.148908318857892,-0.148908318857892
2018,17287,BRSP,BRIGHTSPIRE CAPITAL INC,48.0,0.10101329,0.0235493022065032,,14.343440744291136,-0.1789468011731907,-0.1789468011731907
2019,17287,CLNC,COLONY CREDIT REAL ESTATE INC,60.0,0.09843835,0.0041252541845027,0.6711846185442131,14.430767737824162,-0.06985762505283,-0.06985762505283
2020,17287,CLNC,COLONY CREDIT REAL ESTATE INC,72.0,0.16033123,0.0008100759593231,1.583323696208369,13.633591965147811,-0.4062619628510798,-0.4062619628510798
2021,17287,CLNC,COLONY CREDIT REAL ESTATE INC,84.0,0.027381407,0.0009629932715931,1.7937812509814386,13.990609879045088,0.453583404643765,0.453583404643765
2022,17287,CLNC,COLONY CREDIT REAL ESTATE INC,96.0,0.0898914,0.0034789290199965,1.726878242128944,13.854572326791669,-0.3225609184794979,-0.3225609184794979
2023,17287,CLNC,COLONY CREDIT REAL ESTATE INC,108.0,0.1213907,0.0086964843164915,1.7940661909738636,13.66046970891289,0.3473228292459545,0.3473228292459545
2024,17287,CLNC,COLONY CREDIT REAL ESTATE INC,120.0,0.12703913,0.0074799362082625,1.9387064665774356,13.596942611383158,-0.1460214928563974,-0.1460214928563974
2018,17307,VICI,VICI PROPERTIES INC,24.0,0.04988463,0.0106922987355142,,15.8341676401158,0.0096225834661383,0.0096225834661383
2019,17307,VICI,VICI PROPERTIES INC,36.0,0.046277244,0.0128016960532249,0.7867811031907825,16.10669685407089,0.430901669215227,0.430901669215227
2020,17307,VICI,VICI PROPERTIES INC,48.0,0.052284103,0.0073617017560178,0.9626272298095364,16.22949866556831,0.0590731735424054,0.0590731735424054
2021,17307,VICI,VICI PROPERTIES INC,60.0,0.043200374,0.0175993115408298,0.8767755064443074,16.625953948723048,0.2372884439328102,0.2372884439328102
2022,17307,VICI,VICI PROPERTIES INC,72.0,0.038524855,0.0134346962921584,0.84999517806556,17.108706433558357,0.1306397709478941,0.1306397709478941
2023,17307,VICI,VICI PROPERTIES INC,84.0,0.04750672,0.0109576424480942,0.8206190992456865,17.281411208873347,0.0358424233868848,0.0358424233868848
2024,17307,VICI,VICI PROPERTIES INC,96.0,0.053406343,0.0194286291628577,0.8087844909870369,17.27954137609522,-0.0310909687666723,-0.0310909687666723
2018,17789,CPLG,COREPOINT LODGING INC,72.0,,0.0199074079729083,,13.964740585116088,-0.5475914869074983,-0.5475914869074983
2019,17789,CPLG,COREPOINT LODGING INC,84.0,0.07412836,0.005833121658557,,13.394926813591008,-0.0648001329417187,-0.0648001329417187
2020,17789,CPLG,COREPOINT LODGING INC,96.0,0.11885268,0.0060121853932287,1.474452531810181,12.671821319117072,-0.3230480515977501,-0.3230480515977501
2021,17789,CPLG,COREPOINT LODGING INC,108.0,0.004206646,-0.0054466122926716,1.6568585991574418,13.44959568908248,1.0233536316810323,1.0233536316810323
2022,17789,CPLG,COREPOINT LODGING INC,110.0,0.0,0.0130841121495327,1.5523942972476013,13.750116772278766,0.0171098999999999,0.0171098999999999
2018,17860,RVI,RETAIL VALUE INC,48.0,,-0.0252293135375579,,13.24065881891927,-0.1861161582963314,-0.1861161582963314
2019,17860,RVI,RETAIL VALUE INC,60.0,0.04507672,0.005479212769671,,13.386443157223985,0.5210855229548563,0.5210855229548563
2020,17860,RVI,RETAIL VALUE INC,72.0,0.12214112,0.025566895604724,1.6698386212128855,12.598885266237238,-0.564413156812797,-0.564413156812797
2021,17860,RVI,RETAIL VALUE INC,84.0,0.95287156,0.0115593750734962,1.5129626821879898,12.65890663235348,0.9517438144125214,0.9517438144125214
2022,17860,RVI,RETAIL VALUE INC,87.0,8.156894,0.0196187220293485,1.4159087782869488,11.090240175707216,-0.02859489,-0.02859489
2018,17952,AFIN,AMERICAN FINANCE TRUST INC,60.0,,0.0085145650623863,,13.818239452927848,-0.061618399864404,-0.061618399864404
2019,17952,RTL,NECESSITY RETAIL REIT INC,72.0,0.07658799,0.0069370017792514,,14.067543273598536,0.0906843559031327,0.0906843559031327
2020,17952,RTL,NECESSITY RETAIL REIT INC,84.0,0.1303248,0.0068792237572785,1.0736619356743022,13.624209595894412,-0.387367578910571,-0.387367578910571
2021,17952,RTL,NECESSITY RETAIL REIT INC,96.0,0.08350562,0.0066738399828753,1.1570897917647942,13.815814500497972,0.3579744473752893,0.3579744473752893
2022,17952,RTL,NECESSITY RETAIL REIT INC,108.0,0.11321301,0.0066301824219615,1.137633408701691,13.763719550591654,-0.2743352217389794,-0.2743352217389794
2023,17952,RTL,NECESSITY RETAIL REIT INC,116.0,0.12835827,0.0068847822348625,1.2064979076262308,13.699565819389544,0.3948687237189527,0.3948687237189527
2018,18259,MDRR,MEDALIST DIVERSIFIED REIT INC,36.0,,,,9.94576492111462,-0.1144,-0.1144
2019,18259,MDRR,MEDALIST DIVERSIFIED REIT INC,48.0,0.13004136,-0.0056731338413784,,9.807823017911277,-0.519529058366891,-0.519529058366891
2020,18259,MDRR,MEDALIST DIVERSIFIED REIT INC,60.0,0.11469677,-0.0129923190321745,1.1511837802519844,9.537060299260162,-0.0614225134464584,-0.0614225134464584
2021,18259,MDRR,MEDALIST DIVERSIFIED REIT INC,72.0,0.016536606,-0.0087154698901233,1.0901250874128532,9.836219569989998,-0.1564852385144811,-0.1564852385144811
2022,18259,MDRR,MEDALIST DIVERSIFIED REIT INC,76.0,0.060353555,0.0008267331359185,1.042403833382423,9.793448435395014,-0.1330070323765899,-0.1330070323765899
2023,18259,MDRR,MEDALIST DIVERSIFIED REIT INC,96.0,0.04715175,0.0010682395736689,1.0886524734571377,9.370142886625487,-0.0866723475969581,-0.0866723475969581
2024,18259,MDRR,MEDALIST DIVERSIFIED REIT INC,108.0,0.010980635,0.0010043546037704,1.0162712803896703,9.47703273739601,0.2857202121788553,0.2857202121788553
2019,18715,PSTL,POSTAL REALTY TRUST INC,36.0,,0.0345160699498712,,11.342369369847669,0.0439446360439019,0.0439446360439019
2020,18715,PSTL,POSTAL REALTY TRUST INC,48.0,0.031272843,0.0058292740420925,,11.621020000761348,0.0458223104059696,0.0458223104059696
2021,18715,PSTL,POSTAL REALTY TRUST INC,60.0,0.037136074,0.0118101243790894,0.2752027544492219,12.467482073406371,0.2310623328627512,0.2310623328627512
2022,18715,PSTL,POSTAL REALTY TRUST INC,72.0,0.053058814,0.0126824777715191,0.364484528749276,12.610094480116414,-0.2224406642149775,-0.2224406642149775
2023,18715,PSTL,POSTAL REALTY TRUST INC,84.0,0.063371815,0.011646871162272,0.4123055150082688,12.59499499318274,0.0708011746641552,0.0708011746641552
2024,18715,PSTL,POSTAL REALTY TRUST INC,96.0,0.06364341,0.010976199137373,0.4419662074749874,12.675164678118556,-0.0408233276078585,-0.0408233276078585
2019,19037,PINE,ALPINE INCOME PROPERTY TRUST INC,36.0,,,,11.986133288814164,0.0168999999999999,0.0168999999999999
2020,19037,PINE,ALPINE INCOME PROPERTY TRUST INC,48.0,0.04791778,0.0187930923502215,,11.648222631755289,-0.167111262202693,-0.167111262202693
2021,19037,PINE,ALPINE INCOME PROPERTY TRUST INC,60.0,0.043594103,0.0121913059420305,0.9575920823960884,12.072349949310224,0.4108602690493104,0.4108602690493104
2022,19037,PINE,ALPINE INCOME PROPERTY TRUST INC,72.0,0.054964382,0.0110768564884371,0.8556823709470943,12.295399811575992,0.0113375194079292,0.0113375194079292
2023,19037,PINE,ALPINE INCOME PROPERTY TRUST INC,84.0,0.06098892,0.0100151534469053,0.8444731734266565,12.354834317695053,-0.0535377035462024,-0.0535377035462024
2024,19037,PINE,ALPINE INCOME PROPERTY TRUST INC,96.0,0.066786356,0.0104171893814061,0.8347240242474075,12.339239567413983,0.0618726610321038,0.0618726610321038
2020,19601,NTST,NETSTREIT CORP,36.0,,-0.0018828268675015,,13.098867178897356,0.0797918147597638,0.0797918147597638
2021,19601,NTST,NETSTREIT CORP,48.0,0.02826179,0.0065713501907517,,13.579576396208834,0.2186082049692066,0.2186082049692066
2022,19601,NTST,NETSTREIT CORP,60.0,0.03517674,0.0096908347303581,0.4883815556454631,13.798231839577854,-0.1678684189756917,-0.1678684189756917
2023,19601,NTST,NETSTREIT CORP,72.0,0.041643325,0.0096505294522154,0.653778098663961,13.906868952766123,0.0212584204526327,0.0212584204526327
2024,19601,NTST,NETSTREIT CORP,84.0,0.043197062,0.0106282797106214,0.7571917114314043,14.040101205565746,-0.1655212433774393,-0.1655212433774393
2020,19602,NYC,NEW YORK CITY REIT INC,60.0,,0.0008147760926191,,10.456485333209033,-0.3875515692568501,-0.3875515692568501
2021,19602,NYC,AMERICAN STRATEGIC INVESTMENT CO,72.0,0.029838411,-0.0043590730018463,,11.354478048722765,0.363895481356757,0.363895481356757
2022,19602,NYC,AMERICAN STRATEGIC INVESTMENT CO,84.0,0.05886492,-0.0020153183946409,0.1682558840968003,11.17711691859698,-0.6042861370447684,-0.6042861370447684
2023,19602,NYC,AMERICAN STRATEGIC INVESTMENT CO,96.0,0.015446961,-0.0054258353651737,0.0593641110792856,9.877860515766896,-0.4372143118701652,-0.4372143118701652
2024,19602,NYC,AMERICAN STRATEGIC INVESTMENT CO,108.0,0.0,-0.0274526650437722,0.0118921083560644,9.939132849029289,0.0651926645846443,0.0651926645846443
2020,19658,BNL,BROADSTONE NET LEASE INC,72.0,,,,13.989759136504835,0.18177792504,0.18177792504
2021,19658,BNL,BROADSTONE NET LEASE INC,84.0,0.028637635,0.0113952099679807,,14.821702076048348,0.3261572801698174,0.3261572801698174
2022,19658,BNL,BROADSTONE NET LEASE INC,96.0,0.052224368,0.0151146733137852,0.6364602484074501,15.00879394622844,-0.3069705817668227,-0.3069705817668227
2023,19658,BNL,BROADSTONE NET LEASE INC,108.0,0.06598925,0.0139347371855956,0.783751735789238,14.908084158305572,0.1391173440209592,0.1391173440209592
2024,19658,BNL,BROADSTONE NET LEASE INC,120.0,0.069145836,0.0137070396889061,0.8254267935619097,14.945608641189658,-0.0127061773488749,-0.0127061773488749
2020,19858,SQFT,PRESIDIO PROPERTY TRUST INC,36.0,,,,10.470355484189035,0.1225580799999999,0.1225580799999999
2021,19858,SQFT,PRESIDIO PROPERTY TRUST INC,48.0,0.08277837,0.0020917545183435,,10.567399552247627,0.0225412293675313,0.0225412293675313
2022,19858,SQFT,PRESIDIO PROPERTY TRUST INC,59.0,0.16033971,-0.0013635041219278,0.391736123858309,10.323517409946945,-0.6042861370447684,-0.6042861370447684
2023,19858,SQFT,PRESIDIO PROPERTY TRUST INC,72.0,0.17555076,-0.0004428313676539,0.90960753951629,9.484062470635992,0.2556472690151039,0.2556472690151039
2024,19858,SQFT,PRESIDIO PROPERTY TRUST INC,75.0,0.068577565,-0.0027310501977079,1.195110241609645,9.63707532002005,0.1844475472639999,0.1844475472639999
2020,20191,AIRC,APARTMENT INCOME REIT CORP,60.0,,,,15.55701491826511,0.0,0.0
2021,20191,AIRC,APARTMENT INCOME REIT CORP,72.0,0.029689206,0.0067196749067539,,15.806409251652594,0.4765398806592562,0.4765398806592562
2022,20191,AIRC,APARTMENT INCOME REIT CORP,84.0,0.041531052,0.0064935770611459,0.7942270949725736,15.728522482754988,-0.3459131543444798,-0.3459131543444798
2023,20191,AIRC,APARTMENT INCOME REIT CORP,96.0,0.05320775,0.0130330222478743,0.8031998247887548,15.44899023550628,0.0666172107853639,0.0666172107853639
2024,20191,AIRC,APARTMENT INCOME REIT CORP,101.0,0.051134724,0.0151340705109561,0.7838343422222163,15.424049151678933,0.1323269773888278,0.1323269773888278
2021,22128,IVT,INVENTRUST PROPERTIES CORP,132.0,,,,14.392090243293802,0.15742952,0.15742952
2022,22128,IVT,INVENTRUST PROPERTIES CORP,144.0,0.032585554,0.0099507872814497,,14.402010371762566,-0.1028443857182203,-0.1028443857182203
2023,22128,IVT,INVENTRUST PROPERTIES CORP,156.0,0.035236936,0.0108708260479316,1.027649370399269,14.29086630487061,0.1098669345112188,0.1098669345112188
2024,22128,IVT,INVENTRUST PROPERTIES CORP,168.0,0.031596206,0.011802730910671,0.7926536323679453,14.470287011038833,0.229289587820064,0.229289587820064
2021,22207,GIPR,GENERATION INCOME PROPERTIES INC,36.0,,,,9.525599673579782,-0.1009816,-0.1009816
2022,22207,GIPR,GENERATION INCOME PROPERTIES INC,48.0,0.0978479,-0.0010707208460793,,9.553786470989929,-0.1453006247136504,-0.1453006247136504
2023,22207,GIPR,GENERATION INCOME PROPERTIES INC,60.0,0.10950653,-0.0027160969557228,0.0665177155725832,9.375344122750924,-0.0008215929567971,-0.0008215929567971
2024,22207,GIPR,GENERATION INCOME PROPERTIES INC,71.0,0.108372934,-0.0018163701005937,0.0472089963007273,9.697601782136202,-0.4918409780546223,-0.4918409780546223
2021,22264,ONL,ORION OFFICE REIT INC,36.0,,,,13.846438322533643,0.0505999999999999,0.0505999999999999
2022,22264,ONL,ORION OFFICE REIT INC,48.0,0.036354955,0.0402184144153096,,13.388377309292595,-0.524193084520561,-0.524193084520561
2023,22264,ONL,ORION OFFICE REIT INC,60.0,0.0654544,0.0149668699117802,1.2160705518013062,12.772932433932713,-0.2844011520233365,-0.2844011520233365
2024,22264,ONL,ORION OFFICE REIT INC,72.0,0.10524785,0.0139073590955089,1.2295601244747358,12.276816887312329,-0.2783226806061489,-0.2783226806061489
2021,22360,CBL,C B L & ASSOCIATES PPTYS INC,360.0,,,,13.33965594563092,0.0074,0.0074
2022,22360,CBL,C B L & ASSOCIATES PPTYS INC,372.0,0.04732739,0.0041652072127535,,13.664205542859811,-0.1683383485341756,-0.1683383485341756
2023,22360,CBL,C B L & ASSOCIATES PPTYS INC,384.0,0.13915549,0.0191213981814127,1.4684680002318815,13.516406446631493,0.1282819401731227,0.1282819401731227
2024,22360,CBL,C B L & ASSOCIATES PPTYS INC,396.0,0.065126196,0.0196650216457562,1.296692109417514,13.577704513898402,0.2998124043019108,0.2998124043019108
2022,22857,MDV,MODIV INC,36.0,0.07989168,-0.0183756168350453,,11.643811727632368,-0.2473630235843622,-0.2473630235843622
2023,22857,MDV,MODIV INDUSTRIAL INC,48.0,0.084557734,0.0085422779828578,-0.1844104144937904,11.53594916875752,0.35223017426224,0.35223017426224
2024,22857,MDV,MODIV INDUSTRIAL INC,60.0,0.067341276,0.0062647222222291,-0.1087307757164646,11.86483257950381,0.1534826932612236,0.1534826932612236
2022,23345,BHM,BLUEROCK HOMES TRUST INC,36.0,,,,11.415081364772028,-0.1576682800000001,-0.1576682800000001
2023,23345,BHM,BLUEROCK HOMES TRUST INC,48.0,0.014295925,0.0019584932938212,,11.048494518590497,-0.2966352594243437,-0.2966352594243437
2024,23345,BHM,BLUEROCK HOMES TRUST INC,60.0,0.057884544,0.0010185855715466,0.6992321617336518,11.015452472900243,-0.0514451086838689,-0.0514451086838689
2023,23711,STRW,STRAWBERRY FIELDS REIT INC,36.0,0.057882234,0.0261146292691494,,10.717748596901302,0.0294488355343396,0.0294488355343396
2024,23711,STRW,STRAWBERRY FIELDS REIT INC,48.0,0.044015136,0.021536865858005,0.3197097283950297,11.18946938544,0.4358671217023804,0.4358671217023804
2023,23829,PKST,PEAKSTONE REALTY TRUST,60.0,,-0.0040187365974334,,13.485128597736177,-0.0695548995475247,-0.0695548995475247
2024,23829,PKST,PEAKSTONE REALTY TRUST,72.0,0.06849708,-0.0040414017767875,2.8556720722046243,13.083688478562202,-0.4034806324562655,-0.4034806324562655
2024,24817,AHR,AMERICAN HEALTHCARE REIT INC,60.0,0.025096426,0.0042012750167051,,14.406977209185811,1.0233536316810323,1.0233536316810323
2024,25166,SILA,SILA REALTY TRUST INC,60.0,,0.0161289090365628,,14.068678215459574,0.1867320803882957,0.1867320803882957
2024,25437,CURB,CURBLINE PROPERTIES CORP,48.0,,,,14.712577281293198,0.0370528000000001,0.0370528000000001
2024,25682,FVR,FRONTVIEW REIT INC,36.0,,,,12.590716216797086,-0.0169074900000001,-0.0169074900000001
2024,25804,MKZR,MACKENZIE REALTY CAPITAL INC,12.0,,,,10.670306462702415,-0.0122999999999999,-0.0122999999999999
2021,26650,CTLC,CONSOLIDATED TOMOKA LAND CO,589.0,0.18346311,0.0583368943752459,0.7173492063905802,12.688317383058394,0.2755408631234002,0.2755408631234002
2022,26650,CTO,C T O REALTY GROWTH INC NEW,601.0,0.066384554,0.007754835421458,0.680958224610412,12.849525918214487,-0.0376301814119944,-0.0376301814119944
2023,26650,CTO,C T O REALTY GROWTH INC NEW,613.0,0.08313295,0.0085393658196284,0.7025066790034361,12.871119542875803,0.0359083777856517,0.0359083777856517
2024,26650,CTO,C T O REALTY GROWTH INC NEW,625.0,0.078507625,0.0095291552772754,0.660354937267155,13.016495836630709,0.235296098634864,0.235296098634864
2004,27511,CUZ,COUSINS PROPERTIES INC,385.0,0.12649007,0.0060508015101202,0.1352326877793455,14.279058393220554,0.2618815402694339,0.2618815402694339
2005,27511,CUZ,COUSINS PROPERTIES INC,397.0,0.25455692,0.0474464612840072,0.1646991491592055,14.189254681677872,-0.0153998565755097,-0.0153998565755097
2006,27511,CUZ,COUSINS PROPERTIES INC,409.0,0.061526537,0.0128565983668932,0.3640270340819056,14.33103570468636,0.4245774925843963,0.4245774925843963
2007,27511,CUZ,COUSINS PROPERTIES INC,421.0,0.14045759,0.0356773250926348,0.5454155985411943,14.241903600781065,-0.3400398591417826,-0.3400398591417826
2008,27511,CUZ,COUSINS PROPERTIES INC,433.0,0.07348693,0.0063157666891465,0.8898206857130934,13.905757800467136,-0.333530494687844,-0.333530494687844
2009,27511,CUZ,COUSINS PROPERTIES INC,445.0,0.123417675,0.0082892183799108,1.3663653852829565,13.133211053199917,-0.3952714483290898,-0.3952714483290898
2010,27511,CUZ,COUSINS PROPERTIES INC,457.0,0.049190488,-0.0121090395119039,1.3388275510435523,13.528394889591375,0.146609459592363,0.146609459592363
2011,27511,CUZ,COUSINS PROPERTIES INC,469.0,0.029309103,0.0048500285600411,1.3441836702339724,13.57500922457748,-0.2130525341227866,-0.2130525341227866
2012,27511,CUZ,COUSINS PROPERTIES INC,481.0,0.023068786,-0.0043030092370393,1.3481367973820308,13.607084455527277,0.3330428341766596,0.3330428341766596
2013,27511,CUZ,COUSINS PROPERTIES INC,493.0,0.01477442,0.0140147314381012,1.3640434468201492,14.177356908352944,0.2560331532384334,0.2560331532384334
2014,27511,CUZ,COUSINS PROPERTIES INC,505.0,0.018386072,0.0125640978815796,1.1390812250664923,14.718761926483404,0.1369803477848183,0.1369803477848183
2015,27511,CUZ,COUSINS PROPERTIES INC,517.0,0.030895943,0.0171470599862314,1.1763013705690786,14.588865782937535,-0.1467225034449344,-0.1467225034449344
2016,27511,CUZ,COUSINS PROPERTIES INC,529.0,0.029085653,0.0180722569876464,1.1403527011639427,14.671101781782268,0.2417465961467364,0.2417465961467364
2017,27511,CUZ,COUSINS PROPERTIES INC,541.0,0.02341522,0.0139601522766746,0.8905527951527515,15.11656924689841,0.1244568411500184,0.1244568411500184
2018,27511,CUZ,COUSINS PROPERTIES INC,553.0,0.025757497,0.01539986357355,0.8917362466344013,15.127758671711094,-0.126872977279328,-0.126872977279328
2019,27511,CUZ,COUSINS PROPERTIES INC,565.0,0.025598766,0.0172103750360609,0.8972286149311488,15.384915886119453,0.3440106123303517,0.3440106123303517
2020,27511,CUZ,COUSINS PROPERTIES INC,577.0,0.037737533,0.0129494386117473,0.8523508209742795,15.350386271272429,-0.1475010697220035,-0.1475010697220035
2021,27511,CUZ,COUSINS PROPERTIES INC,589.0,0.032280397,0.014372142769173,0.8365980734449491,15.519871534750822,0.2316333560944723,0.2316333560944723
2022,27511,CUZ,COUSINS PROPERTIES INC,601.0,0.04153666,0.0142336226119748,0.8688497375734242,15.33758433784528,-0.3461245164988407,-0.3461245164988407
2023,27511,CUZ,COUSINS PROPERTIES INC,613.0,0.05761206,0.0135872829418832,0.964931992573779,15.032626889428238,0.0191091484948544,0.0191091484948544
2024,27511,CUZ,COUSINS PROPERTIES INC,625.0,0.048706353,0.0131059684790937,1.0732852545344194,15.21022282006073,0.3224750272344805,0.3224750272344805
2016,31974,FCE,FOREST CITY ENTERPRISES INC,684.0,0.00913833,0.0239363230340853,1.50114646797068,15.453804326702516,0.0745436393219425,0.0745436393219425
2017,31974,FCE,FOREST CITY REALTY TRUST INC,696.0,0.013875623,0.0062346575495578,0.9667900239765702,15.604703228664286,0.1790756172521699,0.1790756172521699
2018,31974,FCE,FOREST CITY REALTY TRUST INC,707.0,0.022946447,0.0129206837987601,0.8995264237154751,15.63262787306421,0.0676173754349958,0.0676173754349958
2010,39917,WY,WEYERHAEUSER CO,732.0,0.49025443,0.0050556799709233,1.0636167599431394,15.842894691988732,0.2537038702127214,0.2537038702127214
2011,39917,WY,WEYERHAEUSER CO,744.0,0.24576099,0.0192345733241781,1.1079489065820651,16.202950394423986,0.0168247012297537,0.0168247012297537
2012,39917,WY,WEYERHAEUSER CO,756.0,0.025947636,0.0145476832755623,1.107576147337143,16.348420716679016,0.5304648133641592,0.5304648133641592
2013,39917,WY,WEYERHAEUSER CO,768.0,0.02379284,0.0188258486914536,1.1253510414740506,16.636279881531525,0.1665873908676398,0.1665873908676398
2014,39917,WY,WEYERHAEUSER CO,780.0,0.02905094,0.0185833387001092,1.2404489840976762,16.70147379589442,0.173162068950146,0.173162068950146
2015,39917,WY,WEYERHAEUSER CO,792.0,0.03576531,0.0234563846478842,1.1673458411668916,16.600094295902085,-0.1313672698170016,-0.1313672698170016
2016,39917,WY,WEYERHAEUSER CO,804.0,0.035079226,0.014779038164307,1.2378164413701012,16.911529335049366,0.0449187893092886,0.0449187893092886
2017,39917,WY,WEYERHAEUSER CO,816.0,0.036034938,0.0171657472944932,1.2889770115469406,17.050340686079206,0.2153428726071757,0.2153428726071757
2018,39917,WY,WEYERHAEUSER CO,828.0,0.040107917,0.0165208493461546,1.3765245823584218,17.013584705189945,-0.3539424116292829,-0.3539424116292829
2019,39917,WY,WEYERHAEUSER CO,840.0,0.051037386,0.0115545690144066,1.5755807970681388,16.807958684817454,0.4522002093076773,0.4522002093076773
2020,39917,WY,WEYERHAEUSER CO,852.0,0.04155086,0.0128738376430614,1.6033038526420291,16.766786758793742,0.13824063633432,0.13824063633432
2021,39917,WY,WEYERHAEUSER CO,864.0,0.01788998,0.0213291665214998,1.3718683864527124,17.106532696217357,0.2686236635811152,0.2686236635811152
2022,39917,WY,WEYERHAEUSER CO,876.0,0.06935822,0.0233301470518308,1.241787985488141,17.077616294765054,-0.2017011427830352,-0.2017011427830352
2023,39917,WY,WEYERHAEUSER CO,888.0,0.05448601,0.0177473485823991,1.2222973391789878,16.956597408554106,0.1815323772196588,0.1815323772196588
2024,39917,WY,WEYERHAEUSER CO,900.0,0.03182291,0.0188813926332365,1.1757439763510058,16.94921228056407,-0.1665385631004649,-0.1665385631004649
2006,40468,GYRO,GYRODYNE COMPANY AMERICA INC,409.0,0.0,0.2043146802413306,0.1025200598509609,11.049253809829723,0.1422434333048818,0.1422434333048818
2007,40468,GYRO,GYRODYNE COMPANY AMERICA INC,421.0,0.06291643,-0.0015358888991002,0.2310174186572329,11.1797147008444,-0.2085537592875347,-0.2085537592875347
2008,40468,GYRO,GYRODYNE COMPANY AMERICA INC,433.0,0.014390214,-0.0237003490548428,0.3387768345652928,10.743679600803132,-0.4563079046126044,-0.4563079046126044
2009,40468,GYRO,GYRODYNE COMPANY AMERICA INC,445.0,0.0,-0.0114528327678857,0.4389354853274843,10.65846073406246,0.6760318039820845,0.6760318039820845
2010,40468,GYRO,GYRODYNE COMPANY AMERICA INC,457.0,0.0,-0.0194577836146558,0.530142074433848,11.20640842175217,0.924292367471583,0.924292367471583
2011,40468,GYRO,GYRODYNE COMPANY AMERICA INC,469.0,0.0,-0.0012201211484077,0.6404480357369308,11.506647976454632,0.2652863012599507,0.2652863012599507
2012,40468,GYRO,GYRODYNE COMPANY AMERICA INC,481.0,0.044291794,0.0002062273719887,0.6907438607251701,11.937318064042202,0.0819330660981161,0.0819330660981161
2013,40468,GYRO,GYRODYNE COMPANY AMERICA INC,493.0,0.78197294,-0.0123342490846392,0.6628365196310687,11.446117342064564,-0.1871915154844817,-0.1871915154844817
2015,40468,GYRO,GYRODYNE COMPANY AMERICA INC,513.0,0.0639412,-0.0196761620964798,0.746377770799222,9.275465459023906,-0.0817435399079999,-0.0817435399079999
2004,46703,MHS,MARRIOTT CORP,660.0,0.0005069193,0.0083886069197589,0.512749214706402,15.30487293405695,0.4086073935231851,0.4086073935231851
2005,46703,MHS,MARRIOTT CORP,672.0,0.012163527,0.0118970097895724,0.6885617217942475,15.61545056753964,0.1211919502418255,0.1211919502418255
2006,46703,MHS,MARRIOTT CORP,684.0,0.021280913,0.016084212468332,0.979942819396432,16.14399802741035,0.3391398565459587,0.3391398565459587
2007,46703,MHS,MARRIOTT CORP,696.0,0.037429687,0.0175877930477445,0.8570227139608498,16.30499853398784,-0.2716039542760506,-0.2716039542760506
2008,46703,MHS,MARRIOTT CORP,708.0,0.076047815,0.0226719639818429,0.9994219214316628,15.737613855811473,-0.5336478965226137,-0.5336478965226137
2009,46703,MHS,MARRIOTT CORP,720.0,0.0522361,0.0170998057716208,1.7971924691510974,15.358270433984185,0.578257390980869,0.578257390980869
2010,46703,MHS,MARRIOTT CORP,732.0,0.01563612,0.0060569478499166,2.0594948067947176,16.052668188648816,0.535341239277779,0.535341239277779
2011,46703,MHS,MARRIOTT CORP,744.0,0.0048976126,0.009813622236391,2.0625399580759103,16.191886919252685,-0.1651866241325357,-0.1651866241325357
2012,46703,MHS,MARRIOTT CORP,756.0,0.013594982,0.0124126716677841,2.0398176136379096,16.230763909775504,0.0808685634852908,0.0808685634852908
2013,46703,MHS,MARRIOTT CORP,768.0,0.02062468,0.0168106636371258,2.1525900015335018,16.393415585617674,0.2729096332705862,0.2729096332705862
2014,46703,MHS,MARRIOTT CORP,780.0,0.025390258,0.0195186906786049,1.8360984311488109,16.61028208592081,0.264960000154937,0.264960000154937
2015,46703,MHS,MARRIOTT CORP,792.0,0.04462448,0.0253365353545896,1.4302745029690926,16.463238534109312,-0.324671226953269,-0.324671226953269
2016,46703,MHS,MARRIOTT CORP,804.0,0.049741264,0.0246575833193979,1.3355012489154,16.31465158976363,0.2915609467714193,0.2915609467714193
2017,46703,MHS,MARRIOTT CORP,816.0,0.045819934,0.0275192756460331,1.1306877976658094,16.437507379154777,0.1021484308246183,0.1021484308246183
2018,46703,MHS,MARRIOTT CORP,828.0,0.04297984,0.025992371353301,1.1404654373868774,16.50084949527891,-0.1221112475770113,-0.1221112475770113
2019,46703,MHS,MARRIOTT CORP,840.0,0.047906633,0.0275691212377593,1.102935416144663,16.39183031791597,0.1654895671142016,0.1654895671142016
2020,46703,MHS,MARRIOTT CORP,852.0,0.054133862,0.0205117192597744,1.1096182107488362,15.974980916225649,-0.1970649889603778,-0.1970649889603778
2021,46703,MHS,MARRIOTT CORP,864.0,0.00223621,-0.0030887314504373,1.142106878216365,16.275598290407267,0.188565469463078,0.188565469463078
2022,46703,MHS,MARRIOTT CORP,876.0,0.0074047707,0.0142107591025744,1.0922961017105028,16.368119756239675,-0.0465591950246486,-0.0465591950246486
2023,46703,MHS,MARRIOTT CORP,888.0,0.040712442,0.028659088014327,1.1438032121570991,16.305223945147528,0.27551961011122,0.27551961011122
2024,46703,MHS,MARRIOTT CORP,900.0,0.05411094,0.0284156423462994,1.160845140086894,16.375127353184286,-0.0549396496541971,-0.0549396496541971
2004,49330,ALX,ALEXANDERS INC,444.0,0.0,-0.0119585785749501,0.36031461966184,13.681268049706969,0.7248572390562007,0.7248572390562007
2005,49330,ALX,ALEXANDERS INC,456.0,0.0,0.0035345582671244,0.4216643554897759,14.047303886639256,0.1418442918323739,0.1418442918323739
2006,49330,ALX,ALEXANDERS INC,468.0,0.0,0.0058479938816176,0.5327414287499623,14.222062451958877,0.7094119129341219,0.7094119129341219
2007,49330,ALX,ALEXANDERS INC,480.0,0.0,-0.0029772864560481,0.7810774041507266,14.506358992328543,-0.15811313842124,-0.15811313842124
2008,49330,ALX,ALEXANDERS INC,492.0,0.0066825137,0.0199239269561016,0.9548025384058896,14.31774036242395,-0.2639316638552169,-0.2639316638552169
2009,49330,ALX,ALEXANDERS INC,504.0,0.023617698,0.0204382174723503,1.2657183589182446,14.020842708293197,0.1943900237300986,0.1943900237300986
2010,49330,ALX,ALEXANDERS INC,516.0,0.008887021,0.0192589093230697,1.2640992005121638,14.330096909961384,0.3849979996682393,0.3849979996682393
2011,49330,ALX,ALEXANDERS INC,528.0,0.027749091,0.0149242870783136,1.2137203301992578,14.534484506932293,-0.0754361990661961,-0.0754361990661961
2012,49330,ALX,ALEXANDERS INC,540.0,0.033775743,0.0161408989418528,1.161457284346364,14.545756044726083,0.2683001248885204,0.2683001248885204
2013,49330,ALX,ALEXANDERS INC,552.0,0.041137565,0.0155406592095016,1.2181485909196186,14.275424632890404,0.0338283069307638,0.0338283069307638
2014,49330,ALX,ALEXANDERS INC,564.0,0.031932104,0.014848529070721,0.9637208289521773,14.477844413305462,0.3712322722326491,0.3712322722326491
2015,49330,ALX,ALEXANDERS INC,576.0,0.03324138,0.0172693633885198,0.860818862759951,14.553282718936934,-0.0906044022331489,-0.0906044022331489
2016,49330,ALX,ALEXANDERS INC,588.0,0.037846208,0.0195309681066982,0.7539139657641795,14.529071556692282,0.1570843018529455,0.1570843018529455
2017,49330,ALX,ALEXANDERS INC,600.0,0.0392551,0.0205633877659758,0.7150483378359759,14.583738680019332,-0.0345950841229009,-0.0345950841229009
2018,49330,ALX,ALEXANDERS INC,612.0,0.049681798,0.0136611796593469,0.6996445065473971,14.411171007357188,-0.1901873084423107,-0.1901873084423107
2019,49330,ALX,ALEXANDERS INC,624.0,0.050261974,0.0172078395967101,0.6101548754322161,14.420884356975138,0.1408504664748711,0.1408504664748711
2020,49330,ALX,ALEXANDERS INC,636.0,0.066683546,0.0187651092030875,0.5520438624622588,14.141427548307512,-0.1041334083489842,-0.1041334083489842
2021,49330,ALX,ALEXANDERS INC,648.0,0.06687583,0.0152331922654157,0.5503389289988719,14.134048462812984,0.0039541724071499,0.0039541724071499
2022,49330,ALX,ALEXANDERS INC,660.0,0.0754727,0.0151995340298811,0.5194847014109051,14.014858572607414,-0.0910054687792656,-0.0910054687792656
2023,49330,ALX,ALEXANDERS INC,672.0,0.093240745,0.0149286908648017,0.6464879002817311,13.805596478203944,0.0654289050605518,0.0654289050605518
2024,49330,ALX,ALEXANDERS INC,684.0,0.07938048,0.0156344394467939,0.6460958706135488,13.942346083659368,0.0152787999117043,0.0152787999117043
2006,49744,PCH,POTLATCH CORP,684.0,0.31926045,0.0333294632028026,0.9286647253368008,14.18017876139148,0.2719808140482582,0.2719808140482582
2007,49744,PCH,POTLATCHDELTIC CORP,696.0,0.06280923,0.0205670976191982,0.999189025819316,14.378380020777785,0.0598830593845021,0.0598830593845021
2008,49744,PCH,POTLATCHDELTIC CORP,708.0,0.052713916,0.0275414863517451,1.0682500273809494,14.269896688499786,-0.2779720750450604,-0.2779720750450604
2009,49744,PCH,POTLATCHDELTIC CORP,720.0,0.07835328,0.0195820007371562,1.0860200231326105,13.890360508299764,0.3197528398449838,0.3197528398449838
2010,49744,PCH,POTLATCHDELTIC CORP,732.0,0.05617,0.0592128861727009,1.0073330596426184,14.123899102626533,0.0832115620263349,0.0832115620263349
2011,49744,PCH,POTLATCHDELTIC CORP,744.0,0.058080588,0.0583103543975868,0.931213671681706,14.151595924183743,0.0076961605388075,0.0076961605388075
2012,49744,PCH,POTLATCHDELTIC CORP,756.0,0.044703558,0.0215511285078412,0.857733282868011,14.128537550723085,0.3040685546591777,0.3040685546591777
2013,49744,PCH,POTLATCHDELTIC CORP,768.0,0.029258674,0.0284265755520507,0.8764312361134259,14.358830461381793,0.0993935155741974,0.0993935155741974
2014,49744,PCH,POTLATCHDELTIC CORP,780.0,0.033130776,0.0366335663872419,0.713401257059021,14.31931939190131,0.0387911517027437,0.0387911517027437
2015,49744,PCH,POTLATCHDELTIC CORP,792.0,0.042474493,0.0323416037523478,0.690375002048086,14.163091100927137,-0.2443390914678358,-0.2443390914678358
2016,49744,PCH,POTLATCHDELTIC CORP,804.0,0.043035757,0.0156446832923515,0.9931892868233826,14.172980146657215,0.4355183548472805,0.4355183548472805
2017,49744,PCH,POTLATCHDELTIC CORP,816.0,0.031871922,0.015981067040938,1.3754999018290428,14.465796973950098,0.2364815109087554,0.2364815109087554
2018,49744,PCH,POTLATCHDELTIC CORP,828.0,0.06180891,0.0269998225433783,1.3107710064623943,14.829170155442894,-0.2851062977325663,-0.2851062977325663
2019,49744,PCH,POTLATCHDELTIC CORP,840.0,0.099583566,0.0198800710957884,1.369272173453809,14.7778728596676,0.4228204775185775,0.4228204775185775
2020,49744,PCH,POTLATCHDELTIC CORP,852.0,0.040216457,0.0117226890132733,1.1553226668774832,14.80690397535677,0.2040167180786809,0.2040167180786809
2021,49744,PCH,POTLATCHDELTIC CORP,864.0,0.035858188,0.0404292005905311,0.931716048280918,15.09923748062134,0.3232260642663862,0.3232260642663862
2022,49744,PCH,POTLATCHDELTIC CORP,876.0,0.107526444,0.0496364882674203,0.884633763455381,15.07989401685928,-0.2242062801864224,-0.2242062801864224
2023,49744,PCH,POTLATCHDELTIC CORP,888.0,0.05519737,0.0229293085153697,0.909543802996732,15.15251780703958,0.1576898906716846,0.1576898906716846
2024,49744,PCH,POTLATCHDELTIC CORP,900.0,0.042021085,0.0117177360849081,0.8929080207760726,15.04123877599635,-0.1660431197355462,-0.1660431197355462
2006,50092,LFB,LONGVIEW FIBRE CO,564.0,0.20022212,0.0099920280843951,1.0387298671797478,14.017221703868788,0.676849024993204,0.676849024993204
2007,50092,LFBR,LONGVIEW FIBRE CO,567.0,0.29022038,0.0221497004553673,1.0288186247039952,14.244048305239152,0.1325546602999998,0.1325546602999998
2004,50585,UBP,URSTADT BIDDLE PROPERTIES INC,432.0,0.051267337,0.0199379254828297,0.1482957855628657,11.536515664926087,0.2351401262956216,0.2351401262956216
2005,50585,UBP,URSTADT BIDDLE PROPERTIES INC,444.0,0.04777613,0.0186396236308313,0.2050393462953973,11.695429455326536,0.0222500817393729,0.0222500817393729
2006,50585,UBP,URSTADT BIDDLE PROPERTIES INC,456.0,0.046349775,0.0179074477633853,0.2075895449388405,11.764624024480176,0.1711936053916847,0.1711936053916847
2007,50585,UBP,URSTADT BIDDLE PROPERTIES INC,468.0,0.045584947,0.0198210310034729,0.2735487234126189,11.80384890684474,-0.09430528265288,-0.09430528265288
2008,50585,UBP,URSTADT BIDDLE PROPERTIES INC,480.0,0.052017853,0.0171727493186294,0.4815010145402301,11.767213468137257,-0.0100763434327638,-0.0100763434327638
2009,50585,UBP,URSTADT BIDDLE PROPERTIES INC,492.0,0.06569501,0.0150666959677211,0.3951699482451833,11.622528374189256,0.1221392619650261,0.1221392619650261
2010,50585,UBP,URSTADT BIDDLE PROPERTIES INC,504.0,0.058738608,0.0138841754145548,0.3454912325922714,11.755746372884204,0.1764267191569868,0.1764267191569868
2011,50585,UBP,URSTADT BIDDLE PROPERTIES INC,516.0,0.052192044,0.0157518206991443,0.3454583706662717,11.8681898095596,0.0776419710815614,0.0776419710815614
2012,50585,UBP,URSTADT BIDDLE PROPERTIES INC,528.0,0.045867994,0.0139430861727041,0.4017409178868815,12.00219489335074,0.1247007765317611,0.1247007765317611
2013,50585,UBP,URSTADT BIDDLE PROPERTIES INC,540.0,0.05135153,0.0101516195006408,0.4119155819364941,11.989254819791237,-0.0726277399076387,-0.0726277399076387
2014,50585,UBP,URSTADT BIDDLE PROPERTIES INC,552.0,0.05059378,0.0127589338635968,0.5355786648688641,11.994854041378206,0.2142443926413721,0.2142443926413721
2015,50585,UBP,URSTADT BIDDLE PROPERTIES INC,564.0,0.05262786,0.0107554118013457,0.5601920918334559,12.015243630616744,0.0235007309935271,0.0235007309935271
2016,50585,UBP,URSTADT BIDDLE PROPERTIES INC,576.0,0.046692148,0.0113219902776757,0.3357786850577165,12.10483773683936,0.1121910355027206,0.1121910355027206
2017,50585,UBP,URSTADT BIDDLE PROPERTIES INC,588.0,0.053407196,0.0122315077323836,0.0774032741927304,12.032000347330236,-0.0635804516432331,-0.0635804516432331
2018,50585,UBP,URSTADT BIDDLE PROPERTIES INC,600.0,0.05453984,0.0121963910622107,0.1262118917839606,12.029552444063954,-0.0608894224150248,-0.0608894224150248
2019,50585,UBP,URSTADT BIDDLE PROPERTIES INC,612.0,0.053594083,0.0133153254061214,0.3773818337334131,12.07921558307084,0.3945096949067668,0.3945096949067668
2020,50585,UBP,URSTADT BIDDLE PROPERTIES INC,624.0,0.07925431,0.0121646586223713,0.7044760611381037,11.620844694765394,-0.3605756566324122,-0.3605756566324122
2021,50585,UBP,URSTADT BIDDLE PROPERTIES INC,636.0,0.037759494,0.0112757313206979,1.073702943420526,11.972283899796896,0.6696968455046526,0.6696968455046526
2022,50585,UBP,URSTADT BIDDLE PROPERTIES INC,648.0,0.04920477,0.0138648769465201,0.9846217640923516,12.092413006867153,-0.0007572653479304,-0.0007572653479304
2023,50585,UBP,URSTADT BIDDLE PROPERTIES INC,655.0,0.048389923,0.0147149430838255,0.8357740914650306,12.137948522548715,0.2778173475143326,0.2778173475143326
2004,52214,MSW,MISSION WEST PPTYS INC MD,408.0,0.08381639,0.0269496947734364,0.3212686982235094,12.224778829780265,-0.1140527612468504,-0.1140527612468504
2005,52214,MSW,MISSION WEST PPTYS INC MD,420.0,0.07154709,0.0233700211516235,0.3739905145283932,12.13931384945051,-0.0256426244732262,-0.0256426244732262
2006,52214,MSW,MISSION WEST PPTYS INC MD,432.0,0.054755617,0.0219786883196291,0.563321359066497,12.28649091967145,0.4193220336891159,0.4193220336891159
2007,52214,MSW,MISSION WEST PPTYS INC MD,444.0,0.050417867,0.0178550460418604,0.6775060297408002,12.422402626287148,-0.235082968621018,-0.235082968621018
2008,52214,MSW,MISSION WEST PPTYS INC MD,456.0,0.07552755,0.0250230861623284,0.8685415267646492,12.147299543129945,-0.1242530338916315,-0.1242530338916315
2009,52214,MSW,MISSION WEST PPTYS INC MD,468.0,0.104483984,0.0126449825252561,0.5474116205878626,11.905013327203848,0.0336742542060943,0.0336742542060943
2010,52214,MSW,MISSION WEST PPTYS INC MD,480.0,0.088773884,0.0163497387605203,0.4769983629480907,11.917946191353831,0.0153534380309179,0.0153534380309179
2011,52214,MSW,MISSION WEST PPTYS INC MD,492.0,0.07272873,0.0143768065932464,0.4462886945208795,12.063739374297718,0.4397184953222894,0.4397184953222894
2012,52214,MSW,MISSION WEST PPTYS INC MD,503.0,0.06621328,0.0155751273183288,0.4201534889617164,12.224381061403935,0.0672089583889454,0.0672089583889454
2004,55029,MNRTA,MONMOUTH REAL ESTATE INVT CORP,385.0,0.06534765,0.0207580854456657,0.2292527946630768,11.845892640863529,0.0630480538083477,0.0630480538083477
2005,55029,MNRTA,MONMOUTH REAL ESTATE INVT CORP,397.0,0.06795757,0.0173614852749364,0.2967470285178387,11.919556785769862,0.0008690956771597,0.0008690956771597
2006,55029,MNRTA,MONMOUTH REAL ESTATE INVT CORP,409.0,0.06968887,0.0165422318550605,0.2396896426150868,11.99890511990678,0.1330978741970438,0.1330978741970438
2007,55029,MNRTA,MONMOUTH REAL ESTATE INVT CORP,421.0,0.067501,0.0162920038471646,0.3060782830740107,12.11940315618125,0.0296128198466956,0.0296128198466956
2008,55029,MNRTA,MONMOUTH REAL ESTATE INVT CORP,433.0,0.079601645,0.0075562385565897,0.294074437685049,12.094612421227056,-0.0625044175690939,-0.0625044175690939
2009,55029,MNRTA,MONMOUTH REAL ESTATE INVT CORP,445.0,0.09053534,0.0057873032846019,0.2939226574594831,12.014969734655992,0.1678702760742978,0.1678702760742978
2010,55029,MNRTA,MONMOUTH REAL ESTATE INVT CORP,457.0,0.069683455,0.010388904221339,0.3608089643115084,12.39855679165902,0.2389221515908057,0.2389221515908057
2011,55029,MNRTA,MONMOUTH REAL ESTATE INVT CORP,469.0,0.06818865,0.0118044362870688,0.4006015196207852,12.606587038770506,0.1557623012881017,0.1557623012881017
2012,55029,MNRTA,MONMOUTH REAL ESTATE INVT CORP,481.0,0.05444641,0.0141293658110743,0.389498873547397,12.95288608832506,0.2002277482050403,0.2002277482050403
2013,55029,MNRTA,MONMOUTH REAL ESTATE INVT CORP,493.0,0.058769125,0.0101432205411022,0.4152384528985783,12.960869113479603,-0.0683983506061518,-0.0683983506061518
2014,55029,MNRTA,MONMOUTH REAL ESTATE INVT CORP,505.0,0.05387624,0.0093104785913016,0.4818821925694714,13.18771368373686,0.2907409990634693,0.2907409990634693
2015,55029,MNRTA,MONMOUTH REAL ESTATE INVT CORP,517.0,0.056242418,0.0100940882098516,0.4172307975251918,13.333780777069425,0.0028603730540432,0.0028603730540432
2016,55029,MNRTA,MONMOUTH REAL ESTATE INVT CORP,529.0,0.04710735,0.010499831765615,0.371338398232573,13.655715824654791,0.5323803607715205,0.5323803607715205
2017,55029,MNRTA,MONMOUTH REAL ESTATE INVT CORP,541.0,0.03963007,0.0106913765915585,0.4280301233698,13.951205052715396,0.2169425097473765,0.2169425097473765
2018,55029,MNRTA,MONMOUTH REAL ESTATE INVT CORP,553.0,0.041330732,0.0105877702145109,0.5375277942039115,14.046851706539435,-0.2713745229417231,-0.2713745229417231
2019,55029,MNRTA,MONMOUTH REAL ESTATE INVT CORP,565.0,0.04643635,0.0109758294812886,0.6701448574188794,14.090944638848397,0.2261082467114477,0.2261082467114477
2020,55029,MNRTA,MONMOUTH REAL ESTATE INVT CORP,577.0,0.047651116,0.0105668717218982,0.6722807538980401,14.142996516039538,0.2548158451999829,0.2548158451999829
2021,55029,MNRTA,MONMOUTH REAL ESTATE INVT CORP,589.0,0.044370294,0.0096943660488197,0.6812941934824361,14.428313097077076,0.2721624296108276,0.2721624296108276
2022,55029,MNRTA,MONMOUTH REAL ESTATE INVT CORP,590.0,0.042800497,0.0052808026158842,0.6251054193977027,14.54171581891132,-0.001,-0.001
2004,55634,HMG,H M G COURTLAND PROPERTIES LTD,396.0,0.0,0.0017584353144601,0.1397164298787093,9.388595997239966,0.6376250517764903,0.6376250517764903
2005,55634,HMG,H M G COURTLAND PROPERTIES LTD,408.0,0.01899564,0.015142756185023,0.0284601502954247,9.45042408354585,-0.2043725511453115,-0.2043725511453115
2006,55634,HMG,H M G COURTLAND PROPERTIES LTD,420.0,0.022414826,-0.004220369925509,0.256649723296208,9.382747566915189,0.5229973631432425,0.5229973631432425
2007,55634,HMG,H M G COURTLAND PROPERTIES LTD,432.0,0.0,-0.0014135995123112,0.3660473238345969,9.433480574524504,-0.2888994146298812,-0.2888994146298812
2013,55634,HMG,H M G COURTLAND PROPERTIES LTD,504.0,0.064401306,0.1424573337078115,0.6611319401235284,9.85318144456628,1.0233536316810323,1.0233536316810323
2014,55634,HMG,H M G COURTLAND PROPERTIES LTD,516.0,0.19082351,-0.0147548258887103,0.3127920551976162,9.66585769188713,-0.3371541843844526,-0.3371541843844526
2015,55634,HMG,H M G COURTLAND PROPERTIES LTD,528.0,0.04239416,0.0042003001583764,0.9650940721655904,9.423388599968314,-0.0315850373079956,-0.0315850373079956
2016,55634,HMG,H M G COURTLAND PROPERTIES LTD,540.0,0.04764229,-0.0057408971537911,0.8814277425180727,9.290327732978488,0.2427982158590427,0.2427982158590427
2017,55634,HMG,H M G COURTLAND PROPERTIES LTD,552.0,0.041175954,-0.0039880096101707,1.1584269287639832,9.34168664799403,0.3746397297883295,0.3746397297883295
2018,55634,HMG,H M G COURTLAND PROPERTIES LTD,564.0,0.0,0.0324021471722559,0.6744429050959847,9.576081683914996,0.1403778207410937,0.1403778207410937
2019,55634,HMG,H M G COURTLAND PROPERTIES LTD,576.0,0.037926544,-0.0079741780946839,0.5991274658090834,9.549580004897615,-0.0086190368389691,-0.0086190368389691
2020,55634,HMG,H M G COURTLAND PROPERTIES LTD,588.0,0.02744258,-0.0078279473175222,0.7191747652396305,9.326567748186305,0.236604686383349,0.236604686383349
2021,55634,HMG,H M G COURTLAND PROPERTIES LTD,600.0,0.031581726,-0.005913600184114,0.6604501950410318,9.645066806170457,1.0233536316810323,1.0233536316810323
2004,59300,UDRT,UNITED DOMINION REALTY TR INC,372.0,0.054574132,0.005396965866801,0.0950388394782904,14.76222087546694,0.3719546183203228,0.3719546183203228
2005,59300,UDRT,UNITED DOMINION REALTY TR INC,384.0,0.05004354,0.006265133466314,0.1862678472610211,14.956760755833438,-0.0047375848047169,-0.0047375848047169
2006,59300,UDRT,UNITED DOMINION REALTY TR INC,396.0,0.04258703,0.0086606130363768,0.3275203972291989,15.17812304635276,0.4168384881026434,0.4168384881026434
2007,59300,UDRT,UNITED DOMINION REALTY TR INC,408.0,0.04907671,0.0093120724603342,0.4736419084462331,15.08665787988109,-0.3446573394956211,-0.3446573394956211
2008,59300,UDRT,UNITED DOMINION REALTY TR INC,420.0,0.06977907,0.0128807714965776,0.5963749131467455,14.866231054304205,-0.1953409821822279,-0.1953409821822279
2009,59300,UDRT,UNITED DOMINION REALTY TR INC,432.0,0.16837406,0.009804860145977,1.041502588056625,14.37714275566286,0.2648518848950805,0.2648518848950805
2010,59300,UDRT,UNITED DOMINION REALTY TR INC,444.0,0.03645495,0.0084069207364198,1.1170215343190402,14.996575674712096,0.4846894863511295,0.4846894863511295
2011,59300,UDRT,UNITED DOMINION REALTY TR INC,456.0,0.027301416,0.0092129716642112,1.088244732872256,15.420604133944693,0.1003764147114272,0.1003764147114272
2012,59300,UDRT,UNITED DOMINION REALTY TR INC,468.0,0.031042224,0.0111961394675689,1.04782967895378,15.618886017390318,-0.0199294448083993,-0.0199294448083993
2013,59300,UDRT,UNITED DOMINION REALTY TR INC,480.0,0.037230562,0.0122102067777365,1.0942215982143288,15.6129238726743,0.0194107819676725,0.0194107819676725
2014,59300,UDRT,UNITED DOMINION REALTY TR INC,492.0,0.034887727,0.0139902515145736,0.8787298409814909,15.768199914417416,0.3698781004666618,0.3698781004666618
2015,59300,UDRT,UNITED DOMINION REALTY TR INC,504.0,0.031114325,0.0157146297103177,0.5958898667094201,15.988527208944122,0.2590359562015805,0.2590359562015805
2016,59300,UDRT,UNITED DOMINION REALTY TR INC,516.0,0.03132566,0.0159874814059748,0.4406298707627854,16.073469997358078,0.0030939196021424,0.0030939196021424
2017,59300,UDRT,UNITED DOMINION REALTY TR INC,528.0,0.031703807,0.0174613998147125,0.2018720119815025,16.13216881959176,0.0904824427018602,0.0904824427018602
2018,59300,UDRT,UNITED DOMINION REALTY TR INC,540.0,0.03312884,0.0175561371182617,0.2450252499136689,16.13659668995377,0.063847524016368,0.063847524016368
2019,59300,UDRT,UNITED DOMINION REALTY TR INC,552.0,0.02759181,0.0188551000302229,0.3545819300840391,16.397043372256853,0.2134914863068842,0.2134914863068842
2020,59300,UDRT,UNITED DOMINION REALTY TR INC,564.0,0.0371908,0.0179056123582154,0.4819709548376487,16.21807127160126,-0.1452384074401067,-0.1452384074401067
2021,59300,UDRT,UNITED DOMINION REALTY TR INC,576.0,0.029044105,0.0136245675736956,0.6019893213926134,16.515226065931305,0.608691933716851,0.608691933716851
2022,59300,UDRT,UNITED DOMINION REALTY TR INC,588.0,0.03074719,0.0176952831113125,0.6210005337828248,16.534797214666696,-0.3342000178933781,-0.3342000178933781
2023,59300,UDRT,UNITED DOMINION REALTY TR INC,600.0,0.040437922,0.0177264404205958,0.6707459867205046,16.36774377055771,0.0315066252667595,0.0315066252667595
2024,59300,UDRT,UNITED DOMINION REALTY TR INC,612.0,0.041737244,0.0192333265802902,0.7144783639601243,16.407411280833724,0.1839529935580366,0.1839529935580366
2004,59628,TIRE,ONE LIBERTY PROPERTIES INC,264.0,0.058772013,0.0177910242088591,0.1847803463614928,12.142047587900024,0.1100653238172337,0.1100653238172337
2005,59628,TIRE,ONE LIBERTY PROPERTIES INC,276.0,0.06742398,0.0165135339211759,0.2716351380879925,12.164007169253054,-0.0493275311405637,-0.0493275311405637
2006,59628,TIRE,ONE LIBERTY PROPERTIES INC,288.0,0.062104773,0.0153793791759849,0.3649611246428136,12.26135964033972,0.4533372992029403,0.4533372992029403
2007,59628,TIRE,ONE LIBERTY PROPERTIES INC,300.0,0.07644249,0.010244554848981,0.5091519506432487,12.287153058413429,-0.1902966494968974,-0.1902966494968974
2008,59628,TIRE,ONE LIBERTY PROPERTIES INC,312.0,0.1236896,0.0112175818967195,0.8343099910971707,11.934929048520075,-0.4764571217775682,-0.4764571217775682
2009,59628,TIRE,ONE LIBERTY PROPERTIES INC,324.0,0.1892684,0.0085404178506681,1.4276495588580065,11.092457868315542,0.1558735848586792,0.1558735848586792
2010,59628,TIRE,ONE LIBERTY PROPERTIES INC,336.0,0.070014276,0.0134917168021721,1.6860747795752975,12.01484941903901,1.0233536316810323,1.0233536316810323
2011,59628,TIRE,ONE LIBERTY PROPERTIES INC,348.0,0.074253045,0.0107682024260426,1.655239855555117,12.309661722304872,0.0756367421551522,0.0756367421551522
2012,59628,TIRE,ONE LIBERTY PROPERTIES INC,360.0,0.07017546,0.0127605111600255,1.5446506665728734,12.527200809391518,0.3186808514119541,0.3186808514119541
2013,59628,TIRE,ONE LIBERTY PROPERTIES INC,372.0,0.061909992,0.0128644515019406,1.623068385462254,12.72521579095899,0.060978220141181,0.060978220141181
2014,59628,TIRE,ONE LIBERTY PROPERTIES INC,384.0,0.06590281,0.0119761561953009,1.2713767388731396,12.758949325220334,0.2595335467019757,0.2595335467019757
2015,59628,TIRE,ONE LIBERTY PROPERTIES INC,396.0,0.06725819,0.0117437065053481,0.72999369098604,12.82674389626807,-0.0267158667767865,-0.0267158667767865
2016,59628,TIRE,ONE LIBERTY PROPERTIES INC,408.0,0.06768349,0.0126892690068786,0.6609696225899147,12.906796284632115,0.2540658260694752,0.2540658260694752
2017,59628,TIRE,ONE LIBERTY PROPERTIES INC,420.0,0.06833642,0.012146177723242,0.7177355776693494,13.008444867044096,0.1082444773282804,0.1082444773282804
2018,59628,TIRE,ONE LIBERTY PROPERTIES INC,432.0,0.0693148,0.0124678983441238,0.7121311610823486,13.091673730405011,0.0036337667247543,0.0036337667247543
2019,59628,TIRE,ONE LIBERTY PROPERTIES INC,444.0,0.063432865,0.0126911435299114,0.7663739945969493,13.222908111965252,0.1963191823803345,0.1963191823803345
2020,59628,TIRE,ONE LIBERTY PROPERTIES INC,456.0,0.09268347,0.0115106339809376,1.11451149796123,12.80885781273708,-0.1786811994333439,-0.1786811994333439
2021,59628,TIRE,ONE LIBERTY PROPERTIES INC,468.0,0.061930735,0.010689700901944,1.183477917732791,13.25354736863796,0.8723360018422337,0.8723360018422337
2022,59628,TIRE,ONE LIBERTY PROPERTIES INC,480.0,0.06953323,0.0125968019941597,1.167526488477991,13.212691464947016,-0.3226189432635956,-0.3226189432635956
2023,59628,TIRE,ONE LIBERTY PROPERTIES INC,492.0,0.084154665,0.0158142319582677,1.1120472821251646,13.003982904253638,0.0742804831929415,0.0742804831929415
2024,59628,TIRE,ONE LIBERTY PROPERTIES INC,504.0,0.074970014,0.0125860771943745,1.135341224330767,13.169328745245066,0.3351360118217303,0.3351360118217303
2004,61938,BRE,B R E PROPERTIES INC,420.0,0.053546544,0.0142519537648288,0.0646466385862819,14.40424305076598,0.2720881751608379,0.2720881751608379
2005,61938,BRE,B R E PROPERTIES INC,432.0,0.04770565,0.0108901752864266,0.1158337286868632,14.556316639023043,0.1838358526449226,0.1838358526449226
2006,61938,BRE,B R E PROPERTIES INC,444.0,0.035161313,0.0113471645832626,0.3359969316727677,14.900035816173274,0.4803379197272568,0.4803379197272568
2007,61938,BRE,B R E PROPERTIES INC,456.0,0.037918996,0.0121518156394535,0.4589847311380282,14.86527863023598,-0.3510071298154485,-0.3510071298154485
2008,61938,BRE,B R E PROPERTIES INC,468.0,0.053571936,0.0117183981529207,0.735862583745098,14.572318424143528,-0.2696120134966963,-0.2696120134966963
2009,61938,BRE,B R E PROPERTIES INC,480.0,0.08532279,0.01184611742509,1.074185787211774,14.108976635796148,0.2742047127334781,0.2742047127334781
2010,61938,BRE,B R E PROPERTIES INC,492.0,0.037958294,0.0096619791859309,1.1361230402772855,14.69942616694818,0.3660207173351579,0.3660207173351579
2011,61938,BRE,B R E PROPERTIES INC,504.0,0.028867373,0.0082261128831607,1.1144877883914124,15.05825260248215,0.1977172388247747,0.1977172388247747
2012,61938,BRE,B R E PROPERTIES INC,516.0,0.029918777,0.0121688073064955,1.0822983123205865,15.157942313060618,0.0385370288755453,0.0385370288755453
2013,61938,BRE,B R E PROPERTIES INC,528.0,0.030584231,0.0123321910141109,1.068421342623184,15.18251071325667,0.1101274286829168,0.1101274286829168
2014,61938,BRE,B R E PROPERTIES INC,531.0,0.02576969,0.0141386178587861,1.0023570185236552,15.371161911418625,0.1546539084079998,0.1546539084079998
2004,62367,POWE,POWER TEST CORP,385.0,0.0630567,0.034242139460118,0.0613890216243022,13.364838541457347,0.1707166282500951,0.1707166282500951
2005,62367,POWE,POWER TEST CORP,397.0,0.06316477,0.0369870831412924,0.1882179574478599,13.421274621260835,-0.0238231676642021,-0.0238231676642021
2006,62367,POWE,POWER TEST CORP,409.0,0.061370168,0.0376450298032562,0.4452728551227321,13.486294349378198,0.2493319798884377,0.2493319798884377
2007,62367,POWE,POWER TEST CORP,421.0,0.06569511,0.034750452307199,0.615797719915817,13.444431601142533,-0.0763683554883456,-0.0763683554883456
2008,62367,POWE,POWER TEST CORP,433.0,0.09593675,0.0282020717456505,0.909994316178368,13.097564698702568,-0.1244744473072347,-0.1244744473072347
2009,62367,POWE,POWER TEST CORP,445.0,0.09027908,0.0303932370809903,0.7354106987717826,13.160729341468013,0.2213548770006834,0.2213548770006834
2010,62367,POWE,POWER TEST CORP,457.0,0.07126131,0.0315014362301072,0.7046447447595394,13.455530453552225,0.4314476562601312,0.4314476562601312
2011,62367,POWE,POWER TEST CORP,469.0,0.0830782,0.0315314184733663,0.7333480066314486,13.4584198159801,-0.5194526847142071,-0.5194526847142071
2012,62367,POWE,POWER TEST CORP,481.0,0.047124464,0.0181201498302312,0.8401470493376623,13.267036672372,0.3211530502100939,0.3211530502100939
2013,62367,POWE,POWER TEST CORP,493.0,0.03173548,0.0121996947842847,0.8563708336047956,13.39480699526039,0.062173419601329,0.062173419601329
2014,62367,POWE,POWER TEST CORP,505.0,0.046138804,0.0181409436062458,1.0922913910164511,13.34144850613435,0.0443840749158406,0.0443840749158406
2015,62367,POWE,POWER TEST CORP,517.0,0.05935513,0.0169303439444934,1.1262056322564038,13.253713995856748,0.0077146358574806,0.0077146358574806
2016,62367,POWE,POWER TEST CORP,529.0,0.05489864,0.020133737381606,0.8914946435270341,13.494369513841228,0.5554980139067562,0.5554980139067562
2017,62367,POWE,POWER TEST CORP,541.0,0.03850391,0.0194927902673243,0.5327560243522461,13.795267748174917,0.1131829380650728,0.1131829380650728
2018,62367,POWE,POWER TEST CORP,553.0,0.04407176,0.0185577853483755,0.5601391964479888,13.902599995497098,0.1348398673551019,0.1348398673551019
2019,62367,POWE,POWER TEST CORP,565.0,0.042146906,0.016164398571911,0.5606591180906827,14.089180827478524,0.1683327983002331,0.1683327983002331
2020,62367,POWE,POWER TEST CORP,577.0,0.051904365,0.0164846263547601,0.6530044898296706,13.966182840611204,-0.113942683236605,-0.113942683236605
2021,62367,POWE,POWER TEST CORP,589.0,0.04924878,0.0187122983349651,0.6342949836816395,14.1131165292925,0.2276475769527517,0.2276475769527517
2022,62367,POWE,POWER TEST CORP,601.0,0.054348554,0.0156015159404257,0.6660591931300045,14.124891498254172,0.1171911094424105,0.1171911094424105
2023,62367,POWE,POWER TEST CORP,613.0,0.05115838,0.0192646258610953,0.6716859678405608,14.275683265445736,-0.0878304934719319,-0.0878304934719319
2024,62367,POWE,POWER TEST CORP,625.0,0.058799025,0.0157047174172002,0.688362815968425,14.2830083104473,0.0977620446215157,0.0977620446215157
2004,64653,STOR,STORAGE EQUITIES INC,290.0,0.036554337,0.0195476236818961,0.1090043529862769,15.648604300558226,0.3317958480766618,0.3317958480766618
2005,64653,STOR,STORAGE EQUITIES INC,302.0,0.029233633,0.02123320452839,0.1677488286273818,15.902856667584883,0.25148639740978,0.25148639740978
2006,64653,STOR,STORAGE EQUITIES INC,314.0,0.022996144,0.0232122644834827,0.2269502436827631,16.29145551021698,0.4748373454194925,0.4748373454194925
2007,64653,STOR,STORAGE EQUITIES INC,326.0,0.022809694,0.014948875666498,0.4410689967410408,16.480340219625518,-0.2280032496769016,-0.2280032496769016
2008,64653,STOR,STORAGE EQUITIES INC,338.0,0.025782898,0.0276935239409678,0.5686548843065423,16.46732944559101,0.11914759314042,0.11914759314042
2009,64653,STOR,STORAGE EQUITIES INC,350.0,0.040707286,0.0274229809361534,0.6784654041518728,16.26327782694354,0.0582414349906563,0.0582414349906563
2010,64653,STOR,STORAGE EQUITIES INC,362.0,0.027066143,0.028298178600106,0.718131540536187,16.577634024868495,0.2860130567371781,0.2860130567371781
2011,64653,STOR,STORAGE EQUITIES INC,374.0,0.027871018,0.030548789181096,0.7042212102578483,16.826837707775763,0.3675350239589268,0.3675350239589268
2012,64653,STOR,STORAGE EQUITIES INC,386.0,0.028703323,0.033998274365271,0.687703596929492,16.99928858326928,0.1118586893429318,0.1118586893429318
2013,64653,STOR,STORAGE EQUITIES INC,398.0,0.030074619,0.0377513628128993,0.7270666411623585,17.102908235606392,0.0734481521760932,0.0734481521760932
2014,64653,STOR,STORAGE EQUITIES INC,410.0,0.03115952,0.0396241915476062,0.6490848186871923,17.21394508819333,0.2685179549041996,0.2685179549041996
2015,64653,STOR,STORAGE EQUITIES INC,422.0,0.028466098,0.0360542784077033,0.5061038156864057,17.393823564314076,0.3824529260798315,0.3824529260798315
2016,64653,STOR,STORAGE EQUITIES INC,434.0,0.028960891,0.0398414527974836,0.3376034980119408,17.53513787483875,-0.0700763739846072,-0.0700763739846072
2017,64653,STOR,STORAGE EQUITIES INC,446.0,0.03640919,0.0431507429238893,0.1062152214010597,17.42362186102454,-0.0290347655953939,-0.0290347655953939
2018,64653,STOR,STORAGE EQUITIES INC,458.0,0.038686004,0.0398310506824806,0.0327555258530502,17.399786696683744,0.0064162094970761,0.0064162094970761
2019,64653,STOR,STORAGE EQUITIES INC,470.0,0.035200354,0.0427618439010402,0.0206515044617273,17.49754349962662,0.089393393808195,0.089393393808195
2020,64653,STOR,STORAGE EQUITIES INC,482.0,0.0380901,0.0407479296751545,0.0291142650355863,17.42028855563012,0.1260933970342292,0.1260933970342292
2021,64653,STOR,STORAGE EQUITIES INC,494.0,0.027659575,0.0375628557373944,0.0412602352668558,17.749641557087408,0.6659916292060264,0.6659916292060264
2022,64653,STOR,STORAGE EQUITIES INC,506.0,0.046003345,0.038296211543912,0.1518607898747272,17.8687688963286,-0.2017853521413323,-0.2017853521413323
2023,64653,STOR,STORAGE EQUITIES INC,518.0,0.05724871,0.0378602514564137,0.274578292361237,17.72091597906484,0.1343974874042026,0.1343974874042026
2024,64653,STOR,STORAGE EQUITIES INC,530.0,0.039836347,0.0356940621799985,0.4173803113665761,17.78939187650669,0.0207506374274588,0.0207506374274588
2016,65584,FCE,FOREST CITY ENTERPRISES INC,684.0,0.008848489,0.0239363230340853,1.4337586465501662,12.920754061786935,0.3924449213635712,0.3924449213635712
2017,65584,FCE,FOREST CITY REALTY TRUST INC,689.0,0.010228241,0.0036928206224648,1.049228204041573,13.212813961397671,0.098936030303796,0.098936030303796
2004,65947,WELL,WELLTOWER INC,336.0,0.06374025,0.0170741321411641,0.1717600482923642,14.409223484649694,0.1350621163927503,0.1350621163927503
2005,65947,WELL,WELLTOWER INC,348.0,0.067220084,0.0161012876644448,0.3275047452213416,14.461943817425976,-0.0476456705198851,-0.0476456705198851
2006,65947,WELL,WELLTOWER INC,360.0,0.062419843,0.0162573713618719,0.3936600744718212,14.6750871795176,0.3686569542541984,0.3686569542541984
2007,65947,WELL,WELLTOWER INC,372.0,0.051357448,0.0142879552017324,0.6291401402244717,15.04348462329945,0.0949003500289187,0.0949003500289187
2008,65947,WELL,WELLTOWER INC,384.0,0.05491288,0.0129150026968756,0.7587630983065353,15.262209249582542,0.0031030231701298,0.0031030231701298
2009,65947,WELL,WELLTOWER INC,396.0,0.062365096,0.0114505189493193,0.7261247086609294,15.2798677474121,0.1292603243851677,0.1292603243851677
2010,65947,WELL,WELLTOWER INC,408.0,0.057105515,0.0104951334135177,0.6593018812967271,15.572010896416066,0.1428883585058795,0.1428883585058795
2011,65947,WELL,WELLTOWER INC,420.0,0.04630278,0.0081022578833492,0.6350233525509631,16.009156057949916,0.2088533209239371,0.2088533209239371
2012,65947,WELL,WELLTOWER INC,432.0,0.04479769,0.0106461781409628,0.6234932826901427,16.38699714842856,0.1838030047897496,0.1838030047897496
2013,65947,WELL,WELLTOWER INC,444.0,0.044267934,0.0094269458973589,0.601911460082312,16.68547638174569,-0.0819407021342115,-0.0819407021342115
2014,65947,WELL,WELLTOWER INC,456.0,0.046370447,0.0113805667309015,0.4114217530695875,16.805199121893498,0.4823964602503987,0.4823964602503987
2015,65947,WELL,WELLTOWER INC,468.0,0.044675156,0.0123140441770802,0.3545328488629684,17.009584061005146,-0.0565871968390992,-0.0565871968390992
2016,65947,WELL,WELLTOWER INC,480.0,0.048178896,0.01290552962689,0.2832484222667545,17.031397410768555,0.0348068502235991,0.0348068502235991
2017,65947,WELL,WELLTOWER INC,492.0,0.0489631,0.0129502153182462,0.1128244198143457,17.061305730391712,0.000591525269753,0.000591525269753
2018,65947,WELL,WELLTOWER INC,504.0,0.05650699,0.0108445197789262,0.2015930704757,16.948281865772646,0.1515487501180341,0.1515487501180341
2019,65947,WELL,WELLTOWER INC,516.0,0.04096749,0.0117996974842609,0.2628887663941233,17.3084647589359,0.2288262829504499,0.2288262829504499
2020,65947,WELL,WELLTOWER INC,528.0,0.05446762,0.0121676494668758,0.7121619644428118,16.995762331931285,-0.1745448688922085,-0.1745448688922085
2021,65947,WELL,WELLTOWER INC,540.0,0.031752374,0.007951375042644,0.8629598085733728,17.30376705302103,0.3698210682948883,0.3698210682948883
2022,65947,WELL,WELLTOWER INC,552.0,0.030355314,0.0098741826216682,0.857065725589799,17.396452452776433,-0.2120318839383602,-0.2120318839383602
2023,65947,WELL,WELLTOWER INC,564.0,0.029103413,0.0116647997667303,0.901639652180596,17.51432287593598,0.4182129411824404,0.4182129411824404
2024,65947,WELL,WELLTOWER INC,576.0,0.021334372,0.0148751716916973,0.9460551150038518,17.993829025044473,0.4300491051099742,0.4300491051099742
2004,67708,RSE,ROUSE CO,454.0,0.030935505,0.0116245144462246,0.210964075164714,15.500981530211172,0.4558584737946052,0.4558584737946052
2004,68312,NHP,NATIONWIDE HEALTH PROPERTIES INC,229.0,0.06649042,0.0196218072788209,0.1290003171849837,14.139210269243335,0.3037215967605229,0.3037215967605229
2005,68312,NHP,NATIONWIDE HEALTH PROPERTIES INC,241.0,0.06583393,0.0190418153337712,0.3794793664763733,14.224323708848113,-0.037322424697969,-0.037322424697969
2006,68312,NHP,NATIONWIDE HEALTH PROPERTIES INC,253.0,0.057594392,0.0169656139466237,0.3949520538559969,14.440871746620624,0.503323075930167,0.503323075930167
2007,68312,NHP,NATIONWIDE HEALTH PROPERTIES INC,265.0,0.050744455,0.0154881630817388,0.6184394157831888,14.811789424715002,0.0947974878794921,0.0947974878794921
2008,68312,NHP,NATIONWIDE HEALTH PROPERTIES INC,277.0,0.052675556,0.0167062414012861,0.6713121614428196,14.939028376694132,-0.0286793718283241,-0.0286793718283241
2009,68312,NHP,NATIONWIDE HEALTH PROPERTIES INC,289.0,0.061528385,0.017136046871795,0.827735572512598,14.893982821854332,0.3066314505151104,0.3066314505151104
2010,68312,NHP,NATIONWIDE HEALTH PROPERTIES INC,301.0,0.046529323,0.0174740071917374,0.7571653414040266,15.295496933378953,0.0879222172060449,0.0879222172060449
2011,68312,NHP,NATIONWIDE HEALTH PROPERTIES INC,307.0,0.043706894,0.0180480059830949,0.7244126911608069,15.483850278803722,0.16377149706655,0.16377149706655
2004,68849,USV,U S RESTAURANTS PROPERTIES INC,228.0,0.07535561,0.0198539295723552,0.443941822192001,12.858667123848685,0.1453233128692992,0.1453233128692992
2005,68849,USV,U S RESTAURANTS PROPERTIES INC,239.0,0.05955178,0.0137476601756586,0.5481007592048309,13.518660040468191,-0.1211599288972578,-0.1211599288972578
2006,68849,USV,U S RESTAURANTS PROPERTIES INC,251.0,0.083875515,0.0120876038474694,0.5157602634235049,13.782448160299753,0.2525098706505515,0.2525098706505515
2007,68849,USV,U S RESTAURANTS PROPERTIES INC,252.0,0.06479612,0.0129007961606612,0.6289188133107768,13.950034527820993,0.0053,0.0053
2004,70818,MIR,M D C ASSET INVESTORS,228.0,0.049579505,0.0152003931393714,0.2464892398670151,11.878071912906476,0.1875327930540811,0.1875327930540811
2005,70818,MIR,M D C ASSET INVESTORS,240.0,0.042699646,0.0139364986966548,0.3163152605241355,12.059889008036308,0.09818795709464,0.09818795709464
2006,70818,MIR,M D C ASSET INVESTORS,252.0,0.0390974,0.014353898454379,0.3002943657596785,12.183813754710531,0.1631514074252569,0.1631514074252569
2007,70818,MIR,M D C ASSET INVESTORS,264.0,0.04200436,0.0100505269317346,0.5242702257781063,12.142842047897526,-0.2205567263875899,-0.2205567263875899
2008,70818,MIR,M D C ASSET INVESTORS,276.0,0.06329241,0.0034898343761994,0.8293938815049525,11.76440942039185,-0.2775348859784439,-0.2775348859784439
2009,70818,MIR,M D C ASSET INVESTORS,277.0,0.05450316,0.0040771665054869,2.091334175866058,11.59681246617709,-0.0087,-0.0087
2004,72661,SIZ,SIZELER PROPERTY INVESTORS INC,216.0,0.08405615,0.010356158117248,0.1715514608475206,11.7950112815847,0.1749009528619538,0.1749009528619538
2005,72661,SIZ,SIZELER PROPERTY INVESTORS INC,228.0,0.031796064,0.010091288102028,0.2861281088971428,12.335223263364332,0.1271440206777749,0.1271440206777749
2006,72661,SIZ,SIZELER PROPERTY INVESTORS INC,238.0,0.026266959,0.0141575252258973,0.3454807867546445,12.676213371412436,0.2071925761375987,0.2071925761375987
2004,75037,BNP,B N P RESIDENTIAL PROPERTIES INC,216.0,0.064204596,0.0116063450707158,0.3639596346784797,11.520146150372735,0.4981562280351546,0.4981562280351546
2005,75037,BNP,B N P RESIDENTIAL PROPERTIES INC,228.0,0.06024314,0.0073292185476373,0.4757622349955169,11.863402032000478,0.0615817305776102,0.0615817305776102
2006,75037,BNP,B N P RESIDENTIAL PROPERTIES INC,240.0,0.050357103,0.011392209751234,0.3604116849036605,12.207528147692498,0.5948325667659105,0.5948325667659105
2007,75037,BNP,B N P RESIDENTIAL PROPERTIES INC,242.0,0.04657594,0.0123655853356936,0.397657423955716,12.437664896358918,0.0175678599999999,0.0175678599999999
2008,75284,PCE,PACIFIC OFFICE PPTYS TRUST INC,252.0,0.010448657,-0.0326774503543663,1.010043846211318,9.690657936102294,-0.3712853123029931,-0.3712853123029931
2009,75284,PCE,PACIFIC OFFICE PPTYS TRUST INC,264.0,0.03945117,0.0012316064813151,0.8789364530337224,9.510969618117477,-0.0817928688148407,-0.0817928688148407
2010,75284,PCE,PACIFIC OFFICE PPTYS TRUST INC,276.0,0.0421557,-0.026590756009011,0.6694810994616386,9.728900011617366,0.1123047363276246,0.1123047363276246
2011,75284,PCE,PACIFIC OFFICE PPTYS TRUST INC,277.0,0.052687168,0.0017174363216067,0.615864018168654,9.378063386701893,-0.2734,-0.2734
2004,75341,DRE,DUKE REALTY CORP,228.0,0.0551143,0.0139918057229787,0.1470271055927674,15.344218773039596,0.1636679344659983,0.1636679344659983
2005,75341,DRE,DUKE REALTY CORP,240.0,0.06303535,0.0105263063368614,0.2604966073306345,15.33803855782027,0.0677017213768433,0.0677017213768433
2006,75341,DRE,DUKE REALTY CORP,252.0,0.07565392,0.0101310691950835,0.4187253289950475,15.436741969982274,0.2877170221459255,0.2877170221459255
2007,75341,DRE,DUKE REALTY CORP,264.0,0.052894194,0.0121784754908934,0.5205440968066327,15.41489378353562,-0.3264618154190923,-0.3264618154190923
2008,75341,DRE,DUKE REALTY CORP,276.0,0.10387799,0.0126327357619135,0.998494249472642,14.876320620788988,-0.528190766492296,-0.528190766492296
2009,75341,DRE,DUKE REALTY CORP,288.0,0.12695165,0.0126647595188742,1.7259443962697414,14.468665797655405,0.2064424596287999,0.2064424596287999
2010,75341,DRE,DUKE REALTY CORP,300.0,0.054788914,0.0047945751826979,1.8024572507779693,14.857279214988024,0.0866231142444149,0.0866231142444149
2011,75341,DRE,DUKE REALTY CORP,312.0,0.051525846,0.010149070348121,1.7831381929106709,15.014057257420086,0.018599643871612,0.018599643871612
2012,75341,DRE,DUKE REALTY CORP,324.0,0.04660132,0.0089952211186727,1.7421471269586544,15.146436607950172,0.2082064509573298,0.2082064509573298
2013,75341,DRE,DUKE REALTY CORP,336.0,0.03960562,0.0096497374144895,1.7463354074288182,15.453683780360484,0.1325737439081049,0.1325737439081049
2014,75341,DRE,DUKE REALTY CORP,348.0,0.037529353,0.0115962610409334,1.345552070538005,15.601567319842582,0.39441147842285,0.39441147842285
2015,75341,DRE,DUKE REALTY CORP,360.0,0.03376581,0.0122861162902884,1.12061656137244,15.754597246848297,0.0786127778944978,0.0786127778944978
2016,75341,DRE,DUKE REALTY CORP,372.0,0.029508928,0.0099594774101169,0.922695179467262,15.967632140476288,0.3020486228412182,0.3020486228412182
2017,75341,DRE,DUKE REALTY CORP,384.0,0.032240544,0.0164969847602169,0.5859907325525356,16.099184726025992,0.0847360078942518,0.0847360078942518
2018,75341,DRE,DUKE REALTY CORP,396.0,0.054535497,0.0149354755110935,0.4326235483496079,16.09890882285151,-0.0195547128689793,-0.0195547128689793
2019,75341,DRE,DUKE REALTY CORP,408.0,0.026188383,0.015922042806416,0.5425557812882098,16.270428845509546,0.3758617109345226,0.3758617109345226
2020,75341,DRE,DUKE REALTY CORP,420.0,0.025216745,0.0148746744788425,0.4249082748532135,16.41404284496812,0.1839388814046221,0.1839388814046221
2021,75341,DRE,DUKE REALTY CORP,432.0,0.020553099,0.0157606907542136,0.3098731481723036,16.727011478853196,0.6779030393299477,0.6779030393299477
2022,75341,DRE,DUKE REALTY CORP,441.0,0.018954527,0.0158924317569561,0.3947219752043152,16.874282062466147,-0.2535759986512087,-0.2535759986512087
2004,75351,KE,KOGER EQUITY INC,204.0,0.05639706,0.0131502648581164,0.2267316700949233,13.294065200977212,0.2111669163080596,0.2111669163080596
2005,75351,KE,KOGER EQUITY INC,212.0,0.053200427,0.0107897699641255,0.2155229366794774,13.55884182273114,0.2063467404050265,0.2063467404050265
2004,75592,PCL,PLUM CREEK TIMBER CO INC,192.0,0.04255892,0.0241405438736684,0.3031082265814336,15.6182800923836,0.3176271868160589,0.3176271868160589
2005,75592,PCL,PLUM CREEK TIMBER CO INC,204.0,0.04021402,0.0247201224463097,0.4479868843638736,15.72554950094286,-0.0230419136924528,-0.0230419136924528
2006,75592,PCL,PLUM CREEK TIMBER CO INC,216.0,0.043675225,0.0236351967265786,0.6378813937659286,15.696740374490282,0.1550663198688253,0.1550663198688253
2007,75592,PCL,PLUM CREEK TIMBER CO INC,228.0,0.03967561,0.0211493605689797,0.7185262759375867,15.811891694696918,0.2019988249034967,0.2019988249034967
2008,75592,PCL,PLUM CREEK TIMBER CO INC,240.0,0.04059841,0.0220591222914992,0.6799425815373427,15.787359548617522,-0.2153186409061113,-0.2153186409061113
2009,75592,PCL,PLUM CREEK TIMBER CO INC,252.0,0.054413036,0.0250692717684853,0.76966600985534,15.45689040214664,0.1471549029123708,0.1471549029123708
2010,75592,PCL,PLUM CREEK TIMBER CO INC,264.0,0.046451747,0.0148738326721385,0.7438811783992825,15.58904823205818,0.0398508762461597,0.0398508762461597
2011,75592,PCL,PLUM CREEK TIMBER CO INC,276.0,0.04281115,0.0150744960896544,0.7523905365348823,15.666789975953549,0.0186963751848521,0.0186963751848521
2012,75592,PCL,PLUM CREEK TIMBER CO INC,288.0,0.04093765,0.0166807689418128,0.7631948819422384,15.708702988326928,0.2656403054810796,0.2656403054810796
2013,75592,PCL,PLUM CREEK TIMBER CO INC,300.0,0.03526487,0.0197468978998079,0.8064610716560514,15.879512799004338,0.0886039610109881,0.0886039610109881
2014,75592,PCL,PLUM CREEK TIMBER CO INC,312.0,0.04078472,0.0156353152371593,0.7963922791208748,15.828877627776189,-0.0415158309023906,-0.0415158309023906
2015,75592,PCL,PLUM CREEK TIMBER CO INC,324.0,0.041571062,0.0173706812595325,0.7589810169877494,15.826566461187566,0.1614490940280659,0.1614490940280659
2016,75592,PCL,PLUM CREEK TIMBER CO INC,325.0,0.043672476,0.0104330708661417,0.8568986667456945,15.768911007405393,-0.1511,-0.1511
2004,75819,VTR,VENTAS INC,184.0,0.04243195,0.0428659627729676,0.1529669376530787,14.575482737575925,0.3094874054079348,0.3094874054079348
2005,75819,VTR,VENTAS INC,196.0,0.04356583,0.0391271013013953,0.4017436446377604,14.819326430529548,0.2262352576322344,0.2262352576322344
2006,75819,VTR,VENTAS INC,208.0,0.04113776,0.0219237880021637,0.4164536213480432,15.120962479967345,0.3798618720546596,0.3798618720546596
2007,75819,VTR,VENTAS INC,220.0,0.037959516,0.0239845322503896,0.5828668878336404,15.445677377280424,0.119734510715681,0.119734510715681
2008,75819,VTR,VENTAS INC,232.0,0.047460917,0.0178952376048584,0.7023834315421524,15.566232235830707,-0.2208321863495572,-0.2208321863495572
2009,75819,VTR,VENTAS INC,244.0,0.061729748,0.017701807706234,1.130623980964975,15.421881567534692,0.3897363312875095,0.3897363312875095
2010,75819,VTR,VENTAS INC,256.0,0.042834762,0.0179357179227583,1.1175794305181774,15.847984153938166,0.2526356251947663,0.2526356251947663
2011,75819,VTR,VENTAS INC,268.0,0.03319541,0.0184652740330315,1.0869901402936144,16.299195680569614,0.0968872426272342,0.0968872426272342
2012,75819,VTR,VENTAS INC,280.0,0.035962764,0.0147701889426206,1.03683539709698,16.705016546175738,0.2218479997893576,0.2218479997893576
2013,75819,VTR,VENTAS INC,292.0,0.039132845,0.0148532045209628,1.0118382018690917,16.783888291215604,-0.0768057749572727,-0.0768057749572727
2014,75819,VTR,VENTAS INC,304.0,0.043356564,0.0156639477003536,0.462519082864888,16.772501203820458,0.3101705578105567,0.3101705578105567
2015,75819,VTR,VENTAS INC,316.0,0.046453703,0.0153927001149506,0.2589652504791115,16.8600106728481,-0.0504531855365026,-0.0504531855365026
2016,75819,VTR,VENTAS INC,328.0,0.044001956,0.014929765165888,0.1731107695989083,16.926358867340486,0.157955617118267,0.157955617118267
2017,75819,VTR,VENTAS INC,340.0,0.046479937,0.0156744351366679,-0.0886671923459686,16.953861711110278,0.0070197846792889,0.0070197846792889
2018,75819,VTR,VENTAS INC,352.0,0.056720216,0.015681755347553,0.0114899774215253,16.799620179859154,0.0340751006270951,0.0340751006270951
2019,75819,VTR,VENTAS INC,364.0,0.04824771,0.0145287140991643,0.1880615106028116,16.98163343572966,0.0342459417428662,0.0342459417428662
2020,75819,VTR,VENTAS INC,376.0,0.07128311,0.0158760859690446,0.8969774357687109,16.538551598552623,-0.0969540992570536,-0.0969540992570536
2021,75819,VTR,VENTAS INC,388.0,0.034392137,0.0107287513207453,1.1187636360630406,16.832271664484082,0.0774488810806703,0.0774488810806703
2022,75819,VTR,VENTAS INC,400.0,0.035953596,0.0111934386680797,1.1075011848123026,16.809930809268852,-0.0856081161735408,-0.0856081161735408
2023,75819,VTR,VENTAS INC,412.0,0.03902199,0.0113966992027145,1.1504218527513064,16.73301697913909,0.1506754187912644,0.1506754187912644
2024,75819,VTR,VENTAS INC,424.0,0.032429468,0.0132689786796617,1.237078844707934,16.900408600614877,0.2211032285094347,0.2211032285094347
2004,76513,CDX,CATELLUS DEVELOPMENT CORP,180.0,0.13478412,0.025187387149658,0.1801826303432152,14.816135311301895,0.2353126029137737,0.2353126029137737
2005,76513,CDX,CATELLUS DEVELOPMENT CORP NEW,188.0,0.052017648,0.0216484412288459,0.1947501882596914,14.95025795655811,0.1766129192899963,0.1766129192899963
2004,76602,PSM,PUBLIC STORAGE PROPERTIES XI INC,216.0,0.027432261,0.0159432135589005,0.0036115275245974,13.725902204010604,0.1230857995652787,0.1230857995652787
2005,76602,PSM,PUBLIC STORAGE PROPERTIES XI INC,228.0,0.026335126,0.0136031192423925,0.0978185101818441,13.77825164278113,0.1195027427076382,0.1195027427076382
2006,76602,PSM,PUBLIC STORAGE PROPERTIES XI INC,240.0,0.019825054,0.0137024955901524,0.3147486940831162,14.05582513796304,0.4644933210495165,0.4644933210495165
2007,76602,PSM,PUBLIC STORAGE PROPERTIES XI INC,252.0,0.021658877,0.0151897847038762,0.4945503035115065,14.089896783082702,-0.2363503599725979,-0.2363503599725979
2008,76602,PSM,PUBLIC STORAGE PROPERTIES XI INC,264.0,0.034578104,0.0202065628092291,0.7852273750145207,13.866485287867656,-0.1205155839344399,-0.1205155839344399
2009,76602,PSM,PUBLIC STORAGE PROPERTIES XI INC,276.0,0.037087623,0.029058825657368,0.7147404553169646,13.818822915332468,0.1644170200031698,0.1644170200031698
2010,76602,PSM,PUBLIC STORAGE PROPERTIES XI INC,288.0,0.03124754,0.0204131435014198,0.7344607205221961,14.108418665188143,0.1493204369151854,0.1493204369151854
2011,76602,PSM,PUBLIC STORAGE PROPERTIES XI INC,300.0,0.031464297,0.0221878072656894,0.732619436016183,14.137593871870443,0.0273573065948433,0.0273573065948433
2012,76602,PSM,PUBLIC STORAGE PROPERTIES XI INC,312.0,0.026957093,0.0191361732907991,0.7259466999193002,14.279250316089362,0.2037392081609577,0.2037392081609577
2013,76602,PSM,PUBLIC STORAGE PROPERTIES XI INC,324.0,0.022926167,0.0162088500379185,0.7418280912482899,14.44195269811484,0.2039463773534875,0.2039463773534875
2014,76602,PSM,PUBLIC STORAGE PROPERTIES XI INC,336.0,0.025035724,0.0192970547971237,0.7690241970954057,14.606253333996449,0.1035211882584838,0.1035211882584838
2015,76602,PSM,PUBLIC STORAGE PROPERTIES XI INC,348.0,0.057277452,0.0179069159804339,0.6743607143654068,14.584731650955831,0.1295915341821703,0.1295915341821703
2016,76602,PSM,PUBLIC STORAGE PROPERTIES XI INC,360.0,0.025000354,0.0190683933818813,0.5623547832226545,14.850660831977764,0.3697338141095927,0.3697338141095927
2017,76602,PSM,PUBLIC STORAGE PROPERTIES XI INC,372.0,0.025193999,0.0234154528714618,0.4067432476266515,15.047861975445306,0.1027335741861927,0.1027335741861927
2018,76602,PSM,PUBLIC STORAGE PROPERTIES XI INC,384.0,0.027889274,0.025107430614958,0.350778999622622,15.041360385410998,0.0794348896459646,0.0794348896459646
2019,76602,PSM,PUBLIC STORAGE PROPERTIES XI INC,396.0,0.024651567,0.0276795894679047,0.3759829236672172,15.326986041139508,0.290325247590858,0.290325247590858
2020,76602,PSM,PUBLIC STORAGE PROPERTIES XI INC,408.0,0.031496663,0.027485289890697,0.3339273021370363,15.116925051662088,-0.1679254151118118,-0.1679254151118118
2021,76602,PSM,PUBLIC STORAGE PROPERTIES XI INC,420.0,0.028686717,0.0274361481354503,0.3794857957976078,15.28704228752621,0.4581909430999873,0.4581909430999873
2022,76602,PSM,PUBLIC STORAGE PROPERTIES XI INC,426.0,0.050117034,0.0288625692720467,0.3734645709667993,15.394192997137624,0.0283908609172176,0.0283908609172176
2004,77057,NHI,NATIONAL HEALTH INVESTORS INC,168.0,0.06248721,0.0180965688311637,0.3348089020452909,13.534873138941498,0.2497883958370854,0.2497883958370854
2005,77057,NHI,NATIONAL HEALTH INVESTORS INC,180.0,0.069093995,0.0242656401830815,0.3807033755975289,13.529137218501376,-0.0492073894805771,-0.0492073894805771
2006,77057,NHI,NATIONAL HEALTH INVESTORS INC,192.0,0.06777845,0.0212465672036228,0.403096230893864,13.561697278456265,0.3782791143039741,0.3782791143039741
2007,77057,NHI,NATIONAL HEALTH INVESTORS INC,204.0,0.07895513,0.0317602320954871,0.6405701675774332,13.666460845960552,-0.0705330518625778,-0.0705330518625778
2008,77057,NHI,NATIONAL HEALTH INVESTORS INC,216.0,0.09951287,0.0451642994217092,0.6948869993008363,13.624736074979602,0.0650768923365827,0.0650768923365827
2009,77057,NHI,NATIONAL HEALTH INVESTORS INC,228.0,0.0815898,0.0361359887587334,0.6372298060867454,13.59834044759463,0.4540749519342715,0.4540749519342715
2010,77057,NHI,NATIONAL HEALTH INVESTORS INC,240.0,0.05828716,0.0390838583787105,0.6214417966923363,13.926363502218765,0.2876848017950106,0.2876848017950106
2011,77057,NHI,NATIONAL HEALTH INVESTORS INC,252.0,0.053810697,0.0393891605777559,0.6018200679788739,14.045740594692012,0.0378440938201452,0.0378440938201452
2012,77057,NHI,NATIONAL HEALTH INVESTORS INC,264.0,0.053978503,0.0416810277298864,0.5908035828189049,14.16915153049463,0.3519936638314205,0.3519936638314205
2013,77057,NHI,NATIONAL HEALTH INVESTORS INC,276.0,0.047712952,0.0345069329425621,0.6240359109094681,14.372190466782746,0.0454362709422244,0.0454362709422244
2014,77057,NHI,NATIONAL HEALTH INVESTORS INC,288.0,0.044963364,0.0255205196327745,0.5798152385107739,14.554772597118756,0.3098018351989435,0.3098018351989435
2015,77057,NHI,NATIONAL HEALTH INVESTORS INC,300.0,0.048922498,0.0215546765553975,0.5533258826385116,14.691027054025817,-0.0816843689778185,-0.0816843689778185
2016,77057,NHI,NATIONAL HEALTH INVESTORS INC,312.0,0.048076954,0.023849498974151,0.5723377998922213,14.834942126674951,0.2795316692732581,0.2795316692732581
2017,77057,NHI,NATIONAL HEALTH INVESTORS INC,324.0,0.047455937,0.0229490298418656,0.493899424082946,14.947987478543393,0.068080957135536,0.068080957135536
2018,77057,NHI,NATIONAL HEALTH INVESTORS INC,336.0,0.0529819,0.0218960753477061,0.4129751957522713,14.928625921876671,0.0581544398045383,0.0581544398045383
2019,77057,NHI,NATIONAL HEALTH INVESTORS INC,348.0,0.050161984,0.020798509337106,0.3546889615583204,15.06025972563505,0.1363198026930743,0.1363198026930743
2020,77057,NHI,NATIONAL HEALTH INVESTORS INC,360.0,0.0684753,0.0199135242389437,0.7181843082375842,14.843925704338051,-0.0858980250229809,-0.0858980250229809
2021,77057,NHI,NATIONAL HEALTH INVESTORS INC,372.0,0.066538304,0.0191766086529411,0.8302773006469,14.866076602960966,-0.1172361728317445,-0.1172361728317445
2022,77057,NHI,NATIONAL HEALTH INVESTORS INC,384.0,0.06401008,0.0174722280923602,0.8155138511879353,14.771526073657268,-0.032545229880991,-0.032545229880991
2023,77057,NHI,NATIONAL HEALTH INVESTORS INC,396.0,0.06881408,0.0159398131429675,0.8378484805117252,14.649278067168256,0.1444229250793982,0.1444229250793982
2024,77057,NHI,NATIONAL HEALTH INVESTORS INC,408.0,0.052071672,0.0188219885913663,0.9074836548252212,14.931422749788526,0.3059468392603977,0.3059468392603977
2004,77129,KIM,KIMCO REALTY CORP,168.0,0.04478654,0.0208123686322895,0.0540358914926428,15.522798660746409,0.3566666254720936,0.3566666254720936
2005,77129,KIM,KIMCO REALTY CORP,180.0,0.04039415,0.0211952566883239,0.1314028590906304,15.713917540052265,0.1533290384118548,0.1533290384118548
2006,77129,KIM,KIMCO REALTY CORP,192.0,0.032142457,0.020279305591476,0.3218371779212156,16.067396682263325,0.4486808276829737,0.4486808276829737
2007,77129,KIM,KIMCO REALTY CORP,204.0,0.03243074,0.0208376080173038,0.453602120597568,16.20876835704169,-0.159268422807646,-0.159268422807646
2008,77129,KIM,KIMCO REALTY CORP,216.0,0.054213937,0.0175590081643242,0.7837618095207651,15.885556726446287,-0.4643254365373856,-0.4643254365373856
2009,77129,KIM,KIMCO REALTY CORP,228.0,0.11149662,0.012405144292567,1.569713140141679,15.182434298273016,-0.2153119250040741,-0.2153119250040741
2010,77129,KIM,KIMCO REALTY CORP,240.0,0.039018765,0.0074609066235927,1.6143428307512693,15.627554663667446,0.3891718316680652,0.3891718316680652
2011,77129,KIM,KIMCO REALTY CORP,252.0,0.037457313,0.0124110337578585,1.581948686193823,15.797030190401635,-0.0625348292927178,-0.0625348292927178
2012,77129,KIM,KIMCO REALTY CORP,264.0,0.038901865,0.013483592313893,1.579022806136311,15.871629914536207,0.2384184235815369,0.2384184235815369
2013,77129,KIM,KIMCO REALTY CORP,276.0,0.03793925,0.0129962022356194,1.648778310542194,15.983850717308806,0.0630592649000119,0.0630592649000119
2014,77129,KIM,KIMCO REALTY CORP,288.0,0.038069375,0.0140978198944143,1.2288002418452535,16.063811525264367,0.3223027873525474,0.3223027873525474
2015,77129,KIM,KIMCO REALTY CORP,300.0,0.03725516,0.014427280429804,1.0145419195749317,16.157256277931243,0.0933725135945073,0.0933725135945073
2016,77129,KIM,KIMCO REALTY CORP,312.0,0.03529263,0.0142442812015457,0.7435170061536422,16.28494602348116,-0.0131233456892414,-0.0131233456892414
2017,77129,KIM,KIMCO REALTY CORP,324.0,0.053132445,0.0122502222788341,0.3907582108535765,15.957340645289696,-0.2367505133209316,-0.2367505133209316
2018,77129,KIM,KIMCO REALTY CORP,336.0,0.07030573,0.0142672779377114,0.3081465561457427,15.715246790837062,-0.1324925958603,-0.1324925958603
2019,77129,KIM,KIMCO REALTY CORP,348.0,0.059165005,0.0136432161021496,0.5140181403047313,15.8967964529664,0.4964001549369692,0.4964001549369692
2020,77129,KIM,KIMCO REALTY CORP,360.0,0.07411719,0.0137377913566589,1.0641015664454676,15.514054759533115,-0.2420647848341236,-0.2420647848341236
2021,77129,KIM,KIMCO REALTY CORP,372.0,0.025993625,0.0104986344718431,1.4457387666404995,16.157104385651984,0.6959370887412724,0.6959370887412724
2022,77129,KIM,KIMCO REALTY CORP,384.0,0.032018077,0.0120495509487934,1.3765220945433272,16.43732993642495,-0.10532764598999,-0.10532764598999
2023,77129,KIM,KIMCO REALTY CORP,396.0,0.046211492,0.013543403863446,1.3512950830034085,16.31001054436045,0.0594587659845398,0.0594587659845398
2024,77129,KIM,KIMCO REALTY CORP,408.0,0.0461136,0.0135014325004518,1.3741953926959882,16.48382412126065,0.1504318612781785,0.1504318612781785
2004,77239,RLIN,ROYALE INVESTMENTS INC,168.0,0.03507893,0.0156155728852947,0.1392829638033875,13.622843288594922,0.4508264870084475,0.4508264870084475
2005,77239,RLIN,ROYALE INVESTMENTS INC,180.0,0.0319488,0.0137593894745061,0.1827589788960991,13.95569681073262,0.2530494239022127,0.2530494239022127
2006,77239,RLIN,ROYALE INVESTMENTS INC,192.0,0.0239992,0.0122788213328807,0.4148257183401083,14.422044947908098,0.4570963112047423,0.4570963112047423
2007,77239,RLIN,ROYALE INVESTMENTS INC,204.0,0.028203396,0.0112193742975187,0.5952275396483447,14.492086005258592,-0.3548497959560163,-0.3548497959560163
2008,77239,RLIN,ROYALE INVESTMENTS INC,216.0,0.03874296,0.0114182001818874,0.8997287548205409,14.334213641530107,0.0155554551807046,0.0155554551807046
2009,77239,RLIN,ROYALE INVESTMENTS INC,228.0,0.044932146,0.0138230808396121,0.8342152616016634,14.371247477783257,0.2528071441786088,0.2528071441786088
2010,77239,RLIN,ROYALE INVESTMENTS INC,240.0,0.041860152,0.0125057698932169,0.815070165286261,14.595479460810814,-0.0042114999518858,-0.0042114999518858
2011,77239,RLIN,ROYALE INVESTMENTS INC,252.0,0.05346481,0.0097532610783739,0.7714266198390004,14.51647914222739,-0.3524637379861963,-0.3524637379861963
2012,77239,RLIN,ROYALE INVESTMENTS INC,264.0,0.057698116,0.0069260689031184,0.8456051143303288,14.377697487450094,0.2299436929846192,0.2299436929846192
2013,77239,RLIN,ROYALE INVESTMENTS INC,276.0,0.041334722,0.0128517834088824,0.885779146496981,14.57967503646107,-0.0087852434898989,-0.0087852434898989
2014,77239,RLIN,ROYALE INVESTMENTS INC,288.0,0.040009942,0.0168235316181444,1.0087972005987702,14.692494467161644,0.2469441465077122,0.2469441465077122
2015,77239,RLIN,ROYALE INVESTMENTS INC,300.0,0.04420802,0.0117806106479461,0.9892971681806024,14.650645807327912,-0.1939469662196413,-0.1939469662196413
2016,77239,RLIN,ROYALE INVESTMENTS INC,312.0,0.040640574,0.0169595853988437,0.9390331168831882,14.75974444968397,0.4855888329751385,0.4855888329751385
2017,77239,RLIN,ROYALE INVESTMENTS INC,324.0,0.03305795,0.0141146162724751,0.6777012280827135,14.986457134237671,-0.0326406659307443,-0.0326406659307443
2018,77239,RLIN,ROYALE INVESTMENTS INC,336.0,0.040162776,0.0149500944207498,0.6673861204737305,14.835429423425309,-0.2486943007578191,-0.2486943007578191
2019,77239,RLIN,ROYALE INVESTMENTS INC,348.0,0.038339045,0.0150040151657495,0.8805085839810508,14.947123143612025,0.4525343721939103,0.4525343721939103
2020,77239,RLIN,ROYALE INVESTMENTS INC,360.0,0.04362556,0.0151799765892014,0.8358695287705863,14.856582639556043,-0.0713203305497938,-0.0713203305497938
2021,77239,RLIN,ROYALE INVESTMENTS INC,372.0,0.040327523,0.0098208784924894,0.808945339812044,14.934928406948872,0.1163505508293394,0.1163505508293394
2022,77239,RLIN,ROYALE INVESTMENTS INC,384.0,0.041593898,0.0121233611647603,0.8017896154798533,14.90586937413638,-0.0325930760128022,-0.0325930760128022
2023,77239,RLIN,ROYALE INVESTMENTS INC,396.0,0.045650806,0.0163497327861856,0.838518566859051,14.83080887485812,0.0353089274331321,0.0353089274331321
2024,77239,RLIN,ROYALE INVESTMENTS INC,408.0,0.042601764,0.0168112687159536,0.7956857555727517,14.940652972850964,0.260644870811564,0.260644870811564
2004,77857,OHI,OMEGA HEALTHCARE INVESTORS INC,156.0,0.04733183,0.0186725010864411,0.8058347330281626,13.07742210655771,0.3571003186792847,0.3571003186792847
2005,77857,OHI,OMEGA HEALTHCARE INVESTORS INC,168.0,0.061878737,0.0193474411446258,1.127764229533168,13.36342528929874,0.1440511665101724,0.1440511665101724
2006,77857,OHI,OMEGA HEALTHCARE INVESTORS INC,180.0,0.0596157,0.0207759028784984,1.0661458703680136,13.641016497456762,0.5061032345254795,0.5061032345254795
2007,77857,OHI,OMEGA HEALTHCARE INVESTORS INC,192.0,0.061523687,0.0206767637327315,1.2336938278600116,13.887448962727582,-0.0310388256865241,-0.0310388256865241
2008,77857,OHI,OMEGA HEALTHCARE INVESTORS INC,204.0,0.06499135,0.0194165045519948,1.2000337032383284,14.024579023446558,0.0688253285248674,0.0688253285248674
2009,77857,OHI,OMEGA HEALTHCARE INVESTORS INC,216.0,0.07291661,0.020071969793381,0.8019274918468605,14.093578094436747,0.3150457545384235,0.3150457545384235
2010,77857,OHI,OMEGA HEALTHCARE INVESTORS INC,228.0,0.058411714,0.0194654920195058,0.7315923143277608,14.470575770162451,0.2311166725575177,0.2311166725575177
2011,77857,OHI,OMEGA HEALTHCARE INVESTORS INC,240.0,0.07235407,0.0152790900539224,0.7256823765290895,14.528058529047325,-0.0701514859169227,-0.0701514859169227
2012,77857,OHI,OMEGA HEALTHCARE INVESTORS INC,252.0,0.07144252,0.0218014637800583,0.7340851890953976,14.690135712514213,0.3285456188012832,0.3285456188012832
2013,77857,OHI,OMEGA HEALTHCARE INVESTORS INC,264.0,0.057127576,0.0215878440891547,0.7584283555699356,15.085399455465112,0.3273693268990021,0.3273693268990021
2014,77857,OHI,OMEGA HEALTHCARE INVESTORS INC,276.0,0.053457245,0.0244119090691821,0.7427417365587434,15.320355288118432,0.3878431669494724,0.3878431669494724
2015,77857,OHI,OMEGA HEALTHCARE INVESTORS INC,288.0,0.049309622,0.0211113450936128,0.7143330896643113,15.644767086816428,-0.0521827810401475,-0.0521827810401475
2016,77857,OHI,OMEGA HEALTHCARE INVESTORS INC,300.0,0.06664577,0.0159454870067179,0.6130051197287,15.655852902201012,-0.0405103951709066,-0.0405103951709066
2017,77857,OHI,OMEGA HEALTHCARE INVESTORS INC,312.0,0.078948215,0.0194394858317911,0.4246851654904047,15.627473503764596,-0.0451016152592866,-0.0451016152592866
2018,77857,OHI,OMEGA HEALTHCARE INVESTORS INC,324.0,0.0857068,0.0116281538350262,0.4086399899715423,15.621699484727438,0.3974976601575977,0.3974976601575977
2019,77857,OHI,OMEGA HEALTHCARE INVESTORS INC,336.0,0.065443814,0.0170092847954517,0.4532281805876469,15.930145459973374,0.2897477862962263,0.2897477862962263
2020,77857,OHI,OMEGA HEALTHCARE INVESTORS INC,348.0,0.081140526,0.0178402401827599,0.7938459263928968,15.806007044499871,-0.0690318365007006,-0.0690318365007006
2021,77857,OHI,OMEGA HEALTHCARE INVESTORS INC,360.0,0.074934974,0.014110117669998,0.8974978152753709,15.888724937843136,-0.1196715518519355,-0.1196715518519355
2022,77857,OHI,OMEGA HEALTHCARE INVESTORS INC,372.0,0.09264285,0.0167146261532349,0.8835226359596203,15.763214516792196,0.0351634231278112,0.0351634231278112
2023,77857,OHI,OMEGA HEALTHCARE INVESTORS INC,384.0,0.087894134,0.0115520625809811,0.8463218342257147,15.790427793554324,0.2004880568928742,0.2004880568928742
2024,77857,OHI,OMEGA HEALTHCARE INVESTORS INC,396.0,0.07168449,0.0161786698432705,0.7926885475755178,16.003396791236884,0.3324393236035039,0.3324393236035039
2004,78089,TCO,TAUBMAN CENTERS INC,168.0,0.043785553,0.0056428731822668,0.2724965098274615,14.015085602834,0.5166761820055763,0.5166761820055763
2005,78089,TCO,TAUBMAN CENTERS INC,180.0,0.035033267,0.0012786547089089,0.3709285347780285,14.281015013343664,0.2029832434706766,0.2029832434706766
2006,78089,TCO,TAUBMAN CENTERS INC,192.0,0.027694734,0.0066581273441003,0.5572657415278884,14.620448345126023,0.5066496801783207,0.5066496801783207
2007,78089,TCO,TAUBMAN CENTERS INC,204.0,0.026241077,0.006109919409585,0.6355095279927699,14.87353882873064,-0.0041211989624662,-0.0041211989624662
2008,78089,TCO,TAUBMAN CENTERS INC,216.0,0.039009567,0.0124983068549316,0.8401082849640704,14.64469810112454,-0.4608769245319882,-0.4608769245319882
2009,78089,TCO,TAUBMAN CENTERS INC,228.0,0.066096894,0.0066568313249942,1.3146678274244148,14.139356464304838,0.5013152068767341,0.5013152068767341
2010,78089,TCO,TAUBMAN CENTERS INC,240.0,0.03990223,0.0036485797499633,1.3993236803446305,14.637026685330715,0.4671536224649542,0.4671536224649542
2011,78089,TCO,TAUBMAN CENTERS INC,252.0,0.03214469,0.0176348278662151,1.3826893152567712,15.002822960126217,0.2693425270455352,0.2693425270455352
2012,78089,TCO,TAUBMAN CENTERS INC,264.0,0.023447165,0.0347244970294726,1.3620327165877686,15.319555162447452,0.2986410364881617,0.2986410364881617
2013,78089,TCO,TAUBMAN CENTERS INC,276.0,0.025896415,0.023430241428863,1.369303439762474,15.349282318901126,-0.1648245737231723,-0.1648245737231723
2014,78089,TCO,TAUBMAN CENTERS INC,288.0,0.033426765,0.0238127578720913,1.071853867321265,15.354354267860396,0.3069325419349391,0.3069325419349391
2015,78089,TCO,TAUBMAN CENTERS INC,300.0,0.09155183,0.0200184859864494,0.7444436448491917,15.328061512477412,0.0353533940399226,0.0353533940399226
2016,78089,TCO,TAUBMAN CENTERS INC,312.0,0.031883765,0.0209366153331555,0.5948786779207355,15.298895780897416,-0.0047398681216119,-0.0047398681216119
2017,78089,TCO,TAUBMAN CENTERS INC,324.0,0.04114782,0.0215833934498338,0.2938018788395807,15.0997135756227,-0.0771732654037165,-0.0771732654037165
2018,78089,TCO,TAUBMAN CENTERS INC,336.0,0.044938084,0.0184019460589651,0.3635410225966964,15.060823530539777,-0.2706710644618866,-0.2706710644618866
2019,78089,TCO,TAUBMAN CENTERS INC,348.0,0.06436529,0.0187116752262588,0.6110916478553129,14.756770761643216,-0.2692396856117578,-0.2692396856117578
2020,78089,TCO,TAUBMAN CENTERS INC,359.0,0.05589753,0.0164514440669309,0.1979609427649532,14.677425804570111,0.396290992823465,0.396290992823465
2004,78927,SITC,SITE CENTERS CORP,168.0,0.044359248,0.0179869360769539,0.0932034992138716,15.111886274488851,0.3874037968867319,0.3874037968867319
2005,78927,SITC,SITE CENTERS CORP,180.0,0.045173313,0.0130725014090468,0.2335938196089807,15.380427199076356,0.1120073227730213,0.1120073227730213
2006,78927,SITC,SITE CENTERS CORP,192.0,0.040689785,0.0137235924856974,0.3858065003094396,15.617006433453128,0.3961007219687085,0.3961007219687085
2007,78927,SITC,SITE CENTERS CORP,204.0,0.045010988,0.0124369356583104,0.5884289931926939,15.72653076535673,-0.3593857425193796,-0.3593857425193796
2008,78927,SITC,SITE CENTERS CORP,216.0,0.15563102,0.0126233394013511,1.0397221434893646,14.88535455876241,-0.6042861370447684,-0.6042861370447684
2009,78927,SITC,SITE CENTERS CORP,228.0,0.24983823,0.0074624459922862,2.2274894983437217,13.656795512246248,1.0233536316810323,1.0233536316810323
2010,78927,SITC,SITE CENTERS CORP,240.0,0.012486576,-0.003411091874478,2.408805983927928,14.844390861519528,0.5319908289416007,0.5319908289416007
2011,78927,SITC,SITE CENTERS CORP,252.0,0.009525144,0.0045131242995389,2.37717588544129,15.0991911084332,-0.1208040583424043,-0.1208040583424043
2012,78927,SITC,SITE CENTERS CORP,264.0,0.022924103,0.0064564595737155,2.2830734792791723,15.278942100923835,0.328338928786468,0.328338928786468
2013,78927,SITC,SITE CENTERS CORP,276.0,0.02889405,0.0105963814374003,2.32084293725392,15.528487941448192,0.0144735662361537,0.0144735662361537
2014,78927,SITC,SITE CENTERS CORP,288.0,0.032442737,0.0104928730107859,1.5997555777884431,15.645025418774376,0.2380623486461812,0.2380623486461812
2015,78927,SITC,SITE CENTERS CORP,300.0,0.038504284,0.0074762563023538,1.1444598351768416,15.62915841488062,-0.0438498334971415,-0.0438498334971415
2016,78927,SITC,SITE CENTERS CORP,312.0,0.04209541,0.0123534698104046,0.8536876072485665,15.650141596733045,-0.0522022913231895,-0.0522022913231895
2017,78927,SITC,SITE CENTERS CORP,324.0,0.076923884,0.010929941400443,0.6311065048529173,15.124317873711014,-0.36602674919751,-0.36602674919751
2018,78927,SITC,SITE CENTERS CORP,336.0,0.10183234,0.0088482408814217,0.609109275064944,14.775627673366102,-0.1779415414197139,-0.1779415414197139
2019,78927,SITC,SITE CENTERS CORP,348.0,0.06566488,0.0116865188539212,0.7853733178643617,14.75200401386953,0.3406145075738058,0.3406145075738058
2020,78927,SITC,SITE CENTERS CORP,360.0,0.07908293,0.012946802663531,1.3428056462750042,14.238194725149318,-0.2468988816964963,-0.2468988816964963
2021,78927,SITC,SITE CENTERS CORP,372.0,0.01936262,0.0109647462599564,1.754902481469716,14.930431458106897,0.6139462127895212,0.6139462127895212
2022,78927,SITC,SITE CENTERS CORP,384.0,0.03544381,0.0157878349187315,1.6650052911453208,14.912802866239014,-0.1028906162078008,-0.1028906162078008
2023,78927,SITC,SITE CENTERS CORP,396.0,0.04170272,0.0152549154430024,1.5614213474177248,14.811210243042291,0.0510332331312521,0.0510332331312521
2024,78927,SITC,SITE CENTERS CORP,408.0,0.06370472,0.0143485638700142,1.589584549577584,14.592162783575455,0.0417618487425128,0.0417618487425128
2004,78931,CRE,CARRAMERICA REALTY CORP,156.0,0.062378645,0.0143331706320004,0.1408437498752335,14.348387984991362,0.1795099062224778,0.1795099062224778
2005,78931,CRE,CARRAMERICA REALTY CORP,168.0,0.05761954,0.0128236212531605,0.2419812613161447,14.462443848932963,0.1120750446955116,0.1120750446955116
2006,78931,CRE,CARRAMERICA REALTY CORP,174.0,0.045602575,0.0111118799105974,0.4911320205144536,14.735834484682988,0.31685653374659,0.31685653374659
2004,78947,MHC,MANUFACTURED HOME COMMUNITIES IN,156.0,0.2551087,0.0051736253741822,-0.0099696908130897,13.548704786610967,0.1773229842983001,0.1773229842983001
2005,78947,MHC,MANUFACTURED HOME COMMUNITIES IN,168.0,0.0017803829,0.0012900574051367,0.0529925174831633,13.742191988179409,0.2478409945446726,0.2478409945446726
2006,78947,MHC,MANUFACTURED HOME COMMUNITIES IN,180.0,0.00404161,0.0022942795038146,0.2903105878730315,13.912627717760202,0.2308285325905668,0.2308285325905668
2007,78947,MHC,MANUFACTURED HOME COMMUNITIES IN,192.0,0.008619155,0.0065107857103011,0.5054694509671828,14.026346502420756,-0.1510213145530218,-0.1510213145530218
2008,78947,MHC,MANUFACTURED HOME COMMUNITIES IN,204.0,0.0153209865,0.0115284981298667,0.7099660731946947,13.924599768896307,-0.1451518924858348,-0.1451518924858348
2009,78947,MHC,MANUFACTURED HOME COMMUNITIES IN,216.0,0.02080577,0.0124047321063819,0.7448227602704218,13.953156368848225,0.350739600290596,0.350739600290596
2010,78947,MHC,MANUFACTURED HOME COMMUNITIES IN,228.0,0.021923281,0.0134282725280136,0.724286306623041,14.29317751005769,0.1336508260601099,0.1336508260601099
2011,78947,MHC,MANUFACTURED HOME COMMUNITIES IN,240.0,0.019586286,0.015270089134228,0.701758906183605,14.592243351875206,0.2214297743904913,0.2214297743904913
2012,78947,MHC,MANUFACTURED HOME COMMUNITIES IN,252.0,0.022581732,0.0128902264129311,0.6499408686225169,14.853384700369707,0.0351098511397742,0.0351098511397742
2013,78947,MHC,MANUFACTURED HOME COMMUNITIES IN,264.0,0.025048777,0.0156570676680326,0.621402905490605,14.945912497383466,0.1063601538986429,0.1063601538986429
2014,78947,MHC,MANUFACTURED HOME COMMUNITIES IN,276.0,0.025594184,0.014382135351188,0.5021897974590184,15.12326440728178,0.464923718310497,0.464923718310497
2015,78947,MHC,MANUFACTURED HOME COMMUNITIES IN,288.0,0.024348637,0.0169822747797649,0.3879414091958753,15.384119872641172,0.327204317130549,0.327204317130549
2016,78947,MHC,MANUFACTURED HOME COMMUNITIES IN,300.0,0.021543754,0.0208805665043397,0.2157059556379982,15.648068221827453,0.1061256707440756,0.1061256707440756
2017,78947,MHC,MANUFACTURED HOME COMMUNITIES IN,312.0,0.021306923,0.0223899433737047,0.0184584657244473,15.805964240291347,0.2636024545165822,0.2636024545165822
2018,78947,MHC,MANUFACTURED HOME COMMUNITIES IN,324.0,0.022152184,0.0235008887187331,-0.0501201117171102,15.919811858898512,0.1170400700235887,0.1170400700235887
2019,78947,MHC,MANUFACTURED HOME COMMUNITIES IN,336.0,0.01837292,0.0246173498748181,0.0929073494857404,16.242563236744658,0.4776341673250199,0.4776341673250199
2020,78947,MHC,MANUFACTURED HOME COMMUNITIES IN,348.0,0.020450363,0.0248110135077072,0.273398088162906,16.259585757226404,-0.0794824727987172,-0.0794824727987172
2021,78947,MHC,MANUFACTURED HOME COMMUNITIES IN,360.0,0.018935194,0.0233213006275195,0.2966794712636385,16.42833273328723,0.4104522211379673,0.4104522211379673
2022,78947,MHC,MANUFACTURED HOME COMMUNITIES IN,372.0,0.021624072,0.0248214984773418,0.3878337043119242,16.396042475120677,-0.2451019616389033,-0.2451019616389033
2023,78947,MHC,MANUFACTURED HOME COMMUNITIES IN,384.0,0.025167622,0.0239674718724919,0.4806349061616721,16.35311048158477,0.1211793614703353,0.1211793614703353
2024,78947,MHC,MANUFACTURED HOME COMMUNITIES IN,396.0,0.027292432,0.0252987041710545,0.5140661272794987,16.350853365618775,-0.0285668468974272,-0.0285668468974272
2010,79129,GGP,G G P INC,228.0,0.002727534,0.0045776782183368,2.301910805776667,15.596992151149834,0.2285723923964935,0.2285723923964935
2011,79129,GGP,G G P INC,240.0,0.033505764,0.0053997583105366,2.28163722959114,16.487630114117803,-0.004933865842826,-0.004933865842826
2012,79129,GGP,G G P INC,252.0,0.022516662,0.0054267692175805,2.2247976116287225,16.65093096817733,0.3883433223951269,0.3883433223951269
2013,79129,GGP,G G P INC,264.0,0.022278128,0.0107081377916088,2.1519740071801965,16.761605179289663,0.0358009529699117,0.0358009529699117
2014,79129,GGP,G G P INC,276.0,0.023869308,0.0115282260746233,1.9487510640333128,16.86463551005333,0.437017088613288,0.437017088613288
2015,79129,GGP,G G P INC,288.0,0.024142608,0.0128028139587534,0.9454881628183486,17.00654916247932,-0.0075914804367901,-0.0075914804367901
2016,79129,GGP,G G P INC,300.0,0.027734512,0.0152583550355179,0.7122721391824278,17.01546322504729,-0.0447486046983512,-0.0447486046983512
2017,79129,GGP,G G P INC,312.0,0.04785593,0.0156892146803124,0.3685000631029863,16.817541384562723,-0.0249975295957052,-0.0249975295957052
2018,79129,GGP,G G P INC,324.0,1.2341784,0.016169655991663,0.500420210551054,15.935114025084728,-0.2043815591194792,-0.2043815591194792
2019,79129,GGP,G G P INC,336.0,2.1498792,0.017427644769265,0.7343694834532507,14.275794122222113,0.2273688521929702,0.2273688521929702
2020,79129,GGP,G G P INC,348.0,0.13604394,0.0081988466706807,1.1758964585373208,13.368277936518869,-0.1039788935614456,-0.1039788935614456
2021,79129,GGP,G G P INC,354.0,0.08322599,0.0050400444146921,1.2303327431493625,13.454616404418116,0.2883267449023468,0.2883267449023468
2004,79233,HR,HEALTHCARE REALTY TRUST INC,144.0,0.06250959,0.0159091908780956,0.2070373702017437,14.374360089475616,0.215469107191262,0.215469107191262
2005,79233,HR,HEALTHCARE REALTY TRUST INC,156.0,0.068331175,0.0124848137649517,0.3264617040936939,14.400226500179036,-0.1234951306926717,-0.1234951306926717
2006,79233,HR,HEALTHCARE REALTY TRUST INC,168.0,0.072274886,0.011752113830269,0.5184866362316337,14.374413391080044,0.2767952630476218,0.2767952630476218
2007,79233,HR,HEALTHCARE REALTY TRUST INC,180.0,0.21094252,0.0113103160398432,0.7644705850482728,14.189843097706053,-0.2175324655537994,-0.2175324655537994
2008,79233,HR,HEALTHCARE REALTY TRUST INC,192.0,0.10585589,0.0121865705569042,0.8481252756093065,14.124127964136209,-0.0143770751809344,-0.0143770751809344
2009,79233,HR,HEALTHCARE REALTY TRUST INC,204.0,0.08125997,0.0133409519970394,0.7911595416292388,13.90009171117198,-0.0054941222505101,-0.0054941222505101
2010,79233,HR,HEALTHCARE REALTY TRUST INC,216.0,0.05880174,0.0121479635462706,0.7773250440652463,14.156357460435489,0.0416394676480098,0.0416394676480098
2011,79233,HR,HEALTHCARE REALTY TRUST INC,228.0,0.05613713,0.0087038724301827,0.7644926958944928,14.194118785893687,-0.0671861039921953,-0.0671861039921953
2012,79233,HR,HEALTHCARE REALTY TRUST INC,240.0,0.050723612,0.009854100619494,0.7576144241141941,14.42614572147864,0.361668382925568,0.361668382925568
2013,79233,HR,HEALTHCARE REALTY TRUST INC,252.0,0.045463424,0.01026023466885,0.7679781422284558,14.652819169459386,-0.067900561446181,-0.067900561446181
2014,79233,HR,HEALTHCARE REALTY TRUST INC,264.0,0.047462463,0.0089806516311356,0.6745192383319125,14.698848406615808,0.3448271817482384,0.3448271817482384
2015,79233,HR,HEALTHCARE REALTY TRUST INC,276.0,0.045821156,0.0136849474552801,0.600144679415653,14.770152762951374,0.086698205171285,0.086698205171285
2016,79233,HR,HEALTHCARE REALTY TRUST INC,288.0,0.03582888,0.0113045918117274,0.4100619206906271,15.067780900274146,0.1126117855595518,0.1126117855595518
2017,79233,HR,HEALTHCARE REALTY TRUST INC,300.0,0.035768833,0.0149588646243757,0.1082133813003763,15.17510131569817,0.0987824746210745,0.0987824746210745
2018,79233,HR,HEALTHCARE REALTY TRUST INC,312.0,0.0413759,0.01123485008725,0.1244664697513393,15.09651055919364,-0.076960068983489,-0.076960068983489
2019,79233,HR,HEALTHCARE REALTY TRUST INC,324.0,0.03618677,0.0149685927016304,0.3099692063123895,15.251300869210786,0.2173306238610797,0.2173306238610797
2020,79233,HR,HEALTHCARE REALTY TRUST INC,336.0,0.039332457,0.0144388359706122,0.4276373416365298,15.221256190065557,-0.0777721537340827,-0.0777721537340827
2021,79233,HR,HEALTHCARE REALTY TRUST INC,348.0,0.038167495,0.0133867749195793,0.4535157189210402,15.296752943942067,0.1126134267072624,0.1126134267072624
2022,79233,HR,HEALTHCARE REALTY TRUST INC,354.0,0.042594958,0.0150763562566504,0.4576203593882341,15.252549374952055,-0.1209054005640719,-0.1209054005640719
2004,79238,SKT,TANGER FACTORY OUTLET CENTERS IN,144.0,0.05125003,0.0180740231783368,0.1024415087386788,13.28280225696559,0.3799941889309493,0.3799941889309493
2005,79238,SKT,TANGER FACTORY OUTLET CENTERS IN,156.0,0.048048764,0.0186833502555534,0.2504365860577971,13.50340112353019,0.1417995154675724,0.1417995154675724
2006,79238,SKT,TANGER FACTORY OUTLET CENTERS IN,168.0,0.03750715,0.0188685017301048,0.4137575636873214,13.876688233544028,0.4151328195004948,0.4151328195004948
2007,79238,SKT,TANGER FACTORY OUTLET CENTERS IN,180.0,0.035097145,0.0188507831403857,0.5568013546745912,14.026469938898195,0.000801539725751,0.000801539725751
2008,79238,SKT,TANGER FACTORY OUTLET CENTERS IN,192.0,0.03850771,0.0223049576029147,0.7185243937501019,13.998688925804544,0.0378225348657106,0.0378225348657106
2009,79238,SKT,TANGER FACTORY OUTLET CENTERS IN,204.0,0.041830342,0.0198995673521356,0.5959114432309592,14.010455972644486,0.0837367270209572,0.0837367270209572
2010,79238,SKT,TANGER FACTORY OUTLET CENTERS IN,216.0,0.03387387,0.0254516856972232,0.5055632284733139,14.397749430510226,0.3609649434278166,0.3609649434278166
2011,79238,SKT,TANGER FACTORY OUTLET CENTERS IN,228.0,0.028110405,0.0234246998472912,0.4560206678892418,14.643179352344312,0.1790626597252385,0.1790626597252385
2012,79238,SKT,TANGER FACTORY OUTLET CENTERS IN,240.0,0.024721986,0.0232262240066108,0.4279298779162497,14.886819856399503,0.197642619442834,0.197642619442834
2013,79238,SKT,TANGER FACTORY OUTLET CENTERS IN,252.0,0.025343932,0.0253855460079806,0.4245525832467186,14.97911110590054,-0.039915633469063,-0.039915633469063
2014,79238,SKT,TANGER FACTORY OUTLET CENTERS IN,264.0,0.026189575,0.0254401540895361,0.3242999787833694,15.02360489612016,0.1859594030516482,0.1859594030516482
2015,79238,SKT,TANGER FACTORY OUTLET CENTERS IN,276.0,0.031001804,0.0225622570973375,0.2898745532607184,14.99193818325128,-0.0811657765853308,-0.0811657765853308
2016,79238,SKT,TANGER FACTORY OUTLET CENTERS IN,288.0,0.038403917,0.0256404345748981,0.3209714087861887,15.064615279611514,0.1332959932450423,0.1332959932450423
2017,79238,SKT,TANGER FACTORY OUTLET CENTERS IN,300.0,0.04907553,0.024232332651886,0.408231682033734,14.7798340937985,-0.2226244358459415,-0.2226244358459415
2018,79238,SKT,TANGER FACTORY OUTLET CENTERS IN,312.0,0.06114082,0.0212324684691914,0.5347123138064989,14.57765514623623,-0.1905671494794931,-0.1905671494794931
2019,79238,SKT,TANGER FACTORY OUTLET CENTERS IN,324.0,0.08338373,0.0251198709170365,0.7129578333720826,14.28885138720841,-0.2120001326329279,-0.2120001326329279
2020,79238,SKT,TANGER FACTORY OUTLET CENTERS IN,336.0,0.15921302,0.0224685735532008,1.6191450392539386,13.47162907733779,-0.2744366766576522,-0.2744366766576522
2021,79238,SKT,TANGER FACTORY OUTLET CENTERS IN,348.0,0.030273601,0.0162856934762463,2.188340953489024,14.355627742044035,1.0201629390391362,1.0201629390391362
2022,79238,SKT,TANGER FACTORY OUTLET CENTERS IN,360.0,0.045615133,0.017597959560142,2.056994775839108,14.3614670378104,-0.0241829525925546,-0.0241829525925546
2023,79238,SKT,TANGER FACTORY OUTLET CENTERS IN,372.0,0.04131172,0.0236377296624187,1.9153208756144284,14.646649786276251,0.6177927790135582,0.6177927790135582
2024,79238,SKT,TANGER FACTORY OUTLET CENTERS IN,384.0,0.034020167,0.0251445711457231,1.9421581430095167,15.011206513700278,0.2776167845791817,0.2776167845791817
2004,79449,PPS,POST PROPERTIES INC,144.0,0.05947353,0.0075980859980209,0.190022872099272,13.986337881374274,0.3255216488641352,0.3255216488641352
2005,79449,PPS,POST PROPERTIES INC,156.0,0.05041111,0.0067113443723132,0.2813500430101299,14.179628937616632,0.2033212988209154,0.2033212988209154
2006,79449,PPS,POST PROPERTIES INC,168.0,0.038346775,0.0082308301574085,0.3391702875803187,14.481104972550114,0.1896447424941676,0.1896447424941676
2007,79449,PPS,POST PROPERTIES INC,180.0,0.04129153,0.0090487209671763,0.4547315903258433,14.462019182509673,-0.1980128534760487,-0.1980128534760487
2008,79449,PPS,POST PROPERTIES INC,192.0,0.06304881,0.009404393731708,0.6076266074409992,14.077172646418324,-0.5037366585564149,-0.5037366585564149
2009,79449,PPS,POST PROPERTIES INC,204.0,0.08109693,-0.0029517139870092,1.165276173614899,13.401245093225642,0.2555475575835766,0.2555475575835766
2010,79449,PPS,POST PROPERTIES INC,216.0,0.031406205,-0.0025184132276529,1.2772755519155696,14.030820185166974,0.9095312582137508,0.9095312582137508
2011,79449,PPS,POST PROPERTIES INC,228.0,0.019809002,0.0074191849804414,1.3341955754560493,14.51313765135769,0.2302362458035001,0.2302362458035001
2012,79449,PPS,POST PROPERTIES INC,240.0,0.01804778,0.0127976052048635,1.276304128910516,14.770182813706166,0.1657185698584549,0.1657185698584549
2013,79449,PPS,POST PROPERTIES INC,252.0,0.023070158,0.0174175572117101,1.241291342162377,14.748893096905034,-0.0700932891058769,-0.0700932891058769
2014,79449,PPS,POST PROPERTIES INC,264.0,0.026594674,0.0167620936160643,0.9253857930545392,14.866904553728794,0.3380342066961246,0.3380342066961246
2015,79449,PPS,POST PROPERTIES INC,276.0,0.028383406,0.0147879866449999,0.5748378120335136,14.958611189472018,0.0373895174760816,0.0373895174760816
2016,79449,PPS,POST PROPERTIES INC,287.0,0.029537033,0.0181496727396943,0.3159700306152198,15.009185350714793,0.1243345388203727,0.1243345388203727
2004,79542,XEL,EXCEL REALTY TRUST INC,396.0,0.06463178,0.0161742568177834,0.0495080227205329,14.74037663065708,0.1700062296836413,0.1700062296836413
2005,79542,XEL,EXCEL REALTY TRUST INC,408.0,0.116860725,0.0152519675080176,0.1990283038059295,14.765240281780358,0.0209414228894178,0.0209414228894178
2006,79542,XEL,EXCEL REALTY TRUST INC,420.0,0.11887783,0.0148395924585272,0.3002235724606193,14.817919250865373,0.228903506098921,0.228903506098921
2007,79542,XEL,EXCEL REALTY TRUST INC,423.0,0.039682582,0.0155849579248132,0.3424937170113833,15.006558838046397,0.2264038874360001,0.2264038874360001
2004,79558,BFS,SAUL CENTERS INC,144.0,0.049571786,0.0310195182861079,0.0496558165825914,13.126976061553306,0.408688843808771,0.408688843808771
2005,79558,BFS,SAUL CENTERS INC,156.0,0.044124648,0.0274942000257288,0.1416225426698887,13.278814699353129,-0.0121080593040187,-0.0121080593040187
2006,79558,BFS,SAUL CENTERS INC,168.0,0.038183592,0.028158815312685,0.3935161653294107,13.512476647316763,0.592142544205237,0.592142544205237
2007,79558,BFS,SAUL CENTERS INC,180.0,0.03269436,0.025652762235743,0.5377733731866484,13.723255281688042,0.0024919042368505,0.0024919042368505
2008,79558,BFS,SAUL CENTERS INC,192.0,0.040906858,0.0215437639757657,0.6960107901849905,13.605052901547753,-0.229768962577332,-0.229768962577332
2009,79558,BFS,SAUL CENTERS INC,204.0,0.055746492,0.0179391489831741,0.8761315684146026,13.198490491325003,-0.1305265776699229,-0.1305265776699229
2010,79558,BFS,SAUL CENTERS INC,216.0,0.03561625,0.0155147778707473,0.8096115072652138,13.516090031626376,0.4983436439742128,0.4983436439742128
2011,79558,BFS,SAUL CENTERS INC,228.0,0.03607032,0.0119173148522251,0.7675006691751777,13.514882478761844,-0.2254515956065321,-0.2254515956065321
2012,79558,BFS,SAUL CENTERS INC,240.0,0.034311157,0.011449675077987,0.7446928504279745,13.598401382295316,0.2521855806335742,0.2521855806335742
2013,79558,BFS,SAUL CENTERS INC,252.0,0.031400427,0.0114344591768465,0.7903888765841677,13.722428665766833,0.1516336025806448,0.1516336025806448
2014,79558,BFS,SAUL CENTERS INC,264.0,0.030026032,0.0154769617113211,0.5941767635132789,13.83510956558834,0.2369939289574896,0.2369939289574896
2015,79558,BFS,SAUL CENTERS INC,276.0,0.030905074,0.0156652592750978,0.5344675992896433,13.920655658563652,-0.075067384501346,-0.075067384501346
2016,79558,BFS,SAUL CENTERS INC,288.0,0.030058073,0.0170014462761218,0.5290539209382835,14.04420807719906,0.3413725347874841,0.3413725347874841
2017,79558,BFS,SAUL CENTERS INC,300.0,0.03211533,0.0165596351903853,0.5615899149759709,14.09521262911786,-0.041494723215672,-0.041494723215672
2018,79558,BFS,SAUL CENTERS INC,312.0,0.03944641,0.0156136824316672,0.6640500021253645,13.956172813200872,-0.2035844310348075,-0.2035844310348075
2019,79558,BFS,SAUL CENTERS INC,324.0,0.038791742,0.0164328592226596,0.8839294796468753,14.01837108978021,0.162660246052378,0.162660246052378
2020,79558,BFS,SAUL CENTERS INC,336.0,0.066424854,0.0146095947662262,0.910319450600798,13.525120568171978,-0.359462455388148,-0.359462455388148
2021,79558,BFS,SAUL CENTERS INC,348.0,0.049623713,0.0129549571522055,0.9828579975061346,13.831112019428495,0.7657227543464049,0.7657227543464049
2022,79558,BFS,SAUL CENTERS INC,360.0,0.049197316,0.0150455188855641,0.9384449267479557,13.907562494477515,-0.1948956499251831,-0.1948956499251831
2023,79558,BFS,SAUL CENTERS INC,372.0,0.062953256,0.0141285576902846,0.9523866003441496,13.70549072264726,0.0271426505732579,0.0271426505732579
2024,79558,BFS,SAUL CENTERS INC,384.0,0.060991254,0.0135447336404422,0.8862437989736062,13.74125954640064,0.0504129105048154,0.0504129105048154
2004,79770,LXP,L X P INDUSTRIAL TRUST,144.0,0.059656803,0.016430771565271,0.0813367612125811,13.78447979558539,0.1974402903574521,0.1974402903574521
2005,79770,LXP,L X P INDUSTRIAL TRUST,156.0,0.061794113,0.0126242715168545,0.1685028270435724,13.941429513899529,0.0052056134640958,0.0052056134640958
2006,79770,LXP,L X P INDUSTRIAL TRUST,168.0,0.07091667,0.0096727479518968,0.1920147559405606,13.934025749693264,0.1572021207357501,0.1572021207357501
2007,79770,LXP,L X P INDUSTRIAL TRUST,180.0,0.09200827,0.005393248731269,0.2927765813502463,14.077172971521732,-0.19901420993408,-0.19901420993408
2008,79770,LXP,L X P INDUSTRIAL TRUST,192.0,0.2715436,0.0080390809828521,0.68335017593539,13.582693550814772,-0.6042861370447684,-0.6042861370447684
2009,79770,LXP,L X P INDUSTRIAL TRUST,204.0,0.13207428,0.0079084497886054,1.5011496059352207,13.00927229609342,0.4268713844422531,0.4268713844422531
2010,79770,LXP,L X P INDUSTRIAL TRUST,216.0,0.04839314,-0.0031300290144074,1.7180250134367452,13.698394110397604,0.3884360321996574,0.3884360321996574
2011,79770,LXP,L X P INDUSTRIAL TRUST,228.0,0.05013101,0.0155354134010293,1.7157092829927716,14.04589319488844,-0.0008374464145703,-0.0008374464145703
2012,79770,LXP,L X P INDUSTRIAL TRUST,240.0,0.052952413,0.0132947349839529,1.711607044942524,14.191993111079675,0.4785855067021491,0.4785855067021491
2013,79770,LXP,L X P INDUSTRIAL TRUST,252.0,0.044931848,0.0131860013359248,1.7545704899014611,14.711551593835203,0.0319133237710675,0.0319133237710675
2014,79770,LXP,L X P INDUSTRIAL TRUST,264.0,0.058042552,0.0134139548378486,1.4129406259732091,14.735977733168257,0.1450025999115685,0.1450025999115685
2015,79770,LXP,L X P INDUSTRIAL TRUST,276.0,0.07489521,0.0173018414867906,1.0930951985684432,14.570871693285184,-0.2114895440056988,-0.2114895440056988
2016,79770,LXP,L X P INDUSTRIAL TRUST,288.0,0.07211697,0.018554880319346,1.053371240780037,14.625458535030512,0.4464062785703762,0.4464062785703762
2017,79770,LXP,L X P INDUSTRIAL TRUST,300.0,0.06822241,0.0177343494201629,0.8239132781096631,14.70671708488579,-0.0418011455856249,-0.0418011455856249
2018,79770,LXP,L X P INDUSTRIAL TRUST,312.0,0.08416003,0.0173940647343501,0.8582946955852798,14.51965602883547,-0.0736323156025154,-0.0736323156025154
2019,79770,LXP,L X P INDUSTRIAL TRUST,324.0,0.058716867,0.017640678420353,0.8603311096455298,14.674687037641364,0.3490660216611914,0.3490660216611914
2020,79770,LXP,L X P INDUSTRIAL TRUST,336.0,0.03768036,0.0150629885636712,0.5899156793079192,14.852634170192625,0.0413385534022821,0.0413385534022821
2021,79770,LXP,L X P INDUSTRIAL TRUST,348.0,0.033735994,0.0169051684780236,0.399156443016057,15.076436687453509,0.5224025134180701,0.5224025134180701
2022,79770,LXP,L X P INDUSTRIAL TRUST,360.0,0.04089967,0.0119561907090985,0.4671783204970909,15.003303740603751,-0.3295453861081786,-0.3295453861081786
2023,79770,LXP,L X P INDUSTRIAL TRUST,372.0,0.050131235,0.0140671465736552,0.5661324751468487,14.856053231620232,0.042498281014107,0.042498281014107
2024,79770,LXP,L X P INDUSTRIAL TRUST,384.0,0.056074783,0.0122190831163715,0.6115436043726453,14.807910572261534,-0.1327631667029197,-0.1327631667029197
2004,79777,CBL,C B L & ASSOCIATES PPTYS INC,156.0,0.046329107,0.0194426578735417,0.2767149633164832,14.433964575045254,0.4166103508927279,0.4166103508927279
2005,79777,CBL,C B L & ASSOCIATES PPTYS INC,168.0,0.03964298,0.0188837928142665,0.4088319320477072,14.729677452149048,0.0817817349802274,0.0817817349802274
2006,79777,CBL,C B L & ASSOCIATES PPTYS INC,180.0,0.044507984,0.0178924089381396,0.5611389155392146,14.793452260500295,0.1472958237842292,0.1472958237842292
2007,79777,CBL,C B L & ASSOCIATES PPTYS INC,192.0,0.054984275,0.0158991165638744,0.681000749163026,14.68907905362166,-0.4131914768342355,-0.4131914768342355
2008,79777,CBL,C B L & ASSOCIATES PPTYS INC,204.0,0.15882452,0.0123009456931051,1.221020432596618,13.911423851836435,-0.6042861370447684,-0.6042861370447684
2009,79777,CBL,C B L & ASSOCIATES PPTYS INC,216.0,0.24796586,0.0115547211104993,3.1894077484589745,13.347112859464085,0.7741281770243453,0.7741281770243453
2010,79777,CBL,C B L & ASSOCIATES PPTYS INC,228.0,0.03736879,0.0091551541067884,3.4941950781982496,14.451075245632037,0.9156812015403036,0.9156812015403036
2011,79777,CBL,C B L & ASSOCIATES PPTYS INC,240.0,0.049313083,0.0127193641546005,3.4165864234230505,14.692130706235645,-0.0519752150083809,-0.0519752150083809
2012,79777,CBL,C B L & ASSOCIATES PPTYS INC,252.0,0.042447936,0.0139828797577646,3.3078427910744197,14.927404166456208,0.4108297815919473,0.4108297815919473
2013,79777,CBL,C B L & ASSOCIATES PPTYS INC,264.0,0.041730374,0.0151248896389353,3.4172275320632752,15.062276799731158,-0.1133954031155347,-0.1133954031155347
2014,79777,CBL,C B L & ASSOCIATES PPTYS INC,276.0,0.051754665,0.017645017966516,2.1571088757200023,14.96232544064887,0.1409118199752288,0.1409118199752288
2015,79777,CBL,C B L & ASSOCIATES PPTYS INC,288.0,0.06486135,0.0197603849045989,1.4877181385550502,14.83250359992203,-0.3170358094826269,-0.3170358094826269
2016,79777,CBL,C B L & ASSOCIATES PPTYS INC,300.0,0.093511224,0.0188209476059861,1.3760237857891342,14.48111730421435,0.0217372083042566,0.0217372083042566
2017,79777,CBL,C B L & ASSOCIATES PPTYS INC,312.0,0.13086231,0.0206050147625643,1.20043426269673,14.153229892276672,-0.4427174721366368,-0.4427174721366368
2018,79777,CBL,C B L & ASSOCIATES PPTYS INC,324.0,0.21861894,0.0178872399067307,1.415106962981003,13.459684646848125,-0.5982016970123114,-0.5982016970123114
2019,79777,CBL,C B L & ASSOCIATES PPTYS INC,336.0,0.254497,0.0136014112710797,1.847155369206138,12.387069460025645,-0.1794862634465106,-0.1794862634465106
2004,79778,CPG,CHELSEA PROPERTY GROUP INC,141.0,0.036327854,0.025902772181454,0.006153438010637,14.796236509962132,0.2585428664775338,0.2585428664775338
2004,79782,REG,REGENCY CENTERS CORP,144.0,0.045772504,0.0140494728289703,0.0564491216945327,14.82764325506841,0.4574597634841442,0.4574597634841442
2005,79782,REG,REGENCY CENTERS CORP,156.0,0.038482595,0.0133830235772237,0.1361524030267803,15.075445517790897,0.1067032916795513,0.1067032916795513
2006,79782,REG,REGENCY CENTERS CORP,168.0,0.033347502,0.0125517402766408,0.2704710834136279,15.346705293686862,0.3733745789922442,0.3733745789922442
2007,79782,REG,REGENCY CENTERS CORP,180.0,0.033886675,0.0146649027293361,0.4509312924516611,15.46095228429909,-0.1453375207308035,-0.1453375207308035
2008,79782,REG,REGENCY CENTERS CORP,192.0,0.050453197,0.0168070697386019,0.879574696520613,15.189261758584223,-0.2349488894963677,-0.2349488894963677
2009,79782,REG,REGENCY CENTERS CORP,204.0,0.073109314,0.0153200086900022,1.22149307712636,14.769838406690711,-0.1974550318917146,-0.1974550318917146
2010,79782,REG,REGENCY CENTERS CORP,216.0,0.049130034,0.0050834186094164,1.2020955433518707,14.962886901496631,0.266169427352648,0.266169427352648
2011,79782,REG,REGENCY CENTERS CORP,228.0,0.042858526,0.0125372954000574,1.2042542990698433,15.113974995115877,-0.0695727470559729,-0.0695727470559729
2012,79782,REG,REGENCY CENTERS CORP,240.0,0.040180806,0.0135036644318841,1.2064428085544254,15.23579580277059,0.3044112154270857,0.3044112154270857
2013,79782,REG,REGENCY CENTERS CORP,252.0,0.036386963,0.014797414470867,1.226564492672824,15.346149143413768,0.0200359922810264,0.0200359922810264
2014,79782,REG,REGENCY CENTERS CORP,264.0,0.03391918,0.0157600153135357,1.0673130667280075,15.443079068211878,0.4248511826616765,0.4248511826616765
2015,79782,REG,REGENCY CENTERS CORP,276.0,0.029452136,0.0165727585935092,0.925265379669816,15.621021082965887,0.1008652468751101,0.1008652468751101
2016,79782,REG,REGENCY CENTERS CORP,288.0,0.0252921,0.017544709331303,0.6252643260866422,15.842887138395865,0.0401150997929646,0.0401150997929646
2017,79782,REG,REGENCY CENTERS CORP,300.0,0.024897119,0.0115748426293006,0.257797020255903,16.141576813231243,0.0358117701524913,0.0358117701524913
2018,79782,REG,REGENCY CENTERS CORP,312.0,0.03520232,0.0139977034674437,0.2245814092402933,16.15988846812195,-0.1206215866615227,-0.1206215866615227
2019,79782,REG,REGENCY CENTERS CORP,324.0,0.034799803,0.014656383711337,0.3624612956271782,16.21897295330288,0.1141447923528118,0.1141447923528118
2020,79782,REG,REGENCY CENTERS CORP,336.0,0.052849133,0.0147452348257171,0.744654417373225,15.824181423606015,-0.2389853515395716,-0.2389853515395716
2021,79782,REG,REGENCY CENTERS CORP,348.0,0.03532909,0.0111819070511293,1.0277528151080093,16.19428388125576,0.7148218662439481,0.7148218662439481
2022,79782,REG,REGENCY CENTERS CORP,360.0,0.038406976,0.0165394926386285,1.0266934787022748,16.21275372768763,-0.135798957492042,-0.135798957492042
2023,79782,REG,REGENCY CENTERS CORP,372.0,0.040371526,0.016475465669443,1.0370974496797876,16.210246104911178,0.1179291542738654,0.1179291542738654
2024,79782,REG,REGENCY CENTERS CORP,384.0,0.039786853,0.0155467678562043,1.055791704806073,16.313177408729782,0.1490048464737403,0.1490048464737403
2004,79890,REA,AMERICAN REAL ESTATE INVT CORP,139.0,0.047412254,0.014616047921901,0.1329456708942793,13.431536740318492,0.1236994861591809,0.1236994861591809
2004,79893,AEC,ASSOCIATED ESTATES REALTY CORP,144.0,0.076609574,0.0106233928032038,0.351078469588782,12.067466283110448,0.5136313279427145,0.5136313279427145
2005,79893,AEC,ASSOCIATED ESTATES REALTY CORP,156.0,0.072128676,0.0101793670398819,0.326204328050716,12.12993892756475,-0.033326478740959,-0.033326478740959
2006,79893,AEC,ASSOCIATED ESTATES REALTY CORP,168.0,0.05609326,0.0090992157673761,0.4120602165058774,12.314746393548626,0.5780866254222177,0.5780866254222177
2007,79893,AEC,ASSOCIATED ESTATES REALTY CORP,180.0,0.0504131,0.0086871479348181,0.5056211128930016,12.368470151654767,-0.2787736131704821,-0.2787736131704821
2008,79893,AEC,ASSOCIATED ESTATES REALTY CORP,192.0,0.06367523,0.0068058677652624,0.5597839676794383,12.099822659559669,0.0306697281377663,0.0306697281377663
2009,79893,AEC,ASSOCIATED ESTATES REALTY CORP,204.0,0.09565448,0.0086603113890993,0.8211638378857834,11.707271019900269,0.3634058230704169,0.3634058230704169
2010,79893,AEC,ASSOCIATED ESTATES REALTY CORP,216.0,0.0369857,0.0068505010177958,0.901850959346158,12.898695455942324,0.4273827175266393,0.4273827175266393
2011,79893,AEC,ASSOCIATED ESTATES REALTY CORP,228.0,0.03715344,0.0091286187632626,0.8749232393617196,13.435114998228253,0.0864437663948249,0.0864437663948249
2012,79893,AEC,ASSOCIATED ESTATES REALTY CORP,240.0,0.04191089,0.0110481213482857,0.855680681807049,13.4903589742984,0.0567373865088427,0.0567373865088427
2013,79893,AEC,ASSOCIATED ESTATES REALTY CORP,252.0,0.04410081,0.0136554379770049,0.8477797507999996,13.657770428793429,0.0436761597933423,0.0436761597933423
2014,79893,AEC,ASSOCIATED ESTATES REALTY CORP,264.0,0.04119463,0.0127398771728708,0.7675163281784547,13.86796812066252,0.5249461127013177,0.5249461127013177
2015,79893,AEC,ASSOCIATED ESTATES REALTY CORP,271.0,0.02896278,0.0129126475441069,0.6054535924536791,14.253181810044495,0.2479149982283712,0.2479149982283712
2004,80100,SPG,SIMON PROPERTY GROUP INC NEW,156.0,0.044102177,0.0176882917338456,0.1362852037616518,16.25319298865304,0.462374256733062,0.462374256733062
2005,80100,SPG,SIMON PROPERTY GROUP INC NEW,168.0,0.03757376,0.0156032762948591,0.2620494678830382,16.5592767263328,0.2329036089283718,0.2329036089283718
2006,80100,SPG,SIMON PROPERTY GROUP INC NEW,180.0,0.033705134,0.0156742577792736,0.3628030001711343,16.782369438819988,0.3686487788298009,0.3686487788298009
2007,80100,SPG,SIMON PROPERTY GROUP INC NEW,192.0,0.03166138,0.0165477501675721,0.4634980332813166,16.937327333161544,-0.1141948384791168,-0.1141948384791168
2008,80100,SPG,SIMON PROPERTY GROUP INC NEW,204.0,0.043825075,0.0183451563960151,0.8415837494700206,16.73053384466174,-0.3583787903534818,-0.3583787903534818
2009,80100,SPG,SIMON PROPERTY GROUP INC NEW,216.0,0.056951273,0.0202874216937287,1.3279263731674458,16.49654616006414,0.5878155291518345,0.5878155291518345
2010,80100,SPG,SIMON PROPERTY GROUP INC NEW,228.0,0.027599797,0.0156165523832487,1.3726607216249542,17.05502832904148,0.2841377156259002,0.2841377156259002
2011,80100,SPG,SIMON PROPERTY GROUP INC NEW,240.0,0.02602124,0.0204566803096668,1.3087738570865872,17.344333626004374,0.3348841420966786,0.3348841420966786
2012,80100,SPG,SIMON PROPERTY GROUP INC NEW,252.0,0.025286585,0.0233427930554865,1.2488488221145766,17.640005377030803,0.2603845137989038,0.2603845137989038
2013,80100,SPG,SIMON PROPERTY GROUP INC NEW,264.0,0.028100504,0.0214890998069506,1.241942096938524,17.704266668461553,-0.0083698522786267,-0.0083698522786267
2014,80100,SPG,SIMON PROPERTY GROUP INC NEW,276.0,0.0290818,0.0213671409108783,0.7805192150557558,17.779636114070907,0.309864942019425,0.309864942019425
2015,80100,SPG,SIMON PROPERTY GROUP INC NEW,288.0,0.02971863,0.0229419340472765,0.4847990607533127,17.884911447129962,0.1033296269193997,0.1033296269193997
2016,80100,SPG,SIMON PROPERTY GROUP INC NEW,300.0,0.03179986,0.0224004937222841,0.4554575841954795,17.949457798179818,-0.0555578940378133,-0.0555578940378133
2017,80100,SPG,SIMON PROPERTY GROUP INC NEW,312.0,0.041578714,0.0220563920197397,0.3404451889422269,17.763354254780822,0.0094616761665895,0.0094616761665895
2018,80100,SPG,SIMON PROPERTY GROUP INC NEW,324.0,0.04485236,0.0220302626030589,0.3959495259355709,17.783790285797348,0.0246793921266232,0.0246793921266232
2019,80100,SPG,SIMON PROPERTY GROUP INC NEW,336.0,0.04992816,0.0223494699163053,0.4760862076929605,17.7370962650606,-0.0661627123542991,-0.0661627123542991
2020,80100,SPG,SIMON PROPERTY GROUP INC NEW,348.0,0.09404951,0.0217431278095618,1.176303630632897,16.952433507913156,-0.3840285114367683,-0.3840285114367683
2021,80100,SPG,SIMON PROPERTY GROUP INC NEW,360.0,0.04059552,0.0213628178623497,1.4967810688941292,17.553969881500937,0.9563569180673388,0.9563569180673388
2022,80100,SPG,SIMON PROPERTY GROUP INC NEW,372.0,0.058841433,0.0212220539654192,1.4742565660364344,17.44334920813644,-0.2155899296689775,-0.2155899296689775
2023,80100,SPG,SIMON PROPERTY GROUP INC NEW,384.0,0.0610663,0.0212220539654192,1.4627679707973371,17.46737275169341,0.2924571677865226,0.2924571677865226
2024,80100,SPG,SIMON PROPERTY GROUP INC NEW,396.0,0.049078405,0.0212220539654192,1.5882113355584335,17.756881399594167,0.2687435664690072,0.2687435664690072
2004,80102,SUI,SUN COMMUNITIES INC,144.0,0.062131602,0.0138096769650963,0.0353974209253196,13.510571176824024,0.1092850383568917,0.1092850383568917
2005,80102,SUI,SUN COMMUNITIES INC,156.0,0.073903434,0.0115897275356264,0.1208861979563315,13.342769680950552,-0.1611509569350372,-0.1611509569350372
2006,80102,SUI,SUN COMMUNITIES INC,168.0,0.07645347,0.0098524348381653,0.2529684254150148,13.304119062402371,0.1112386321337759,0.1112386321337759
2007,80102,SUI,SUN COMMUNITIES INC,180.0,0.08826148,0.0072678954864148,0.4075711445600734,13.16606755737701,-0.2917603615369412,-0.2917603615369412
2008,80102,SUI,SUN COMMUNITIES INC,192.0,0.14562245,0.008179126989771,0.7127451270810156,12.684372328114865,-0.2346993478806383,-0.2346993478806383
2009,80102,SUI,SUN COMMUNITIES INC,204.0,0.17140554,0.0065592822648538,1.2485050170595977,12.54320218635776,0.6703810891524271,0.6703810891524271
2010,80102,SUI,SUN COMMUNITIES INC,216.0,0.09211252,0.012122678955833,1.4563045539981063,13.17346332267986,0.8571670799339317,0.8571670799339317
2011,80102,SUI,SUN COMMUNITIES INC,228.0,0.06738082,0.0137348602838821,1.4420771740824108,13.569490239835453,0.1938890407548887,0.1938890407548887
2012,80102,SUI,SUN COMMUNITIES INC,240.0,0.051296655,0.0148010903079815,1.3774520027553734,13.970434465361665,0.1575120527710538,0.1575120527710538
2013,80102,SUI,SUN COMMUNITIES INC,252.0,0.053192347,0.0147932188546338,1.3598619369375058,14.283634926188777,0.1288785294093752,0.1288785294093752
2014,80102,SUI,SUN COMMUNITIES INC,264.0,0.046367507,0.0155798311598619,1.0671238214770575,14.582428435677462,0.4918251357121466,0.4918251357121466
2015,80102,SUI,SUN COMMUNITIES INC,276.0,0.035773274,0.012506053432432,0.605125953808188,15.095076428993773,0.178685452504079,0.178685452504079
2016,80102,SUI,SUN COMMUNITIES INC,288.0,0.031923857,0.0122393907716015,0.4009863703018079,15.386918628834875,0.1567025688395,0.1567025688395
2017,80102,SUI,SUN COMMUNITIES INC,300.0,0.028659584,0.0108664860879983,0.0942153372391737,15.714449870997562,0.2493416101696552,0.2493416101696552
2018,80102,SUI,SUN COMMUNITIES INC,312.0,0.027687153,0.0134851797126953,-0.0187502072891546,15.88998299758966,0.1285037402743507,0.1285037402743507
2019,80102,SUI,SUN COMMUNITIES INC,324.0,0.021066898,0.0147322113082637,0.1238521775440703,16.30472576851422,0.5089886220987414,0.5089886220987414
2020,80102,SUI,SUN COMMUNITIES INC,336.0,0.020560488,0.0141043364951243,0.3325239736770483,16.456602696886463,0.035775727594401,0.035775727594401
2021,80102,SUI,SUN COMMUNITIES INC,348.0,0.017491655,0.013983592793859,0.349224119134412,16.80993584031945,0.407931907691609,0.407931907691609
2022,80102,SUI,SUN COMMUNITIES INC,360.0,0.020953277,0.0142432607754348,0.4211364952516669,16.770374442409583,-0.3030375005955239,-0.3030375005955239
2023,80102,SUI,SUN COMMUNITIES INC,372.0,0.027446374,0.0126574768669843,0.5158223194881413,16.608316387081217,-0.0383891870912849,-0.0383891870912849
2024,80102,SUI,SUN COMMUNITIES INC,384.0,0.029557953,0.013038755887414,0.6266269678951282,16.57389133894208,-0.0522590573436183,-0.0522590573436183
2004,80183,MAA,MID AMERICA APT COMMUNITIES INC,144.0,0.060333803,0.0118034304927486,0.2387995110128603,13.532096872052634,0.310865874587217,0.310865874587217
2005,80183,MAA,MID AMERICA APT COMMUNITIES INC,156.0,0.053979084,0.0115554517992591,0.2870249546840193,13.749956681490303,0.2436158613146308,0.2436158613146308
2006,80183,MAA,MID AMERICA APT COMMUNITIES INC,168.0,0.040020183,0.0124646777099228,0.3676312687073872,14.090396744209954,0.2313435283803127,0.2313435283803127
2007,80183,MAA,MID AMERICA APT COMMUNITIES INC,180.0,0.0452683,0.013399213085297,0.5436320184918485,14.08596881883871,-0.2178414140891539,-0.2178414140891539
2008,80183,MAA,MID AMERICA APT COMMUNITIES INC,192.0,0.05087285,0.0142902051557243,0.6857892929834071,14.04089406920598,-0.0834099073348192,-0.0834099073348192
2009,80183,MAA,MID AMERICA APT COMMUNITIES INC,204.0,0.06434459,0.0147903853212633,0.8321164462085444,13.88801089655812,0.3886119608320111,0.3886119608320111
2010,80183,MAA,MID AMERICA APT COMMUNITIES INC,216.0,0.04172738,0.0150839837346754,0.8450305678344553,14.361636462862649,0.3755801025680134,0.3755801025680134
2011,80183,MAA,MID AMERICA APT COMMUNITIES INC,228.0,0.035703283,0.0151167968518985,0.8240346331358901,14.681806419637557,0.0231540383358423,0.0231540383358423
2012,80183,MAA,MID AMERICA APT COMMUNITIES INC,240.0,0.037202906,0.0168283792570997,0.7849933435464392,14.806690920322666,0.0770082401476364,0.0770082401476364
2013,80183,MAA,MID AMERICA APT COMMUNITIES INC,252.0,0.037479043,0.018810798564111,0.767355145514185,14.982317866942545,-0.0224630267462965,-0.0224630267462965
2014,80183,MAA,MID AMERICA APT COMMUNITIES INC,264.0,0.03758769,0.0149405942226589,0.5793607197791142,15.485841407778713,0.2826111014070416,0.2826111014070416
2015,80183,MAA,MID AMERICA APT COMMUNITIES INC,276.0,0.03859855,0.0152072780825728,0.4034705707626881,15.607579930552228,0.2635116690567927,0.2635116690567927
2016,80183,MAA,MID AMERICA APT COMMUNITIES INC,288.0,0.03208624,0.0169623563300727,0.2430009883272472,15.841848957404572,0.1150537857932865,0.1150537857932865
2017,80183,MAA,MID AMERICA APT COMMUNITIES INC,300.0,0.029227303,0.0146781063044465,0.072212258552827,16.268237075686745,0.0631801882102338,0.0631801882102338
2018,80183,MAA,MID AMERICA APT COMMUNITIES INC,312.0,0.037402097,0.0151699481534865,0.1465693250337205,16.21431535407099,-0.0109903718204206,-0.0109903718204206
2019,80183,MAA,MID AMERICA APT COMMUNITIES INC,324.0,0.032266956,0.0160363062425683,0.2328244161498319,16.426948979324354,0.4243575707636602,0.4243575707636602
2020,80183,MAA,MID AMERICA APT COMMUNITIES INC,336.0,0.033362374,0.0166708314194509,0.4588374879496239,16.433532824773774,-0.0068314272849419,-0.0068314272849419
2021,80183,MAA,MID AMERICA APT COMMUNITIES INC,348.0,0.025525989,0.0174945493998685,0.5154815186322226,16.80732723385067,0.8661686043629289,0.8661686043629289
2022,80183,MAA,MID AMERICA APT COMMUNITIES INC,360.0,0.028401593,0.0204630480990687,0.5637015119401196,16.849506172878502,-0.2982182500247839,-0.2982182500247839
2023,80183,MAA,MID AMERICA APT COMMUNITIES INC,372.0,0.03733329,0.0221923741932134,0.6063373680464536,16.632867138098288,-0.1099203665287883,-0.1099203665287883
2024,80183,MAA,MID AMERICA APT COMMUNITIES INC,384.0,0.040555947,0.0248519759318418,0.6553921418244265,16.629552354311148,0.2000048451443206,0.2000048451443206
2004,80210,RYN,RAYONIER INC NEW,372.0,0.03314629,0.0226428361913887,0.467335548812922,14.598080104466971,0.3000867661179527,0.3000867661179527
2005,80210,RYN,RAYONIER INC NEW,384.0,0.043872852,0.0390369763026969,0.5177282431550444,14.80401507282999,0.2802253720110297,0.2802253720110297
2006,80210,RYN,RAYONIER INC NEW,396.0,0.044223722,0.0424287738016243,0.6776423392145126,14.9529110043465,0.0789510672487421,0.0789510672487421
2007,80210,RYN,RAYONIER INC NEW,408.0,0.041854996,0.0435190460361859,0.6681883886291463,15.063804874905076,0.2003535784938139,0.2003535784938139
2008,80210,RYN,RAYONIER INC NEW,420.0,0.04856479,0.0406002311528795,0.7373852919031089,14.985966628465835,-0.3026643124662256,-0.3026643124662256
2009,80210,RYN,RAYONIER INC NEW,432.0,0.05499007,0.0364690730880104,0.8742943423128228,14.880532983719682,0.4193191731829144,0.4193191731829144
2010,80210,RYN,RAYONIER INC NEW,444.0,0.042227324,0.0563312538831469,0.915773223053718,15.147532031021194,0.2997623261410431,0.2997623261410431
2011,80210,RYN,RAYONIER INC NEW,456.0,0.03391383,0.0371902170395446,0.9166060595493848,15.442728667931547,0.322234083372771,0.322234083372771
2012,80210,RYN,RAYONIER INC NEW,468.0,0.033816926,0.0399481721094074,0.8936552617749903,15.565652550929302,0.2029064918097876,0.2029064918097876
2013,80210,RYN,RAYONIER INC NEW,480.0,0.03293572,0.041986902681322,0.8825682206345861,15.715162250071044,-0.1583649544288126,-0.1583649544288126
2014,80210,RYN,RAYONIER INC NEW,492.0,0.058337007,0.0258295977978748,0.8069911388014553,15.361335457466453,-0.0452022885112738,-0.0452022885112738
2015,80210,RYN,RAYONIER INC NEW,504.0,0.056290198,0.02003621581326,0.7044288942147706,14.957587044222604,-0.1718095597673727,-0.1718095597673727
2016,80210,RYN,RAYONIER INC NEW,516.0,0.03994062,0.0167494505376618,0.6928823674725545,14.953461317842908,0.2448322226460235,0.2448322226460235
2017,80210,RYN,RAYONIER INC NEW,528.0,0.03371804,0.0321909858943065,0.6562364041170923,15.131021557805273,0.2302377659990555,0.2302377659990555
2018,80210,RYN,RAYONIER INC NEW,540.0,0.03014491,0.0247816643798878,0.6296064729429295,15.295679235278484,-0.0963043851123144,-0.0963043851123144
2019,80210,RYN,RAYONIER INC NEW,552.0,0.036417555,0.0204127574586765,0.8433162968130231,15.159809829532598,0.2254325303755067,0.2254325303755067
2020,80210,RYN,RAYONIER INC NEW,564.0,0.039996866,0.016493274362367,0.8028478971456656,15.083932663123752,-0.0650986312586661,-0.0650986312586661
2021,80210,RYN,RAYONIER INC NEW,576.0,0.02966732,0.013221459564892,0.7173493723741982,15.428214532120633,0.4153466843175033,0.4153466843175033
2022,80210,RYN,RAYONIER INC NEW,588.0,0.029397765,0.0220264959575073,0.7092864572243599,15.49858560903611,-0.1563653867260394,-0.1563653867260394
2023,80210,RYN,RAYONIER INC NEW,600.0,0.03689121,0.0154086362273684,0.8003197842412392,15.34494058636202,0.0572957924252053,0.0572957924252053
2024,80210,RYN,RAYONIER INC NEW,612.0,0.04874867,0.0218574169647853,0.8710459059670389,15.334814008676569,-0.1332917745408314,-0.1332917745408314
2004,80212,SMT,SUMMIT PROPERTIES INC,144.0,0.052745957,0.0071301328454085,0.0315466536058401,13.633161383378882,0.4445013042761219,0.4445013042761219
2005,80212,SMT,SUMMIT PROPERTIES INC,146.0,0.04709748,0.0064776763462336,0.0614826420308869,13.78971215699144,-0.0287948,-0.0287948
2004,80241,ENNS,EQUITY INNS INC,144.0,0.051853906,0.0099549637788697,0.5125942849587038,12.977032080217487,0.3663407863654078,0.3663407863654078
2005,80241,ENNS,EQUITY INNS INC,156.0,0.042871322,0.0125720940244641,0.671601567418882,13.408108078496172,0.2129344339078287,0.2129344339078287
2006,80241,ENNS,EQUITY INNS INC,168.0,0.044933885,0.0149527469951828,0.6984650884925574,13.677234134429945,0.2404329634858066,0.2404329634858066
2007,80241,ENNS,EQUITY INNS INC,177.0,0.047532655,0.0141135189751128,0.6985623425954698,13.87339300264221,0.4686393079398765,0.4686393079398765
2004,80364,SHUR,SHURGARD STORAGE CENTERS INC,132.0,0.054617602,0.0099635623806582,0.1841205527994564,14.38819628917812,0.2359734584011861,0.2359734584011861
2005,80364,SHUR,SHURGARD STORAGE CENTERS INC,144.0,0.046175197,0.0080580925974097,0.1887775203136674,14.624086155146609,0.3493888095688793,0.3493888095688793
2006,80364,SHUR,SHURGARD STORAGE CENTERS INC,151.0,0.034216784,0.0102334738185864,0.2573474982973374,14.901829945501676,0.1830882019454891,0.1830882019454891
2004,80381,BYA,BAY APARTMENT COMMUNITIES INC,144.0,0.04768626,0.0114972733370022,0.1061462275647271,15.244412024966678,0.6496834962685805,0.6496834962685805
2005,80381,BYA,BAY APARTMENT COMMUNITIES INC,156.0,0.035526324,0.0106111651896598,0.1999645289619589,15.57029653434863,0.228246072007497,0.228246072007497
2006,80381,BYA,BAY APARTMENT COMMUNITIES INC,168.0,0.025640694,0.011437123169312,0.4400018408928249,15.96285950521782,0.4965161390784656,0.4965161390784656
2007,80381,BYA,BAY APARTMENT COMMUNITIES INC,180.0,0.02670378,0.0124285251133743,0.5873509438138066,16.06392937265464,-0.2541880471737568,-0.2541880471737568
2008,80381,BYA,BAY APARTMENT COMMUNITIES INC,192.0,0.04294856,0.0138852954399955,0.9004004436335548,15.721402932570522,-0.3061993386039557,-0.3061993386039557
2009,80381,BYA,BAY APARTMENT COMMUNITIES INC,204.0,0.08827702,0.0112959407237894,1.131079913679286,15.382787784038854,0.4357913851104791,0.4357913851104791
2010,80381,BYA,BAY APARTMENT COMMUNITIES INC,216.0,0.035883423,0.0095367742470152,1.159708417269525,15.917531405537853,0.4211960527376215,0.4211960527376215
2011,80381,BYA,BAY APARTMENT COMMUNITIES INC,228.0,0.027170151,0.0113427504858558,1.1166517785382564,16.246769455899152,0.1943548689984429,0.1943548689984429
2012,80381,BYA,BAY APARTMENT COMMUNITIES INC,240.0,0.025707878,0.0133569624282358,1.0774072926038534,16.427630419160746,0.0676214013384659,0.0676214013384659
2013,80381,BYA,BAY APARTMENT COMMUNITIES INC,252.0,0.028646795,0.0121853782407427,1.0138181185577388,16.585420751653405,-0.0982416175427877,-0.0982416175427877
2014,80381,BYA,BAY APARTMENT COMMUNITIES INC,264.0,0.030708907,0.0124841038292068,0.8098223959362167,16.74467326161644,0.4271333940284516,0.4271333940284516
2015,80381,BYA,BAY APARTMENT COMMUNITIES INC,276.0,0.027702294,0.0154551165310961,0.5176685575419615,16.945726475936322,0.1598446362438372,0.1598446362438372
2016,80381,BYA,BAY APARTMENT COMMUNITIES INC,288.0,0.029038817,0.0166630851817708,0.4170635752783991,17.003512708725456,-0.0087346035858433,-0.0087346035858433
2017,80381,BYA,BAY APARTMENT COMMUNITIES INC,300.0,0.029927338,0.0159740729076641,0.149913857918429,17.05042902918791,0.0386801168629387,0.0386801168629387
2018,80381,BYA,BAY APARTMENT COMMUNITIES INC,312.0,0.033468008,0.0162170110698003,0.2395918053021313,16.986567919319466,0.0090255841857345,0.0090255841857345
2019,80381,BYA,BAY APARTMENT COMMUNITIES INC,324.0,0.028879436,0.0166612877523891,0.3994210266060416,17.17169165647986,0.2407568543117406,0.2407568543117406
2020,80381,BYA,BAY APARTMENT COMMUNITIES INC,336.0,0.038419794,0.0166447453301386,0.6485130095435541,16.943028377046854,-0.2025871256034183,-0.2025871256034183
2021,80381,BYA,BAY APARTMENT COMMUNITIES INC,348.0,0.03005404,0.0147888414929513,0.7481322015888932,17.19297256949169,0.620970694651988,0.620970694651988
2022,80381,BYA,BAY APARTMENT COMMUNITIES INC,360.0,0.032127533,0.0149926085675942,0.7610652498504836,17.167624560158263,-0.3390815669895537,-0.3390815669895537
2023,80381,BYA,BAY APARTMENT COMMUNITIES INC,372.0,0.03625712,0.017313693318375,0.7809650102986571,17.03753336826624,0.2026314374993316,0.2026314374993316
2024,80381,BYA,BAY APARTMENT COMMUNITIES INC,384.0,0.032821815,0.0180473639317548,0.7845594690828009,17.184602896924925,0.2137416104928893,0.2137416104928893
2004,80399,MAC,MACERICH CO,144.0,0.045230564,0.0148225239924159,0.2653648629921328,14.92573991512982,0.479700570256397,0.479700570256397
2005,80399,MAC,MACERICH CO,156.0,0.040634487,0.0138099145276401,0.3663064483942312,15.13759527325651,0.1145007773443385,0.1145007773443385
2006,80399,MAC,MACERICH CO,168.0,0.032956112,0.0112912096271887,0.495946388849266,15.499381254685716,0.3375208056181091,0.3375208056181091
2007,80399,MAC,MACERICH CO,180.0,0.033369392,0.0121575977289145,0.5567998985449546,15.626662989046173,-0.1505054712995688,-0.1505054712995688
2008,80399,MAC,MACERICH CO,192.0,0.07768624,0.0131977905596234,1.0597350855544905,15.089012521120628,-0.6042861370447684,-0.6042861370447684
2009,80399,MAC,MACERICH CO,204.0,0.17202248,0.014542552136948,2.4724025054292205,14.275592310743065,1.0233536316810323,1.0233536316810323
2010,80399,MAC,MACERICH CO,216.0,0.047641277,0.0105662272242431,2.7566077709895374,15.40622025715023,0.3873062286927577,0.3873062286927577
2011,80399,MAC,MACERICH CO,228.0,0.03967991,0.0115512981463373,2.6367239499772825,15.703140242742757,0.1118906071642185,0.1118906071642185
2012,80399,MAC,MACERICH CO,240.0,0.037203565,0.0138974019449837,2.4782712712911588,15.85197089640682,0.1981487694287138,0.1981487694287138
2013,80399,MAC,MACERICH CO,252.0,0.037353337,0.0178351598985221,2.5062958746945463,15.945982794162504,0.05081936490982,0.05081936490982
2014,80399,MAC,MACERICH CO,264.0,0.036451507,0.0141799739484689,1.4617485866862785,16.062796154553258,0.4700836664118049,0.4700836664118049
2015,80399,MAC,MACERICH CO,276.0,0.038807224,0.0127363083416496,0.7812766120243801,16.36144352207948,0.0502849342489601,0.0502849342489601
2016,80399,MAC,MACERICH CO,288.0,0.08082336,0.0136288207291926,0.6186125412938025,16.254458099920843,-0.0897967767940977,-0.0897967767940977
2017,80399,MAC,MACERICH CO,300.0,0.046934158,0.0160143572400675,0.4075466863092074,15.972119116550678,-0.0274301337026681,-0.0274301337026681
2018,80399,MAC,MACERICH CO,312.0,0.05325659,0.0150338079942981,0.5120478621634674,15.870947207190738,-0.3050834364338965,-0.3050834364338965
2019,80399,MAC,MACERICH CO,324.0,0.0890927,0.0155710734354919,0.6193468913207306,15.389317476075474,-0.3188090104799216,-0.3188090104799216
2020,80399,MAC,MACERICH CO,336.0,0.29079917,0.0150122981135079,1.6292077969791166,14.099352211185108,-0.5466482774073916,-0.5466482774073916
2021,80399,MAC,MACERICH CO,348.0,0.04235214,0.0078478690944755,2.190970883461606,14.918181402585684,0.6817152134915105,0.6817152134915105
2022,80399,MAC,MACERICH CO,360.0,0.05232309,0.0136501216469568,2.168614228445289,14.734514806345553,-0.3141201654199219,-0.3141201654199219
2023,80399,MAC,MACERICH CO,372.0,0.05790649,0.0128462103920585,2.241714108220782,14.720312821074742,0.4560748397310787,0.4560748397310787
2024,80399,MAC,MACERICH CO,384.0,0.04006308,0.0125437467949869,2.4948555631576146,15.128628361877778,0.3436477296622655,0.3436477296622655
2004,80412,ADC,AGREE REALTY CORP,144.0,0.06659612,0.0228210093285317,0.2455116599834981,12.104251567771444,0.1973761933740068,0.1973761933740068
2005,80412,ADC,AGREE REALTY CORP,156.0,0.064710416,0.021660046430099,0.3710586586600953,12.266439537118126,-0.0239258038728733,-0.0239258038728733
2006,80412,ADC,AGREE REALTY CORP,168.0,0.0599785,0.0212410747900579,0.4362915977737263,12.435472636904464,0.2606672257811755,0.2606672257811755
2007,80412,ADC,AGREE REALTY CORP,180.0,0.060851682,0.0227846313464013,0.6263596281517542,12.427649213343258,-0.0685032270668049,-0.0685032270668049
2008,80412,ADC,AGREE REALTY CORP,192.0,0.08456013,0.0221102997367154,0.8973321853972909,12.144218095418768,-0.3443062449946575,-0.3443062449946575
2009,80412,ADC,AGREE REALTY CORP,204.0,0.10972923,0.0218098162413126,1.1694012412494734,11.90718634710001,0.422442119775466,0.422442119775466
2010,80412,ADC,AGREE REALTY CORP,216.0,0.07825053,0.0228636407523487,1.108919345420878,12.31876104823662,0.2218060475092109,0.2218060475092109
2011,80412,ADC,AGREE REALTY CORP,228.0,0.07843682,0.0226747025741832,1.0501825220213097,12.338336981588144,-0.0018242120910605,-0.0018242120910605
2012,80412,ADC,AGREE REALTY CORP,240.0,0.06171975,0.0256220731927918,0.9811110603787218,12.52239481453216,0.1735533260742436,0.1735533260742436
2013,80412,ADC,AGREE REALTY CORP,252.0,0.04988355,0.0173937052163991,0.9873452896745264,12.897619738585496,0.1443013867978093,0.1443013867978093
2014,80412,ADC,AGREE REALTY CORP,264.0,0.05361314,0.0167381745104186,0.6899212263845421,13.024562935910884,0.135574311359311,0.135574311359311
2015,80412,ADC,AGREE REALTY CORP,276.0,0.052794244,0.015791134493202,0.5508158621439214,13.260435753354868,0.1590442993271712,0.1590442993271712
2016,80412,ADC,AGREE REALTY CORP,288.0,0.03840342,0.0152277260882058,0.4482144381506696,13.820476308612738,0.4134168686267212,0.4134168686267212
2017,80412,ADC,AGREE REALTY CORP,300.0,0.037919875,0.0148299989855069,0.3956982417305804,14.1082041287196,0.1643990574570017,0.1643990574570017
2018,80412,ADC,AGREE REALTY CORP,312.0,0.037337612,0.0143111511222643,0.1984014759431569,14.328922670546484,0.196658299112814,0.196658299112814
2019,80412,ADC,AGREE REALTY CORP,324.0,0.028394356,0.013298198943629,0.05757978760007,14.832408728458942,0.2266577735126491,0.2266577735126491
2020,80412,ADC,AGREE REALTY CORP,336.0,0.031229377,0.0131838116909643,0.1924830330023953,15.041571728388597,-0.0150916895560853,-0.0150916895560853
2021,80412,ADC,AGREE REALTY CORP,348.0,0.0348788,0.0125782004765608,0.256348185509083,15.349600706617588,0.1126953521206806,0.1126953521206806
2022,80412,ADC,AGREE REALTY CORP,360.0,0.036438163,0.012507327974078,0.3075473437540819,15.496364953452265,0.0347560054636391,0.0347560054636391
2023,80412,ADC,AGREE REALTY CORP,372.0,0.041571666,0.0124256693665391,0.3594822427979415,15.614420147073234,-0.0711454820236203,-0.0711454820236203
2024,80412,ADC,AGREE REALTY CORP,384.0,0.04452027,0.0127393873453672,0.4324280723956444,15.7067520079484,0.1718527071909958,0.1718527071909958
2004,80417,CEI,CRESCENT REAL ESTATE EQUITIES CO,144.0,0.08969244,0.0083431254568723,0.236509301107064,14.3241736726856,0.1676273539748058,0.1676273539748058
2005,80417,CEI,CRESCENT REAL ESTATE EQUITIES CO,156.0,0.080660515,0.0075256485195386,0.3428013477630878,14.432202532868963,0.1783928630260427,0.1783928630260427
2006,80417,CEI,CRESCENT REAL ESTATE EQUITIES CO,168.0,0.07296473,0.0101240853093134,0.6185490704191676,14.5495453931204,0.0710565431552647,0.0710565431552647
2007,80417,CEI,CRESCENT REAL ESTATE EQUITIES CO,175.0,0.06851958,0.0077965924861895,0.7393550699031562,14.590118227266144,0.1858415410320617,0.1858415410320617
2004,80424,MLS,MILLS CORP,144.0,0.042491447,0.0146679104350553,0.3774810220274148,14.79097537189172,0.5234693851837504,0.5234693851837504
2005,80424,MLS,MILLS CORP,156.0,0.04441531,0.0119438540324149,0.4728855427288296,14.923641198388216,-0.3134397762469483,-0.3134397762469483
2006,80424,MLS,MILLS CORP,168.0,0.07308237,0.005839671356382,0.4684035461243199,14.169643631438824,-0.5067852167049345,-0.5067852167049345
2007,80424,MLS,MILLS CORP,171.0,0.020954864,,0.4267875973804853,14.122525653910904,0.2619304803,0.2619304803
2004,80495,JAMS,JAMESON INNS INC,145.0,0.02793845,0.0097545616272296,0.5011267645412592,10.65975412274272,0.2850999999999999,0.2850999999999999
2004,80584,WXH,WINSTON HOTELS INC,144.0,0.054731738,0.0111457634599519,0.6092489332912867,12.532807274244249,0.2234037248232192,0.2234037248232192
2005,80584,WXH,WINSTON HOTELS INC,156.0,0.055544,0.0147742148414388,0.673112834007008,12.563785446868946,-0.1136059379686575,-0.1136059379686575
2006,80584,WXH,WINSTON HOTELS INC,168.0,0.050014388,0.0146775190120257,0.6119237158287099,12.688611663094727,0.4047873301321054,0.4047873301321054
2007,80584,WXH,WINSTON HOTELS INC,174.0,0.031434763,0.0197513680447009,0.5959998068855087,12.969996532993806,0.1320010401487144,0.1320010401487144
2004,80681,ESS,ESSEX PROPERTY TRUST INC,144.0,0.04378744,0.0156258159592534,0.0919282713466557,14.28112814901005,0.3633409835730312,0.3633409835730312
2005,80681,ESS,ESSEX PROPERTY TRUST INC,156.0,0.03884358,0.0211407463287562,0.14748775835149,14.456658220180111,0.143934903369107,0.143934903369107
2006,80681,ESS,ESSEX PROPERTY TRUST INC,168.0,0.028573863,0.0138102065970456,0.3701379404734347,14.79397256099981,0.4424790437503352,0.4424790437503352
2007,80681,ESS,ESSEX PROPERTY TRUST INC,180.0,0.028620206,0.014690242159739,0.475180305006339,14.909366085737124,-0.2208893318459702,-0.2208893318459702
2008,80681,ESS,ESSEX PROPERTY TRUST INC,192.0,0.03657125,0.0130720334600454,0.6322038010367278,14.818252668746348,-0.1805280746274522,-0.1805280746274522
2009,80681,ESS,ESSEX PROPERTY TRUST INC,204.0,0.05812098,0.0154753212276534,0.7755599591564567,14.456082106062846,0.1566904816037611,0.1566904816037611
2010,80681,ESS,ESSEX PROPERTY TRUST INC,216.0,0.039469752,0.0133363348200557,0.8051646300322927,14.927639498989524,0.4216541856168487,0.4216541856168487
2011,80681,ESS,ESSEX PROPERTY TRUST INC,228.0,0.030057156,0.0120984616268479,0.8015895239107856,15.287832063175223,0.270379149936824,0.270379149936824
2012,80681,ESS,ESSEX PROPERTY TRUST INC,240.0,0.027691185,0.0132993372798993,0.8018001652220589,15.483969760856906,0.074566810915488,0.074566810915488
2013,80681,ESS,ESSEX PROPERTY TRUST INC,252.0,0.029453354,0.014392266735577,0.8094546597887703,15.571534543625754,0.0105469432287537,0.0105469432287537
2014,80681,ESS,ESSEX PROPERTY TRUST INC,264.0,0.021735108,0.0134371719773655,0.8025419201770211,16.140691650842484,0.4797939081738231,0.4797939081738231
2015,80681,ESS,ESSEX PROPERTY TRUST INC,276.0,0.023630397,0.0117407555250533,0.661474515436339,16.497138686697248,0.1886415179936258,0.1886415179936258
2016,80681,ESS,ESSEX PROPERTY TRUST INC,288.0,0.027182905,0.0141617867565168,0.6042559565601073,16.497333777705364,-0.0015268095861089,-0.0015268095861089
2017,80681,ESS,ESSEX PROPERTY TRUST INC,300.0,0.026832068,0.0158264413782875,0.3984709864015457,16.608122670715883,0.0680294629124891,0.0680294629124891
2018,80681,ESS,ESSEX PROPERTY TRUST INC,312.0,0.02971428,0.0167397348822497,0.2973059222524877,16.58750509160643,0.047271389549238,0.047271389549238
2019,80681,ESS,ESSEX PROPERTY TRUST INC,324.0,0.025478499,0.0173862767199667,0.3230584995295668,16.795796722245186,0.2590025756948588,0.2590025756948588
2020,80681,ESS,ESSEX PROPERTY TRUST INC,336.0,0.03444349,0.0182363279789864,0.5290896979437288,16.555429539842315,-0.1808319468025455,-0.1808319468025455
2021,80681,ESS,ESSEX PROPERTY TRUST INC,348.0,0.027740702,0.0162191572438345,0.6002777596798107,16.7970310043354,0.524125708635254,0.524125708635254
2022,80681,ESS,ESSEX PROPERTY TRUST INC,360.0,0.03191645,0.0185126920119066,0.6330539388211192,16.69279129175615,-0.3773958271651876,-0.3773958271651876
2023,80681,ESS,ESSEX PROPERTY TRUST INC,372.0,0.040314972,0.0190772407140249,0.6695169532111814,16.48738390029503,0.218844575702598,0.218844575702598
2024,80681,ESS,ESSEX PROPERTY TRUST INC,384.0,0.03469258,0.0212935709834243,0.7329179597695802,16.66485969792048,0.1829358087182424,0.1829358087182424
2004,80683,FR,FIRST INDUSTRIAL REALTY TR INC,144.0,0.07109016,0.0092001347542651,0.0380706666601026,14.253458018680323,0.2956082767481951,0.2956082767481951
2005,80683,FR,FIRST INDUSTRIAL REALTY TR INC,156.0,0.06827586,0.0095976698027205,0.1036480758698508,14.359551393229486,0.0145485393732325,0.0145485393732325
2006,80683,FR,FIRST INDUSTRIAL REALTY TR INC,168.0,0.066699736,0.0078906457305154,0.3078055634279125,14.4664355618157,0.3004259506788165,0.3004259506788165
2007,80683,FR,FIRST INDUSTRIAL REALTY TR INC,180.0,0.06874924,0.0102159318769168,0.3735113885746066,14.435400696387482,-0.2066159925117997,-0.2066159925117997
2008,80683,FR,FIRST INDUSTRIAL REALTY TR INC,192.0,0.15287073,0.0118340925700276,0.761081860845718,13.763453206808258,-0.6042861370447684,-0.6042861370447684
2009,80683,FR,FIRST INDUSTRIAL REALTY TR INC,204.0,0.31860617,0.001110633551656,1.6199828899082884,12.217118652532625,-0.3073813803966895,-0.3073813803966895
2010,80683,FR,FIRST INDUSTRIAL REALTY TR INC,216.0,0.0,0.0079936034469368,1.8605678686195704,12.855779494366146,0.6750500424993375,0.6750500424993375
2011,80683,FR,FIRST INDUSTRIAL REALTY TR INC,228.0,0.0,0.0055644218692278,1.9898536843888124,13.662861357378018,0.1680009235480626,0.1680009235480626
2012,80683,FR,FIRST INDUSTRIAL REALTY TR INC,240.0,0.0,0.0080334571672144,1.97530249124413,13.966655806377071,0.3764390048095762,0.3764390048095762
2013,80683,FR,FIRST INDUSTRIAL REALTY TR INC,252.0,0.009191479,0.0083103015198842,2.097129826238391,14.388562702009027,0.2651628404509554,0.2651628404509554
2014,80683,FR,FIRST INDUSTRIAL REALTY TR INC,264.0,0.019816658,0.0107242261511266,1.953033678408356,14.538775963916214,0.2041755734420043,0.2041755734420043
2015,80683,FR,FIRST INDUSTRIAL REALTY TR INC,276.0,0.021873498,0.012426150141928,1.604370075207877,14.651021711873398,0.1031013041877657,0.1031013041877657
2016,80683,FR,FIRST INDUSTRIAL REALTY TR INC,288.0,0.023804786,0.0152686884376495,1.1062422478710796,14.893770424398925,0.3042838540507433,0.3042838540507433
2017,80683,FR,FIRST INDUSTRIAL REALTY TR INC,300.0,0.026994085,0.0160269391207578,0.7388091274578438,15.059566782138331,0.1549734032006877,0.1549734032006877
2018,80683,FR,FIRST INDUSTRIAL REALTY TR INC,312.0,0.026911095,0.0167224557905947,0.6240174094356359,15.164728971632345,-0.0566061908687069,-0.0566061908687069
2019,80683,FR,FIRST INDUSTRIAL REALTY TR INC,324.0,0.023774281,0.0167385974247242,0.6006057402753932,15.372157153091832,0.4735255048878171,0.4735255048878171
2020,80683,FR,FIRST INDUSTRIAL REALTY TR INC,336.0,0.023967912,0.0167068434290307,0.6551851340709626,15.44030566844129,0.0418151800212029,0.0418151800212029
2021,80683,FR,FIRST INDUSTRIAL REALTY TR INC,348.0,0.01992994,0.0161732483712131,0.5827548043605136,15.72163473902127,0.6032502486106095,0.6032502486106095
2022,80683,FR,FIRST INDUSTRIAL REALTY TR INC,360.0,0.021433085,0.0165848773484704,0.6573298867238436,15.749690794601614,-0.2536236947379588,-0.2536236947379588
2023,80683,FR,FIRST INDUSTRIAL REALTY TR INC,372.0,0.024244234,0.0163275903164008,0.7106649137624039,15.718143169882405,0.1188052775037267,0.1188052775037267
2024,80683,FR,FIRST INDUSTRIAL REALTY TR INC,384.0,0.026614852,0.0161683008079575,0.7658840366748043,15.736695621597711,-0.0204754739549333,-0.0204754739549333
2004,80688,HIW,HIGHWOODS PROPERTIES INC,144.0,0.068747096,0.0111663184358413,0.0838313342333044,14.101101997110172,0.1676613529363302,0.1676613529363302
2005,80688,HIW,HIGHWOODS PROPERTIES INC,156.0,0.06010085,0.009090445491258,0.2235057437224016,14.237624900869172,0.0903114897171344,0.0903114897171344
2006,80688,HIW,HIGHWOODS PROPERTIES INC,168.0,0.047290694,0.0103381298822128,0.3614514025367067,14.50063502894924,0.5036955692636087,0.5036955692636087
2007,80688,HIW,HIGHWOODS PROPERTIES INC,180.0,0.04554753,0.0128836917911152,0.4975038638532449,14.567043061942504,-0.2464861745304106,-0.2464861745304106
2008,80688,HIW,HIGHWOODS PROPERTIES INC,192.0,0.053323288,0.0132625312158891,0.8663800583309392,14.42857771384225,-0.0158211216214084,-0.0158211216214084
2009,80688,HIW,HIGHWOODS PROPERTIES INC,204.0,0.06355349,0.0124511522854721,0.9740734724660586,14.367773673804502,0.3058767866232645,0.3058767866232645
2010,80688,HIW,HIGHWOODS PROPERTIES INC,216.0,0.05474995,0.014957516750883,0.9909203319707984,14.6066169383463,0.0101792127555413,0.0101792127555413
2011,80688,HIW,HIGHWOODS PROPERTIES INC,228.0,0.05205475,0.0161109285497834,0.9788581355454538,14.671634125046069,-0.0192330560951909,-0.0192330560951909
2012,80688,HIW,HIGHWOODS PROPERTIES INC,240.0,0.050281987,0.0164187617324506,0.9734133283582714,14.724033841755933,0.1878553520795582,0.1878553520795582
2013,80688,HIW,HIGHWOODS PROPERTIES INC,252.0,0.04388259,0.0168780551353032,0.960050431349946,14.951285373846009,0.1339422461478612,0.1339422461478612
2014,80688,HIW,HIGHWOODS PROPERTIES INC,264.0,0.041140903,0.0192317525579849,0.920684219985274,15.120098155112167,0.2759781630605111,0.2759781630605111
2015,80688,HIW,HIGHWOODS PROPERTIES INC,276.0,0.039233785,0.0179101325846685,0.7935829824361863,15.203876390834631,0.0248021197139014,0.0248021197139014
2016,80688,HIW,HIGHWOODS PROPERTIES INC,288.0,0.035359487,0.017990973949024,0.7593949804219976,15.386363684779946,0.2307802139950796,0.2307802139950796
2017,80688,HIW,HIGHWOODS PROPERTIES INC,300.0,0.055201262,0.0185536906059716,0.5901143246251409,15.47111175827255,0.0411194793476406,0.0411194793476406
2018,80688,HIW,HIGHWOODS PROPERTIES INC,312.0,0.040516134,0.0199241703737529,0.6101964274888818,15.365107489950336,-0.2089359369440777,-0.2089359369440777
2019,80688,HIW,HIGHWOODS PROPERTIES INC,324.0,0.04137599,0.0189210231949564,0.7878972355368385,15.36361032554828,0.3176978346232113,0.3176978346232113
2020,80688,HIW,HIGHWOODS PROPERTIES INC,336.0,0.050414503,0.0190718693690038,0.8396645372436392,15.193021433929502,-0.1495285509383437,-0.1495285509383437
2021,80688,HIW,HIGHWOODS PROPERTIES INC,348.0,0.044172842,0.018544205782634,0.9361998924870346,15.331926397252836,0.1766277578117647,0.1766277578117647
2022,80688,HIW,HIGHWOODS PROPERTIES INC,360.0,0.057947785,0.0191670322008261,0.9416838941628258,15.113988063530224,-0.3356717872672843,-0.3356717872672843
2023,80688,HIW,HIGHWOODS PROPERTIES INC,372.0,0.08813571,0.0182234494299284,1.0071434496441432,14.696205414891956,-0.1026574857072745,-0.1026574857072745
2024,80688,HIW,HIGHWOODS PROPERTIES INC,384.0,0.07052896,0.0168682552850515,1.091732841012264,14.922014704813316,0.4285214695104669,0.4285214695104669
2004,80692,MAL,MALAN REALTY INVESTORS INC,139.0,0.0,0.0066468329646298,0.1191064517962044,10.136885577587078,0.0185482923599416,0.0185482923599416
2004,80711,AIV,APARTMENT INVESTMENT & MGMT CO,132.0,0.07928132,0.0099835779144022,0.0937131544380044,14.959222319352492,0.2005386288509993,0.2005386288509993
2005,80711,AIV,APARTMENT INVESTMENT & MGMT CO,144.0,0.06306399,0.0077353609115493,0.1443070461694448,15.121923973389451,0.0620445630565782,0.0620445630565782
2006,80711,AIV,APARTMENT INVESTMENT & MGMT CO,156.0,0.050222937,0.0076398845007514,0.3820540973230572,15.369487783206132,0.5498418005147534,0.5498418005147534
2007,80711,AIV,APARTMENT INVESTMENT & MGMT CO,168.0,0.054639477,0.0084997743620651,0.460154308698968,15.365174260556255,-0.3085804013190042,-0.3085804013190042
2008,80711,AIV,APARTMENT INVESTMENT & MGMT CO,180.0,0.27733985,0.0090172592210269,0.8232619761302881,14.727513015577909,-0.5132089194926613,-0.5132089194926613
2009,80711,AIV,APARTMENT INVESTMENT & MGMT CO,192.0,0.5312255,0.0049729830055333,1.7110652246909053,13.896573425227198,0.4236900377758339,0.4236900377758339
2010,80711,AIV,APARTMENT INVESTMENT & MGMT CO,204.0,0.019317592,0.0041201682379451,1.8773156653602736,14.694452184779918,0.6457248012663683,0.6457248012663683
2011,80711,AIV,APARTMENT INVESTMENT & MGMT CO,216.0,0.017269509,0.0069787386547395,1.824808850212589,14.912979874628418,-0.0962313124560552,-0.0962313124560552
2012,80711,AIV,APARTMENT INVESTMENT & MGMT CO,228.0,0.022111736,0.0053852635213196,1.7250547103426044,15.0664709158281,0.2162410646800663,0.2162410646800663
2013,80711,AIV,APARTMENT INVESTMENT & MGMT CO,240.0,0.030501679,0.0078491468002407,1.6879287145273625,15.24062810012113,-0.0092602921717352,-0.0092602921717352
2014,80711,AIV,APARTMENT INVESTMENT & MGMT CO,252.0,0.03550083,0.010973949706702,1.160080197568082,15.37767285353248,0.4922980625434545,0.4922980625434545
2015,80711,AIV,APARTMENT INVESTMENT & MGMT CO,264.0,0.031022742,0.0109020972436356,0.6524978998503818,15.6010816335038,0.1118386790839094,0.1118386790839094
2016,80711,AIV,APARTMENT INVESTMENT & MGMT CO,276.0,0.029609608,0.0107759224787849,0.4749925729566067,15.714592164529664,0.1721538189108278,0.1721538189108278
2017,80711,AIV,APARTMENT INVESTMENT & MGMT CO,288.0,0.031301994,0.0099720935356426,0.226842171055972,15.75314129660895,-0.00696971737747,-0.00696971737747
2018,80711,AIV,APARTMENT INVESTMENT & MGMT CO,300.0,0.035011534,0.0079874871154971,0.2918554502507434,15.711668849527385,0.0403472961902477,0.0403472961902477
2019,80711,AIV,APARTMENT INVESTMENT & MGMT CO,312.0,0.04000959,0.0085575237092635,0.4339032913796765,15.844006951889208,0.2236189343138261,0.2236189343138261
2020,80711,AIV,APARTMENT INVESTMENT & MGMT CO,324.0,0.072620906,0.0048514898807596,0.666642293680787,15.393944664427671,-0.0553637694515942,-0.0553637694515942
2021,80711,AIV,APARTMENT INVESTMENT & MGMT CO,336.0,0.18032877,-0.0029241808729262,0.7959190536652402,13.801656621380689,0.4621608964547044,0.4621608964547044
2022,80711,AIV,APARTMENT INVESTMENT & MGMT CO,348.0,0.00087277894,-0.0013071285769581,0.8842856496949727,13.924022514671911,-0.0752350364296309,-0.0752350364296309
2023,80711,AIV,APARTMENT INVESTMENT & MGMT CO,360.0,0.0017225319,0.016200634282658,0.9590239270400556,13.924950336782477,0.0999642264812337,0.0999642264812337
2024,80711,AIV,APARTMENT INVESTMENT & MGMT CO,372.0,0.0,0.002482454291753,1.072084665762408,13.999038337276886,0.1609570138537588,0.1609570138537588
2004,80723,HME,HOME PROPERTIES INC,132.0,0.05883724,0.0133341028313717,0.057034707609911,14.085138660270331,0.1316876522748911,0.1316876522748911
2005,80723,HME,HOME PROPERTIES INC,144.0,0.062663265,0.0107945446686132,0.0874129177978579,14.091999238821652,0.0086926693859568,0.0086926693859568
2006,80723,HME,HOME PROPERTIES INC,156.0,0.04651625,0.0108510704273005,0.2908406403229137,14.396511982153791,0.5232287035148264,0.5232287035148264
2007,80723,HME,HOME PROPERTIES INC,168.0,0.04968509,0.0117458731176391,0.4523202334195475,14.371491635845125,-0.2047859396764799,-0.2047859396764799
2008,80723,HME,HOME PROPERTIES INC,180.0,0.05639125,0.0118236694850173,0.6010478683364695,14.245472466714828,-0.0422158315820566,-0.0422158315820566
2009,80723,HME,HOME PROPERTIES INC,192.0,0.07268074,0.0124078682945468,0.8638633175331972,14.005888688797322,0.2693936336624896,0.2693936336624896
2010,80723,HME,HOME PROPERTIES INC,204.0,0.048039157,0.0109718876327718,0.907442700196727,14.4058294087342,0.2186919690134832,0.2186919690134832
2011,80723,HME,HOME PROPERTIES INC,216.0,0.03718006,0.0113240326415458,0.8697303995010085,14.731168064423109,0.0806800477890361,0.0806800477890361
2012,80723,HME,HOME PROPERTIES INC,228.0,0.03981887,0.0127898211159831,0.8099576091459775,14.91614207909734,0.1125648264833869,0.1125648264833869
2013,80723,HME,HOME PROPERTIES INC,240.0,0.043452933,0.014322861319062,0.7905911290868576,14.997632767220145,-0.0826648611036982,-0.0826648611036982
2014,80723,HME,HOME PROPERTIES INC,252.0,0.045645196,0.0161398273274699,0.5701766501502828,15.082503168942756,0.281380451086777,0.281380451086777
2015,80723,HME,HOME PROPERTIES INC,261.0,0.03865855,0.0166100958247029,0.3689785046210712,15.245204832493236,0.1642356546797538,0.1642356546797538
2004,80747,FLCO,FELCOR SUITE HOTELS INC,144.0,0.0,-0.0014357194677458,0.5692897146922117,13.438226973249106,0.3219800531323689,0.3219800531323689
2005,80747,FLCO,FELCOR SUITE HOTELS INC,156.0,0.0014624823,0.0081895952325637,0.8044672800944294,13.674381843186971,0.1849541047869627,0.1849541047869627
2006,80747,FLCO,FELCOR SUITE HOTELS INC,168.0,0.019009458,0.0106259744211684,1.2932887514204696,14.070232542177369,0.3168315975614584,0.3168315975614584
2007,80747,FLCO,FELCOR SUITE HOTELS INC,180.0,0.044680968,0.01207579858004,1.2446879269000235,14.132051792231955,-0.2421543060526289,-0.2421543060526289
2008,80747,FLCO,FELCOR SUITE HOTELS INC,192.0,0.22308587,0.0115887983067632,1.613867094165686,13.014528261815604,-0.6042861370447684,-0.6042861370447684
2009,80747,FLCO,FELCOR SUITE HOTELS INC,204.0,0.17514706,-0.0033168596440901,2.680827302655817,12.057994774275574,1.0233536316810323,1.0233536316810323
2010,80747,FLCO,FELCOR SUITE HOTELS INC,216.0,0.0,-0.0024073259250326,3.005246960233616,13.001343046436585,0.9558022208919948,0.9558022208919948
2011,80747,FLCO,FELCOR SUITE HOTELS INC,228.0,0.0,0.0078063944927065,3.128831721372457,13.173011236180251,-0.5667344130469494,-0.5667344130469494
2012,80747,FLCO,FELCOR SUITE HOTELS INC,240.0,0.0,-0.0009462803527922,3.11638261519224,13.18864720045629,0.5312191128389592,0.5312191128389592
2013,80747,FLCO,FELCOR SUITE HOTELS INC,252.0,0.0,-0.0049146541326898,3.183247826653904,13.544148800985305,0.7474867666705451,0.7474867666705451
2014,80747,FLCO,FELCOR SUITE HOTELS INC,264.0,0.0049666553,0.0050960301466261,3.0623024261904592,14.008657837520254,0.3372013206478648,0.3372013206478648
2015,80747,FLCO,FELCOR SUITE HOTELS INC,276.0,0.013938162,0.0085081697337122,2.5890014669358488,14.055823817102562,-0.3138917206409186,-0.3138917206409186
2016,80747,FLCO,FELCOR SUITE HOTELS INC,288.0,0.030769452,0.0099059967877908,1.9598236894466303,13.784958888660949,0.1372067875040781,0.1372067875040781
2017,80747,FLCO,FELCOR SUITE HOTELS INC,296.0,0.033101797,0.0191396750501901,1.507199136600826,13.83918050601292,-0.0616670925102167,-0.0616670925102167
2013,80774,GEO,GEO GROUP INC,252.0,0.17220886,0.0222662891213121,0.6829593708669944,14.687998300560032,0.0501611076706358,0.0501611076706358
2014,80774,WHC,WACKENHUT CORRECTIONS CORP,264.0,0.060781147,0.0150784455338359,0.6093764806413989,14.775480845950051,0.3361460185560139,0.3361460185560139
2015,80774,WHC,WACKENHUT CORRECTIONS CORP,276.0,0.06938531,0.0162673024255499,0.6122585379446955,14.785282893761218,-0.2296480233667718,-0.2296480233667718
2016,80774,WHC,WACKENHUT CORRECTIONS CORP,288.0,0.09277236,0.0145454880847611,0.7066543315842627,14.621779891369776,0.356590082169139,0.356590082169139
2017,80774,WHC,WACKENHUT CORRECTIONS CORP,300.0,0.060450535,0.0142098267414871,1.088000206719576,15.061166387973833,0.0504096293688212,0.0504096293688212
2018,80774,WHC,WACKENHUT CORRECTIONS CORP,312.0,0.08331566,0.0122032958610831,0.9810516805519124,14.865120902078187,-0.094365279045852,-0.094365279045852
2019,80774,WHC,WACKENHUT CORRECTIONS CORP,324.0,0.10407388,0.0133484447864271,1.077379997904168,14.6269682338335,-0.0662191196445801,-0.0662191196445801
2020,80774,WHC,WACKENHUT CORRECTIONS CORP,336.0,0.1664947,0.0131051235697752,0.9055548170695514,14.144313676639667,-0.3794781104472191,-0.3794781104472191
2021,80774,WHC,WACKENHUT CORRECTIONS CORP,348.0,0.12676656,0.0119253062207123,0.6711643642912232,13.695958229339643,-0.1008179915047241,-0.1008179915047241
2022,80774,WHC,WACKENHUT CORRECTIONS CORP,360.0,0.0,0.008750951851115,0.5942148048548465,13.75226216242573,0.4130288424224013,0.4130288424224013
2023,80774,WHC,WACKENHUT CORRECTIONS CORP,372.0,0.0,0.0184525998288196,0.6251247717200287,13.875713973878726,-0.0109983258659268,-0.0109983258659268
2024,80774,WHC,WACKENHUT CORRECTIONS CORP,384.0,0.0,0.015378528960338,0.5606401380111026,14.546570453163447,1.0233536316810323,1.0233536316810323
2004,80779,VRE,VERIS RESIDENTIAL INC,144.0,0.05800019,0.016997265152257,0.054166553981231,14.757930770859016,0.1763201057162062,0.1763201057162062
2005,80779,VRE,VERIS RESIDENTIAL INC,156.0,0.05675323,0.0144992697916948,0.1456834851117635,14.81275459858014,-0.0067340295626306,-0.0067340295626306
2006,80779,VRE,VERIS RESIDENTIAL INC,168.0,0.051902924,0.0125591317913677,0.3474897854797989,14.921111987563648,0.2446845751376507,0.2446845751376507
2007,80779,VRE,VERIS RESIDENTIAL INC,180.0,0.05694275,0.0127301848636473,0.5213781251639918,14.88967155004554,-0.2943609757901025,-0.2943609757901025
2008,80779,VRE,VERIS RESIDENTIAL INC,192.0,0.0831953,0.0160217429444297,0.7637665465930423,14.568871035791297,-0.2205989302005235,-0.2205989302005235
2009,80779,VRE,VERIS RESIDENTIAL INC,204.0,0.08492124,0.0154337454301472,1.29814922817043,14.471947943518886,0.5256547569549272,0.5256547569549272
2010,80779,VRE,VERIS RESIDENTIAL INC,216.0,0.054317374,0.014634788459309,1.33568681453554,14.768139679338182,0.0093870661621753,0.0093870661621753
2011,80779,VRE,VERIS RESIDENTIAL INC,228.0,0.055414274,0.0142873827691776,1.3042661914020033,14.80738332792508,-0.1471247315199499,-0.1471247315199499
2012,80779,VRE,VERIS RESIDENTIAL INC,240.0,0.065632015,0.016518008550194,1.264854313619882,14.690357489530095,0.0437756685441887,0.0437756685441887
2013,80779,VRE,VERIS RESIDENTIAL INC,252.0,0.069435045,0.0144900860918633,1.26873038595744,14.571480874978937,-0.1268976512244717,-0.1268976512244717
2014,80779,VRE,VERIS RESIDENTIAL INC,264.0,0.05462386,0.0112264650315913,0.99589059277689,14.40901272151974,-0.0722152599483433,-0.0722152599483433
2015,80779,VRE,VERIS RESIDENTIAL INC,276.0,0.032465365,0.0102453904531959,0.800977178628668,14.38023120147451,0.2624783164351709,0.2624783164351709
2016,80779,VRE,VERIS RESIDENTIAL INC,288.0,0.023628794,0.0117576441665331,0.9141620934648486,14.642029202357511,0.2730491362980296,0.2730491362980296
2017,80779,VRE,VERIS RESIDENTIAL INC,300.0,0.025515502,0.011931353650917,0.9472617181382704,14.633991206370176,-0.2366636329792231,-0.2366636329792231
2018,80779,VRE,VERIS RESIDENTIAL INC,312.0,0.04038988,0.010227769655626,1.0876885095114892,14.38050297564748,-0.0528918861273715,-0.0528918861273715
2019,80779,VRE,VERIS RESIDENTIAL INC,324.0,0.03629008,0.0086408150049512,0.9595554020110546,14.505258772809936,0.2237782297080537,0.2237782297080537
2020,80779,VRE,VERIS RESIDENTIAL INC,336.0,0.051130325,0.0048996325288851,0.967818251132476,14.103276412358817,-0.4419770055959183,-0.4419770055959183
2021,80779,VRE,VERIS RESIDENTIAL INC,348.0,0.010110519,0.0026470604648833,0.8742414403319567,14.219900390257289,0.4750235877559059,0.4750235877559059
2022,80779,VRE,VERIS RESIDENTIAL INC,360.0,0.0,-0.0011273584691337,0.90652629019799,14.13491096705874,-0.1333953843302749,-0.1333953843302749
2023,80779,VRE,VERIS RESIDENTIAL INC,372.0,0.0013928063,0.0047475194577416,0.9634468315669504,14.205887299797991,-0.0061457129538065,-0.0061457129538065
2024,80779,VRE,VERIS RESIDENTIAL INC,384.0,0.01111459,0.0018599616759554,1.032290723616497,14.207493963414557,0.0745258904387484,0.0745258904387484
2004,81045,O,REALTY INCOME CORP,132.0,0.052998435,0.0205637948275603,0.0103814288629308,14.359199703841526,0.3360175116868902,0.3360175116868902
2005,81045,O,REALTY INCOME CORP,144.0,0.052824214,0.0206972685631039,0.1346489252102613,14.459475523457815,-0.0946590833715624,-0.0946590833715624
2006,81045,O,REALTY INCOME CORP,156.0,0.054559022,0.0189040452640989,0.2956298361557974,14.60377708326826,0.3599827964332769,0.3599827964332769
2007,81045,O,REALTY INCOME CORP,168.0,0.05391467,0.0183142797374912,0.410120836121117,14.830135320913362,0.0332849907120229,0.0332849907120229
2008,81045,O,REALTY INCOME CORP,180.0,0.06736811,0.0162366904851853,0.5716474259655612,14.715711957690653,-0.0818425584287114,-0.0818425584287114
2009,81045,O,REALTY INCOME CORP,192.0,0.075813726,0.0154589526581862,0.673275645613939,14.66260676891658,0.2085718788052235,0.2085718788052235
2010,81045,O,REALTY INCOME CORP,204.0,0.053212035,0.016334343894523,0.6956879407454272,15.037364482383298,0.3937641498004172,0.3937641498004172
2011,81045,O,REALTY INCOME CORP,216.0,0.046387184,0.0148508329185594,0.6525407735857235,15.283350961529836,0.0756272812004621,0.0756272812004621
2012,81045,O,REALTY INCOME CORP,228.0,0.044137765,0.0148362940463119,0.6120244141782535,15.480358410173793,0.2031015126342839,0.2031015126342839
2013,81045,O,REALTY INCOME CORP,240.0,0.041156773,0.0129533676677699,0.6217477786223216,15.922039441174151,-0.0228304440994622,-0.0228304440994622
2014,81045,O,REALTY INCOME CORP,252.0,0.047257826,0.0124084389535385,0.5205242970292071,16.073015242609348,0.343740006479958,0.343740006479958
2015,81045,O,REALTY INCOME CORP,264.0,0.04451877,0.0132521171096947,0.3453612162375496,16.251892721070956,0.1340543905737139,0.1340543905737139
2016,81045,O,REALTY INCOME CORP,276.0,0.037017766,0.0141449310474216,0.209018589108089,16.572446083370078,0.1574721655622253,0.1574721655622253
2017,81045,O,REALTY INCOME CORP,288.0,0.04198989,0.014645263108519,0.1631529152853092,16.566801302213968,0.0370199528161876,0.0370199528161876
2018,81045,O,REALTY INCOME CORP,300.0,0.045707565,0.0145221515664869,0.1051504036941346,16.589292726287187,0.159423170299922,0.159423170299922
2019,81045,O,REALTY INCOME CORP,312.0,0.035452418,0.0151997211135343,0.0837781509059124,16.939943735306596,0.2125060778302077,0.2125060778302077
2020,81045,O,REALTY INCOME CORP,324.0,0.044146355,0.0150304555701294,0.5019131950605437,16.852582728682094,-0.1154751946867612,-0.1154751946867612
2021,81045,O,REALTY INCOME CORP,336.0,0.038712222,0.0140794411289504,0.6009503711745278,17.094623436162934,0.2377270753260543,0.2377270753260543
2022,81045,O,REALTY INCOME CORP,348.0,0.037936237,0.014213763480253,0.5961402556971059,17.51090066033082,-0.0736399075530501,-0.0736399075530501
2023,81045,O,REALTY INCOME CORP,360.0,0.048949663,0.0196510892327988,0.6466765120087257,17.496891440620782,-0.0457381057918694,-0.0457381057918694
2024,81045,O,REALTY INCOME CORP,372.0,0.047241107,0.0212084709451784,0.7598353958654404,17.697136049203568,-0.0212369770619857,-0.0212369770619857
2004,81087,SPPR,SUPERTEL HOSPITALITY INC MD,144.0,0.049800396,0.0140028176151011,0.6372356061469273,10.820486214303202,-0.1146570765005343,-0.1146570765005343
2005,81087,SPPR,SUPERTEL HOSPITALITY INC MD,156.0,0.050582424,0.017324305850324,0.7514614932294749,10.851125599276225,0.2762898880577833,0.2762898880577833
2006,81087,SPPR,SUPERTEL HOSPITALITY INC MD,168.0,0.05225865,0.0184892925498902,0.7646484884162885,11.243384061204194,0.5768466769784575,0.5768466769784575
2007,81087,SPPR,SUPERTEL HOSPITALITY INC MD,180.0,0.05243128,0.0171129455640535,0.5030330891007133,11.91327104348504,-0.0544001029444913,-0.0544001029444913
2008,81087,SPPR,SUPERTEL HOSPITALITY INC MD,192.0,0.13537359,0.0126602285673136,0.7613709554200199,11.345492548819603,-0.6042861370447684,-0.6042861370447684
2009,81087,SPPR,SUPERTEL HOSPITALITY INC MD,204.0,0.13805914,0.009608364901796,1.2917890276061887,10.488787687891715,0.3079358779384102,0.3079358779384102
2010,81087,SPPR,SUPERTEL HOSPITALITY INC MD,216.0,0.0,-0.017232482898989,1.4630803078274026,10.429207227097796,0.0533709523683441,0.0533709523683441
2011,81087,SPPR,SUPERTEL HOSPITALITY INC MD,223.0,0.0,0.0076364545310058,1.5842706966791542,10.415834090995371,-0.1070556152600383,-0.1070556152600383
2012,81087,SPPR,SUPERTEL HOSPITALITY INC MD,240.0,0.0,0.0017311225276134,1.7029567964705232,10.081162010036206,0.1124748950017473,0.1124748950017473
2013,81087,SPPR,SUPERTEL HOSPITALITY INC MD,251.0,0.0,-0.0034040117667966,1.7737580272863258,9.936761122991886,-0.3278872547962701,-0.3278872547962701
2014,81087,SPPR,SUPERTEL HOSPITALITY INC MD,264.0,0.0,0.0142882572093956,1.5830768206204395,9.297454375994995,0.4712714627290866,0.4712714627290866
2015,81087,SPPR,SUPERTEL HOSPITALITY INC MD,270.0,0.0,-0.0182798844945363,1.4459744948615771,9.42056171478262,0.3170916779999997,0.3170916779999997
2016,81087,SPPR,SUPERTEL HOSPITALITY INC MD,288.0,0.013059016,0.0416710273801814,2.715156145648534,9.24371226208825,0.8229300209120001,0.8229300209120001
2017,81087,SPPR,SUPERTEL HOSPITALITY INC MD,300.0,0.040251695,0.000183530364116,2.9402106627467903,11.669159012053893,-0.1412875190561607,-0.1412875190561607
2018,81087,SPPR,SUPERTEL HOSPITALITY INC MD,312.0,0.07838308,0.0104248972343035,2.9909855255199767,11.677325836955026,-0.2469874340940507,-0.2469874340940507
2019,81087,SPPR,SUPERTEL HOSPITALITY INC MD,324.0,0.072908826,0.0093779141299364,2.684548502954115,11.683557811924052,0.7017300970578952,0.7017300970578952
2020,81087,SPPR,SUPERTEL HOSPITALITY INC MD,336.0,0.060840845,0.0030421128569907,2.260251987995273,10.882268198173412,-0.6042861370447684,-0.6042861370447684
2021,81087,SPPR,SUPERTEL HOSPITALITY INC MD,347.0,0.0,-0.0072698082287389,1.5178911486304154,11.142437855324252,0.8428932861366156,0.8428932861366156
2004,81175,XLG,PRICE LEGACY CORP,131.0,0.017534276,0.0001333463905674,0.4786525716382228,13.139970232340644,0.2917006207514605,0.2917006207514605
2004,81660,RA,RECKSON ASSOCIATES REALTY CORP,132.0,0.0497438,0.0133740982519725,0.0419824371502743,14.4544485988783,0.4332102163137019,0.4332102163137019
2005,81660,RA,RECKSON ASSOCIATES REALTY CORP,144.0,0.04750995,0.0132824034570018,0.1008921350519403,14.806572253144743,0.1513751900659325,0.1513751900659325
2006,81660,RA,RECKSON ASSOCIATES REALTY CORP,156.0,0.039444562,0.011384397164699,0.292839957565068,15.087018686495377,0.3174519704792553,0.3174519704792553
2004,81675,SSS,SOVRAN SELF STORAGE INC,132.0,0.058189347,0.0169867464518524,0.1071778562607921,13.267403906936991,0.2098959077684872,0.2098959077684872
2005,81675,SSS,SOVRAN SELF STORAGE INC,144.0,0.05184238,0.0179711842771898,0.1861623473362786,13.503368023548594,0.1772933716858034,0.1772933716858034
2006,81675,SSS,SOVRAN SELF STORAGE INC,156.0,0.043577764,0.0186297051656043,0.24946954713056,13.77818641357984,0.2780461294620859,0.2780461294620859
2007,81675,SSS,SOVRAN SELF STORAGE INC,168.0,0.04737088,0.0171303329420154,0.3807883189527352,13.846240356060228,-0.2648757443065832,-0.2648757443065832
2008,81675,SSS,SOVRAN SELF STORAGE INC,180.0,0.06426155,0.0157050224204141,0.6469879418425534,13.655099706457728,-0.0427177343723437,-0.0427177343723437
2009,81675,SSS,SOVRAN SELF STORAGE INC,192.0,0.088812985,0.0144004895659599,0.8367361212927883,13.348278361990872,0.0792867881182022,0.0792867881182022
2010,81675,SSS,SOVRAN SELF STORAGE INC,204.0,0.04917867,0.0114113359786985,0.8460254280364482,13.80744392681153,0.0817580752341018,0.0817580752341018
2011,81675,SSS,SOVRAN SELF STORAGE INC,216.0,0.044123624,0.0143543134961926,0.8152553749257353,13.936684150990272,0.2102333525488182,0.2102333525488182
2012,81675,SSS,SOVRAN SELF STORAGE INC,228.0,0.032447662,0.0138403597610523,0.8392074250907818,14.269940003183049,0.5050737511168435,0.5050737511168435
2013,81675,SSS,SOVRAN SELF STORAGE INC,240.0,0.027598463,0.0167031116998464,0.8581108205543369,14.55777029394413,0.0801798000058107,0.0801798000058107
2014,81675,SSS,SOVRAN SELF STORAGE INC,252.0,0.031183435,0.0194088420194936,0.755571180660432,14.755689356620367,0.3869648900271083,0.3869648900271083
2015,81675,SSS,SOVRAN SELF STORAGE INC,264.0,0.030440858,0.019562994014598,0.6796922638122221,15.026018476607776,0.2726427517282488,0.2726427517282488
2016,81675,SSS,SOVRAN SELF STORAGE INC,276.0,0.032760013,0.0207946369868846,0.5301242483536238,15.272479068822674,-0.1751364840148978,-0.1751364840148978
2017,81675,SSS,SOVRAN SELF STORAGE INC,288.0,0.047790065,0.0134141630359681,0.2722563526122014,15.134874169801424,0.0984902222793053,0.0984902222793053
2018,81675,SSS,SOVRAN SELF STORAGE INC,300.0,0.04395124,0.0148237070462579,0.2666551057552768,15.261615047993198,0.0912119952202501,0.0912119952202501
2019,81675,SSS,SOVRAN SELF STORAGE INC,312.0,0.039585162,0.0165561460178349,0.2247837050310741,15.366613871919585,0.2118198818562124,0.2118198818562124
2020,81675,SSS,SOVRAN SELF STORAGE INC,324.0,0.04007257,0.01608404391507,0.2589497428383793,15.4025045507357,0.1494672600722715,0.1494672600722715
2021,81675,SSS,SOVRAN SELF STORAGE INC,336.0,0.026082652,0.0156695761867815,0.2675871142809943,15.956602757060082,0.9816736054304782,0.9816736054304782
2022,81675,SSS,SOVRAN SELF STORAGE INC,348.0,0.031059684,0.01819883554556,0.3745001589748453,16.124948081029185,-0.3352477225281802,-0.3352477225281802
2023,81675,SSS,SOVRAN SELF STORAGE INC,354.0,0.035452276,0.0204353701566916,0.4258134204923658,16.182364753167956,0.3770217335665891,0.3770217335665891
2004,82793,GLB,GLENBOROUGH REALTY TR INC,120.0,0.06824624,0.0094064093944594,0.3637070059955634,13.348643643506106,0.141245882358602,0.141245882358602
2005,82793,GLB,GLENBOROUGH REALTY TR INC,132.0,0.06795146,0.0058483013979803,0.3563921063848153,13.455302428317268,-0.0856650965180791,-0.0856650965180791
2006,82793,GLB,GLENBOROUGH REALTY TR INC,142.0,0.06487133,0.0076657025601021,0.3905893937921145,13.49100045390934,0.492831960599231,0.492831960599231
2015,83143,IMTN,IRON MOUNTAIN INC DEL,264.0,0.12785621,0.0102573897821199,0.5768191105227849,15.731289197979372,-0.2797321206623797,-0.2797321206623797
2016,83143,IRM,IRON MOUNTAIN INC NEW,276.0,0.050588503,0.0125836967196294,0.5351898786203134,15.956989586264534,0.2715966310325872,0.2715966310325872
2017,83143,IRM,IRON MOUNTAIN INC NEW,288.0,0.05643643,0.0089135686793327,0.7814039162196981,16.103015960240942,0.2342211751755136,0.2342211751755136
2018,83143,IRM,IRON MOUNTAIN INC NEW,300.0,0.066774,0.0103478360597219,0.6532276601200436,16.079071848751003,-0.0787652526053098,-0.0787652526053098
2019,83143,IRM,IRON MOUNTAIN INC NEW,312.0,0.073959686,0.0128683715794554,0.6144007969830158,16.053412238162363,0.0594250886501213,0.0594250886501213
2020,83143,IRM,IRON MOUNTAIN INC NEW,324.0,0.09015282,0.0101778542952142,0.6603048539906927,15.880458299909408,0.0148923920906944,0.0148923920906944
2021,83143,IRM,IRON MOUNTAIN INC NEW,336.0,0.059018116,0.0052605484381754,0.6944961397918918,16.315589761353383,0.8789746635833675,0.8789746635833675
2022,83143,IRM,IRON MOUNTAIN INC NEW,348.0,0.049096454,0.011277099022257,0.7163206614708688,16.498866811865692,0.0015185388611678,0.0015185388611678
2023,83143,IRM,IRON MOUNTAIN INC NEW,360.0,0.042652432,0.012578391872966,0.7668098130504074,16.649849709468064,0.4650593316967062,0.4650593316967062
2024,83143,IRM,IRON MOUNTAIN INC NEW,372.0,0.027898995,0.0079783561541868,0.78223081892042,17.14018615505116,0.5445967745530333,0.5445967745530333
2004,83718,MHX,MERISTAR HOSPITALITY CORP,120.0,0.0,0.0018389144508452,1.0255250470957884,13.155356377508973,0.2827710028619885,0.2827710028619885
2005,83718,MHX,MERISTAR HOSPITALITY CORP,132.0,0.0,0.0067002214658263,1.2855369150898428,13.507443162998817,0.125897272684043,0.125897272684043
2006,83718,MHX,MERISTAR HOSPITALITY CORP,136.0,0.0,0.0091950785447539,1.7495889919440255,13.719484089685984,0.1107118989089239,0.1107118989089239
2014,83879,LAMR,LAMAR ADVERTISING CO,264.0,0.03880024,,1.9866294312179185,15.279700212114689,0.0222999999999999,0.0222999999999999
2015,83879,LAMR,LAMAR ADVERTISING CO NEW,276.0,0.049533855,0.0306854548657136,1.8173865756591985,15.36176152124996,0.1730843069191818,0.1730843069191818
2016,83879,LAMR,LAMAR ADVERTISING CO NEW,288.0,0.045258638,0.0311537969699583,1.4758359930826206,15.468622739278452,0.1739816265494955,0.1739816265494955
2017,83879,LAMR,LAMAR ADVERTISING CO NEW,300.0,0.043655824,0.0305286517431178,1.124818140636594,15.612039650873244,0.1555121398852987,0.1555121398852987
2018,83879,LAMR,LAMAR ADVERTISING CO NEW,312.0,0.048889156,0.0309050161542841,1.0335682381597466,15.60154428666703,-0.0182420691162585,-0.0182420691162585
2019,83879,LAMR,LAMAR ADVERTISING CO NEW,324.0,0.046316724,0.0308705396863614,0.861709282600902,15.74497646226436,0.3512845541262102,0.3512845541262102
2020,83879,LAMR,LAMAR ADVERTISING CO NEW,336.0,0.049960762,0.0241839255658983,1.138173461032551,15.606575829501054,-0.0293428484765196,-0.0293428484765196
2021,83879,LAMR,LAMAR ADVERTISING CO NEW,348.0,0.025855543,0.0205214475705295,1.2167759954237525,16.00777145652246,0.5111457756682849,0.5111457756682849
2022,83879,LAMR,LAMAR ADVERTISING CO NEW,360.0,0.04699327,0.0297683512121504,1.2030656686725223,15.972371244025126,-0.1790865725801718,-0.1790865725801718
2023,83879,LAMR,LAMAR ADVERTISING CO NEW,372.0,0.05325246,0.0292455954260218,1.2110904299534595,15.954737473024483,0.1853952144347379,0.1853952144347379
2024,83879,LAMR,LAMAR ADVERTISING CO NEW,384.0,0.04261033,0.0295116973284641,1.274705354575956,16.17872813327961,0.1988094799709596,0.1988094799709596
2004,84015,ARI,ARDEN REALTY INC,120.0,0.06289006,0.0122711986875937,0.1367189160844638,14.553971379143151,0.321823038295713,0.321823038295713
2005,84015,ARI,ARDEN REALTY INC,132.0,0.052584294,0.0116184477066617,0.2047774008922962,14.753017900981382,0.2521436224696423,0.2521436224696423
2006,84015,ARI,ARDEN REALTY INC,136.0,0.044418164,0.0100805924306122,0.3462455679100882,14.92946479824228,0.0227887139571465,0.0227887139571465
2004,84016,BOY,BOYKIN LODGING CO,108.0,0.0032053844,0.0060645334241193,0.3991065854065438,11.906972220092086,0.0013125758533405,0.0013125758533405
2005,84016,BOY,BOYKIN LODGING CO,120.0,0.0,0.0100509356524495,0.5628417685738439,12.20403705961557,0.3340188009789104,0.3340188009789104
2006,84016,BOY,BOYKIN LODGING CO,128.0,0.0,-0.0027414193501824,0.6493979952181792,12.206889665453073,-0.1023222847637065,-0.1023222847637065
2004,84190,AMVP,AMERIVEST PROPERTIES INC,120.0,0.07052799,0.0073992548402881,0.1749088887641073,11.89258931749606,-0.0342446242056002,-0.0342446242056002
2005,84190,AMVP,AMERIVEST PROPERTIES INC,132.0,0.056928333,0.001452479558004,0.2061214334671093,11.617615811507408,-0.3484510849188608,-0.3484510849188608
2006,84190,AMVP,AMERIVEST PROPERTIES INC,143.0,0.0,-0.0017218085265012,0.3159301132306126,11.550952358328727,0.3334524474396878,0.3334524474396878
2004,84392,KRC,KILROY REALTY CORP,120.0,0.054384384,0.0155442104016072,0.2063830361362759,13.840879748721632,0.3759031185054962,0.3759031185054962
2005,84392,KRC,KILROY REALTY CORP,132.0,0.040809732,0.0127233737025419,0.2101301887194444,14.168013916477902,0.5076198437547035,0.5076198437547035
2006,84392,KRC,KILROY REALTY CORP,144.0,0.026788963,0.0074609149636917,0.4859649727143014,14.649118622263446,0.2956606313242067,0.2956606313242067
2007,84392,KRC,KILROY REALTY CORP,156.0,0.031730127,0.0135914091822225,0.5787642338958067,14.616116815419096,-0.2707102469942357,-0.2707102469942357
2008,84392,KRC,KILROY REALTY CORP,168.0,0.052260295,0.0141186938183607,0.9494427149143242,14.186105142065276,-0.3579609839897266,-0.3579609839897266
2009,84392,KRC,KILROY REALTY CORP,180.0,0.08361453,0.0135715662036666,1.123509087930635,13.725688640972132,-0.0128779274214424,-0.0128779274214424
2010,84392,KRC,KILROY REALTY CORP,192.0,0.040208403,0.0124375129890932,1.1507994417659466,14.290891947212035,0.2413671794395284,0.2413671794395284
2011,84392,KRC,KILROY REALTY CORP,204.0,0.0349264,0.0103124723965114,1.1641637611916256,14.581673903395428,0.0844049545660241,0.0844049545660241
2012,84392,KRC,KILROY REALTY CORP,216.0,0.027695486,0.0099603589806921,1.1567300025906622,14.979259504273688,0.2818665262067621,0.2818665262067621
2013,84392,KRC,KILROY REALTY CORP,228.0,0.026005285,0.0104039440208906,1.1009916336692902,15.205245790254216,0.0885672395134842,0.0885672395134842
2014,84392,KRC,KILROY REALTY CORP,240.0,0.022277921,0.0112908037067692,1.0195213115644677,15.44865688063461,0.4077062669249238,0.4077062669249238
2015,84392,KRC,KILROY REALTY CORP,252.0,0.019595187,0.0128475615161352,0.8992182501961522,15.640440894272908,-0.0646874342448657,-0.0646874342448657
2016,84392,KRC,KILROY REALTY CORP,264.0,0.023682818,0.0125628198166032,0.8752064409655645,15.625669931283802,0.2132523947832569,0.2132523947832569
2017,84392,KRC,KILROY REALTY CORP,276.0,0.043122917,0.012849875636194,0.702371037519722,15.782252434932891,0.0426227252413689,0.0426227252413689
2018,84392,KRC,KILROY REALTY CORP,288.0,0.02396827,0.0130819017828653,0.7645481084232141,15.778342406514064,-0.1359124135171021,-0.1359124135171021
2019,84392,KRC,KILROY REALTY CORP,300.0,0.023526398,0.0118993694480764,0.8114705095892285,15.884278343241784,0.3672370897368178,0.3672370897368178
2020,84392,KRC,KILROY REALTY CORP,312.0,0.031083448,0.0121579720242379,0.6857772175706373,15.740658206380894,-0.2921850709766341,-0.2921850709766341
2021,84392,KRC,KILROY REALTY CORP,324.0,0.030171819,0.0109646806718044,0.6921441687848996,15.854538561217751,0.1936540012250853,0.1936540012250853
2022,84392,KRC,KILROY REALTY CORP,336.0,0.03943409,0.0114993182383512,0.7166607883373142,15.65744365154375,-0.3923984909064054,-0.3923984909064054
2023,84392,KRC,KILROY REALTY CORP,348.0,0.0651514,0.013165509974216,0.812983060353977,15.173508072144829,0.099216018156083,0.099216018156083
2024,84392,KRC,KILROY REALTY CORP,360.0,0.05882116,0.0118881039870108,0.9523730308076804,15.279109748293587,0.0771406872682738,0.0771406872682738
2004,84659,TCR,CORNERSTONE REALTY INCOME TR INC,120.0,0.085477225,0.0081092134548386,0.1852715516383793,13.153697800283153,0.2144282446794596,0.2144282446794596
2005,84659,TCR,CORNERSTONE REALTY INCOME TR INC,123.0,0.069398694,0.0088155125880412,0.2136308952424374,13.204933829825867,0.0150714241239999,0.0150714241239999
2004,84767,ARE,ALEXANDRIA REAL EST EQUITIES INC,120.0,0.03783832,0.015315469620625,0.0592504473101936,14.01274914174329,0.3363998427878647,0.3363998427878647
2005,84767,ARE,ALEXANDRIA REAL EST EQUITIES INC,132.0,0.033752855,0.0137790988427954,0.1163233650182554,14.258409975485767,0.1216215632640844,0.1216215632640844
2006,84767,ARE,ALEXANDRIA REAL EST EQUITIES INC,144.0,0.027271694,0.0126218824747713,0.3806454152293436,14.665018075449604,0.2854721584391464,0.2854721584391464
2007,84767,ARE,ALEXANDRIA REAL EST EQUITIES INC,156.0,0.028091818,0.0113796250067792,0.511537095903786,14.913292825721689,0.0442784146537487,0.0442784146537487
2008,84767,ARE,ALEXANDRIA REAL EST EQUITIES INC,168.0,0.036278594,0.0097204456114907,0.9035317162166632,14.849400235193292,-0.384256931128033,-0.384256931128033
2009,84767,ARE,ALEXANDRIA REAL EST EQUITIES INC,180.0,0.055128947,0.0099569597961557,1.1864713512937952,14.38139484506616,0.1125547634100718,0.1125547634100718
2010,84767,ARE,ALEXANDRIA REAL EST EQUITIES INC,192.0,0.019778423,0.0097878473288778,1.141839490825458,14.986465147416284,0.1644987212128095,0.1644987212128095
2011,84767,ARE,ALEXANDRIA REAL EST EQUITIES INC,204.0,0.021160796,0.0078026014749075,1.12364354679192,15.301776746832427,-0.033542153229878,-0.033542153229878
2012,84767,ARE,ALEXANDRIA REAL EST EQUITIES INC,216.0,0.026942104,0.009924453092408,1.0985711430315253,15.316734833535314,0.0347814383969837,0.0347814383969837
2013,84767,ARE,ALEXANDRIA REAL EST EQUITIES INC,228.0,0.03297436,0.0099128824143584,1.0795739535769295,15.34416286877112,-0.0453346400052676,-0.0453346400052676
2014,84767,ARE,ALEXANDRIA REAL EST EQUITIES INC,240.0,0.035325695,0.0102471256682088,0.9118368529620668,15.529449762285232,0.4473006247470923,0.4473006247470923
2015,84767,ARE,ALEXANDRIA REAL EST EQUITIES INC,252.0,0.032294717,0.009974668395864,0.7980858696599737,15.704018281497682,0.0533209601662643,0.0533209601662643
2016,84767,ARE,ALEXANDRIA REAL EST EQUITIES INC,264.0,0.030665612,0.0103390664940859,0.8450438477944475,15.838341099425577,0.2689207494586387,0.2689207494586387
2017,84767,ARE,ALEXANDRIA REAL EST EQUITIES INC,276.0,0.025228074,0.0075211275485673,0.7696041595192878,16.216308422236338,0.2093892000489172,0.2093892000489172
2018,84767,ARE,ALEXANDRIA REAL EST EQUITIES INC,288.0,0.027038036,0.0136438621564576,0.7367450109778662,16.379471568263188,-0.0904378030726675,-0.0904378030726675
2019,84767,ARE,ALEXANDRIA REAL EST EQUITIES INC,300.0,0.025240289,0.013708062920284,0.7249550637246039,16.630093444481542,0.4399872848142196,0.4399872848142196
2020,84767,ARE,ALEXANDRIA REAL EST EQUITIES INC,312.0,0.024056857,0.0113115902704414,0.6726164216808129,16.83027522870012,0.1327564657562217,0.1327564657562217
2021,84767,ARE,ALEXANDRIA REAL EST EQUITIES INC,324.0,0.021453394,0.0143497785101246,0.5006885999533299,17.144694079732275,0.2812487385348223,0.2812487385348223
2022,84767,ARE,ALEXANDRIA REAL EST EQUITIES INC,336.0,0.027285354,0.0097037109810354,0.6011327094717843,17.099743379418143,-0.3264455357306973,-0.3264455357306973
2023,84767,ARE,ALEXANDRIA REAL EST EQUITIES INC,348.0,0.039464105,0.0086503873767563,0.7310130748613871,16.85190759826001,-0.0915600356443752,-0.0915600356443752
2024,84767,ARE,ALEXANDRIA REAL EST EQUITIES INC,360.0,0.043446552,0.0102981981533064,0.8617951225162847,16.829919379765077,-0.1949814627900881,-0.1949814627900881
2004,85058,BXP,BXP INC,120.0,0.045104515,0.0177693123430118,0.0909691766402626,15.559546620078414,0.4054002858477477,0.4054002858477477
2005,85058,BXP,BXP INC,132.0,0.049665257,0.0172011009437469,0.1274219005199934,15.838144066808198,0.2337990598599526,0.2337990598599526
2006,85058,BXP,BXP INC,144.0,0.05058658,0.0174811959464102,0.3287411635349014,16.208000486884938,0.6257424264121991,0.6257424264121991
2007,85058,BXP,BXP INC,156.0,0.07537838,0.016333628800186,0.4213351197630759,16.36149705698832,-0.1030588301958082,-0.1030588301958082
2008,85058,BXP,BXP INC,168.0,0.09668153,0.0150070206267988,0.7235256277165875,16.125280513536097,-0.3798817320723034,-0.3798817320723034
2009,85058,BXP,BXP INC,180.0,0.048641425,0.0111375351104028,1.1379828953724858,15.728433328223687,0.2752323829396057,0.2752323829396057
2010,85058,BXP,BXP INC,192.0,0.025904188,0.0149826114403281,1.190953992463048,16.19921450659809,0.3167869119850981,0.3167869119850981
2011,85058,BXP,BXP INC,204.0,0.01965745,0.0120533178899935,1.1611513059853829,16.489270840317275,0.1813639777833173,0.1813639777833173
2012,85058,BXP,BXP INC,216.0,0.019910527,0.0138533455713486,1.1181608204067623,16.58491604154818,0.0853453888900515,0.0853453888900515
2013,85058,BXP,BXP INC,228.0,0.025489075,0.0136907852417598,1.1012980267908894,16.57878836130287,-0.005564138169103,-0.005564138169103
2014,85058,BXP,BXP INC,240.0,0.04211783,0.0110116316798184,0.8029536021057887,16.719641465546882,0.3559570673114431,0.3559570673114431
2015,85058,BXP,BXP INC,252.0,0.05355935,0.0119733729463818,0.5810642166962093,16.78937370862034,0.0215962722695,0.0215962722695
2016,85058,BXP,BXP INC,264.0,0.029497111,0.0128694343944818,0.6085361861743736,16.79012154718081,0.0068709496471295,0.0068709496471295
2017,85058,BXP,BXP INC,276.0,0.022840515,0.013356926436953,0.6061852980839652,16.782006446654997,0.0588356801705176,0.0588356801705176
2018,85058,BXP,BXP INC,288.0,0.026015764,0.0138028310186181,0.6667578556772492,16.75997701949404,-0.1089065257881047,-0.1089065257881047
2019,85058,BXP,BXP INC,300.0,0.027857145,0.0139044742347255,0.8729935844784237,16.84105092926978,0.2608269121295474,0.2608269121295474
2020,85058,BXP,BXP INC,312.0,0.041432254,0.0143504014692099,0.9552341488068198,16.507091829777625,-0.2836107884104915,-0.2836107884104915
2021,85058,BXP,BXP INC,324.0,0.036077388,0.0114385685525609,1.0365409065167952,16.646999033873964,0.262709487547109,0.262709487547109
2022,85058,BXP,BXP INC,336.0,0.043351814,0.0132121552008263,0.9849461947214678,16.48966218740945,-0.3857051266953302,-0.3857051266953302
2023,85058,BXP,BXP INC,348.0,0.06566548,0.0135968313597925,1.0397226289940744,16.059639403506598,0.1081965548024843,0.1081965548024843
2024,85058,BXP,BXP INC,360.0,0.056221634,0.0125474779928664,1.1115461964097944,16.214819554688873,0.120590571166107,0.120590571166107
2004,85082,EGP,EASTGROUP PROPERTIES INC,396.0,0.053573173,0.013658334393736,0.1087864134885707,13.477164523305603,0.2496678565750774,0.2496678565750774
2005,85082,EGP,EASTGROUP PROPERTIES INC,408.0,0.045987118,0.0141002266013044,0.1574097817703534,13.71230108779811,0.2339285626135134,0.2339285626135134
2006,85082,EGP,EASTGROUP PROPERTIES INC,420.0,0.039426565,0.0127914262278433,0.3461989304835395,13.912035204880985,0.2339461682565682,0.2339461682565682
2007,85082,EGP,EASTGROUP PROPERTIES INC,432.0,0.04174052,0.0146669228941705,0.4933768918062087,13.926626769139943,-0.1834427079443339,-0.1834427079443339
2008,85082,EGP,EASTGROUP PROPERTIES INC,444.0,0.047788944,0.0183692731097028,0.7346505349520175,13.852565678891956,-0.1077261548065273,-0.1077261548065273
2009,85082,EGP,EASTGROUP PROPERTIES INC,456.0,0.06143273,0.0179738593352599,0.8905458274902444,13.663239552214542,0.1437162467763293,0.1437162467763293
2010,85082,EGP,EASTGROUP PROPERTIES INC,468.0,0.053658362,0.0168300719380897,0.8625048406789114,13.836523531143916,0.1670941621490769,0.1670941621490769
2011,85082,EGP,EASTGROUP PROPERTIES INC,480.0,0.047921706,0.0160443639965428,0.8833476230837456,13.975106035930033,0.0795289430042764,0.0795289430042764
2012,85082,EGP,EASTGROUP PROPERTIES INC,492.0,0.03912888,0.0165035370752491,0.8856990278247925,14.204344908352384,0.2876537561484451,0.2876537561484451
2013,85082,EGP,EASTGROUP PROPERTIES INC,504.0,0.035126638,0.0168674901973157,0.9259523277602936,14.395926271064836,0.1169033217814683,0.1169033217814683
2014,85082,EGP,EASTGROUP PROPERTIES INC,516.0,0.033473182,0.0170801328849094,0.8571155700854495,14.506100592429767,0.132223931187366,0.132223931187366
2015,85082,EGP,EASTGROUP PROPERTIES INC,528.0,0.03898361,0.0178029711040271,0.8465974922924827,14.440184808948873,-0.0849182185527308,-0.0849182185527308
2016,85082,EGP,EASTGROUP PROPERTIES INC,540.0,0.03642964,0.0182718773360047,0.8090773664732732,14.576255021036774,0.3753479237794452,0.3753479237794452
2017,85082,EGP,EASTGROUP PROPERTIES INC,552.0,0.029307723,0.0191130488398839,0.7438483956301476,14.850858940702544,0.233496210845159,0.233496210845159
2018,85082,EGP,EASTGROUP PROPERTIES INC,564.0,0.027549243,0.0197461421830441,0.7027534525338681,14.99319844013471,0.0691709764682404,0.0691709764682404
2019,85082,EGP,EASTGROUP PROPERTIES INC,576.0,0.023253808,0.0201640178924638,0.6740161245310707,15.306702071111674,0.4818586984927273,0.4818586984927273
2020,85082,EGP,EASTGROUP PROPERTIES INC,588.0,0.023552703,0.0197194251515013,0.6369758167882257,15.40732496763656,0.0673671000198843,0.0673671000198843
2021,85082,EGP,EASTGROUP PROPERTIES INC,600.0,0.018874152,0.0203067177600911,0.4817909375809078,15.726418327842422,0.6843834736039054,0.6843834736039054
2022,85082,EGP,EASTGROUP PROPERTIES INC,612.0,0.024218576,0.0207942867918034,0.5757002795526857,15.780258312885849,-0.3307309735717393,-0.3307309735717393
2023,85082,EGP,EASTGROUP PROPERTIES INC,624.0,0.028067024,0.0194637289903016,0.6572348559940808,15.850239604258602,0.2762945841818234,0.2762945841818234
2024,85082,EGP,EASTGROUP PROPERTIES INC,636.0,0.02850595,0.0207977371733602,0.6751767544317234,15.945391892871749,-0.0983725322949351,-0.0983725322949351
2013,85234,PZN,PRISON REALTY TRUST INC,228.0,0.16216457,0.0253621330217799,0.751209448572944,15.172542699293006,0.0584874220001674,0.0584874220001674
2014,85234,PZN,PRISON REALTY TRUST INC,240.0,0.1044407,0.0213862899832585,0.5100125271671826,15.188852406446316,0.2034758135781798,0.2034758135781798
2015,85234,PZN,PRISON REALTY TRUST INC,252.0,0.064421974,0.0255913472296535,0.4554060945359652,15.16314286113679,-0.2198495062927065,-0.2198495062927065
2016,85234,PZN,PRISON REALTY TRUST INC,264.0,0.09160059,0.0232622722820374,0.4304434214388368,14.88501727680186,0.0074290783786294,0.0074290783786294
2017,85234,PZN,PRISON REALTY TRUST INC,276.0,0.06558372,0.0242519781415623,0.6342908466772598,15.005758215437767,-0.020824960841834,-0.020824960841834
2018,85234,PZN,PRISON REALTY TRUST INC,288.0,0.07703518,0.0202083790689097,0.7040455516538763,14.779874431379277,-0.1405730424009933,-0.1405730424009933
2019,85234,PZN,PRISON REALTY TRUST INC,300.0,0.09273818,0.0194613182031938,0.9080780863948053,14.601293760762683,0.0436989458156722,0.0436989458156722
2020,85234,PZN,PRISON REALTY TRUST INC,312.0,0.13318533,0.0187174984383706,0.9161958495083316,13.97185321314187,-0.5975371405682075,-0.5975371405682075
2021,85234,PZN,PRISON REALTY TRUST INC,324.0,0.010217511,0.0044266758937416,0.9301631730440352,13.881016460149754,0.5220384219424783,0.5220384219424783
2022,85234,PZN,PRISON REALTY TRUST INC,336.0,0.0,0.0114752341285641,0.6976340301019937,14.072269135627776,0.1594576875074544,0.1594576875074544
2023,85234,PZN,PRISON REALTY TRUST INC,348.0,0.0,0.0124738144230944,0.6272650680838463,14.007989560263752,0.2568323412045903,0.2568323412045903
2024,85234,PZN,PRISON REALTY TRUST INC,360.0,0.0,0.0157425919583722,0.5560608244686956,14.350957531536713,0.4962815397661799,0.4962815397661799
2004,85264,PNP,PAN PACIFIC RETAIL PROPERTIES IN,120.0,0.03955544,0.0203928992982098,0.005234500500411,14.562529614079873,0.3721547560802514,0.3721547560802514
2005,85264,PNP,PAN PACIFIC RETAIL PROPERTIES IN,132.0,0.0357621,0.0201263290878053,0.1027542712680387,14.762675092335618,0.1069262434712847,0.1069262434712847
2006,85264,PNP,PAN PACIFIC RETAIL PROPERTIES IN,141.0,0.034427304,0.0202610076508781,0.2340323480434985,14.847758189451037,0.0672251966801282,0.0672251966801282
2004,85265,SLG,S L GREEN REALTY CORP,120.0,0.037408814,0.0152531327938244,0.2050065433788639,14.453241937431642,0.5345468309501646,0.5345468309501646
2005,85265,SLG,S L GREEN REALTY CORP,132.0,0.03206783,0.0190226369603086,0.2085882552467397,14.801314973730364,0.3048027461127491,0.3048027461127491
2006,85265,SLG,S L GREEN REALTY CORP,144.0,0.020945149,0.0154578294581742,0.4226099465442431,15.389904274405495,0.7767558272506756,0.7767558272506756
2007,85265,SLG,S L GREEN REALTY CORP,156.0,0.020625843,0.0130684630685697,0.6255476787721203,15.783152931734966,-0.2782642953315939,-0.2782642953315939
2008,85265,SLG,S L GREEN REALTY CORP,168.0,0.05647381,0.0074507102242902,1.1712955074706854,15.135545184601588,-0.6042861370447684,-0.6042861370447684
2009,85265,SLG,S L GREEN REALTY CORP,180.0,0.089695536,0.0079313413029509,2.1581949453944387,14.350723160214914,1.0233536316810323,1.0233536316810323
2010,85265,SLG,S L GREEN REALTY CORP,192.0,0.0073499903,0.0074909088960437,2.286425416726796,15.347584180368058,0.3528977217035685,0.3528977217035685
2011,85265,SLG,S L GREEN REALTY CORP,204.0,0.00539675,0.0102198423750409,2.203514523669145,15.63803528721038,-0.0051120139825775,-0.0051120139825775
2012,85265,SLG,S L GREEN REALTY CORP,216.0,0.010275833,0.0069833977004381,2.140293933749607,15.752267617587128,0.1662058287301158,0.1662058287301158
2013,85265,SLG,S L GREEN REALTY CORP,228.0,0.01380713,0.0087387324236961,2.0996584144360506,15.906684854846722,0.2253976918538973,0.2253976918538973
2014,85265,SLG,S L GREEN REALTY CORP,240.0,0.016329633,0.0089644647102418,1.4519981618675135,16.144115265893845,0.313457180210154,0.313457180210154
2015,85265,SLG,S L GREEN REALTY CORP,252.0,0.0192748,0.0086307764164465,1.080650818979074,16.269226716402702,-0.0296833416040194,-0.0296833416040194
2016,85265,SLG,S L GREEN REALTY CORP,264.0,0.026305825,0.0091951917146766,1.1647219214223872,16.15676214175911,-0.021184717542803,-0.021184717542803
2017,85265,SLG,S L GREEN REALTY CORP,276.0,0.029724544,0.0127756732430319,1.052367131946469,16.147470295975108,-0.0329025691142931,-0.0329025691142931
2018,85265,SLG,S L GREEN REALTY CORP,288.0,0.03575259,0.011416501611238,1.0927031783253391,15.953534410092812,-0.1882593842066335,-0.1882593842066335
2019,85265,SLG,S L GREEN REALTY CORP,300.0,0.0402953,0.0111709347258099,1.1525249121508023,15.776121888418077,0.2090169364889817,0.2090169364889817
2020,85265,SLG,S L GREEN REALTY CORP,312.0,0.067486905,0.0119104449459402,1.4401515103743214,15.20528491356368,-0.2911006773306563,-0.2911006773306563
2021,85265,SLG,S L GREEN REALTY CORP,324.0,0.07727558,0.0105587259542491,1.5327706309128448,15.415672604917644,0.2715652125756873,0.2715652125756873
2022,85265,SLG,S L GREEN REALTY CORP,336.0,0.118422054,0.0106324889912873,1.453669727082863,15.037300637104776,-0.5093171490936037,-0.5093171490936037
2023,85265,SLG,S L GREEN REALTY CORP,348.0,0.108209044,0.0094136532922523,1.6040581875178297,14.557229165139924,0.4822947832236657,0.4822947832236657
2024,85265,SLG,S L GREEN REALTY CORP,360.0,0.051753104,0.0115335207171981,1.7883594771159446,15.191938099608429,0.5817887420718897,0.5817887420718897
2012,85426,GET,GAYLORD ENTERTAINMENT CO NEW,276.0,0.12791573,,2.275360225361972,14.318827440274006,0.1888421299999998,0.1888421299999998
2013,85426,GET,GAYLORD ENTERTAINMENT CO NEW,288.0,0.15487914,0.0161331701081292,2.266472038042465,14.51429962500366,0.1418842436425882,0.1418842436425882
2014,85426,RHP,RYMAN HOSPITALITY PROPERTIES INC,300.0,0.044636697,0.0203102591343104,1.9045854355206708,14.684403467096631,0.3218632026128309,0.3218632026128309
2015,85426,RHP,RYMAN HOSPITALITY PROPERTIES INC,312.0,0.044005577,0.0227785204405594,1.3338434790187812,14.84572836244323,0.0296891425703862,0.0296891425703862
2016,85426,RHP,RYMAN HOSPITALITY PROPERTIES INC,324.0,0.05509542,0.0262478847032868,0.9757959835525876,14.795444244643626,0.2912253148829888,0.2912253148829888
2017,85426,RHP,RYMAN HOSPITALITY PROPERTIES INC,336.0,0.048269305,0.0287193779272878,0.764161385997375,15.000638566253231,0.1510948933761224,0.1510948933761224
2018,85426,RHP,RYMAN HOSPITALITY PROPERTIES INC,348.0,0.041970227,0.0283487232671769,1.0505327265271696,15.20945231198799,0.0090693832457577,0.0090693832457577
2019,85426,RHP,RYMAN HOSPITALITY PROPERTIES INC,360.0,0.042571593,0.0218583299511395,1.1373027320318112,15.255426624998096,0.3566566079523436,0.3566566079523436
2020,85426,RHP,RYMAN HOSPITALITY PROPERTIES INC,372.0,0.063603766,0.0158954634502229,1.3125294051376422,14.720926322225749,-0.1972819835833242,-0.1972819835833242
2021,85426,RHP,RYMAN HOSPITALITY PROPERTIES INC,384.0,0.0022417,-0.0147181886510379,1.5908450710381628,15.28474075614823,0.3571416545553989,0.3571416545553989
2022,85426,RHP,RYMAN HOSPITALITY PROPERTIES INC,396.0,0.0006546216,0.0085867087354451,1.5339703495137933,15.371631019866166,-0.1066817663982639,-0.1066817663982639
2023,85426,RHP,RYMAN HOSPITALITY PROPERTIES INC,408.0,0.019960672,0.0259656986066862,1.475454263094972,15.48178283064027,0.4020421317094551,0.4020421317094551
2024,85426,RHP,RYMAN HOSPITALITY PROPERTIES INC,420.0,0.039012346,0.0248708687739605,1.4807769936695732,15.679002871527937,-0.0117188004494299,-0.0117188004494299
2004,85592,PLD,PROLOGIS INC,120.0,0.047428366,0.0121740082836016,0.0604714133322804,14.90346996750209,0.2886784747381099,0.2886784747381099
2005,85592,PLD,PROLOGIS INC,132.0,0.039405953,0.0098197324177247,0.1207506269204426,15.09215148004634,0.2666098271292088,0.2666098271292088
2006,85592,PLD,PROLOGIS INC,144.0,0.032463696,0.0096905595881388,0.2828967629021938,15.375642579035818,0.232726513798346,0.232726513798346
2007,85592,PLD,PROLOGIS INC,156.0,0.031118458,0.0107661070172359,0.349228497366105,15.571550389726807,0.0159195194901773,0.0159195194901773
2008,85592,PLD,PROLOGIS INC,168.0,0.053010788,0.0131122208180951,0.8653230667164328,15.209742398737164,-0.5761625545176141,-0.5761625545176141
2009,85592,PLD,PROLOGIS INC,180.0,0.06103231,0.0067556400182991,1.5476515834085225,14.742866483666884,0.1491255561041669,0.1491255561041669
2010,85592,PLD,PROLOGIS INC,192.0,0.040426936,0.0091081449299551,1.5359972380421396,15.272030865712155,0.2918320048782274,0.2918320048782274
2011,85592,PLD,PROLOGIS INC,228.0,0.025571896,0.0068947039461769,1.5721858549981238,16.086993537750573,-0.0651552184979684,-0.0651552184979684
2012,85592,PLD,PROLOGIS INC,240.0,0.029312467,0.0061808700610599,1.6079871751806587,16.566353704033574,0.3174651746776595,0.3174651746776595
2013,85592,PLD,PROLOGIS INC,252.0,0.027895486,0.0092951599535438,1.6329131787956177,16.755390345882745,0.0427590701967894,0.0427590701967894
2014,85592,PLD,PROLOGIS INC,264.0,0.029547997,0.0066333181360901,1.3762505131072993,16.831633109371506,0.2029207896460982,0.2029207896460982
2015,85592,PLD,PROLOGIS INC,276.0,0.033260632,0.0100933512217766,1.2985443578618705,16.879119341583017,0.0354179769287932,0.0354179769287932
2016,85592,PLD,PROLOGIS INC,288.0,0.03353368,0.0115478485836273,1.153468056445656,17.047236345537275,0.2719450807645076,0.2719450807645076
2017,85592,PLD,PROLOGIS INC,300.0,0.029426744,0.0139914745483979,0.7826895133027739,17.24811583116681,0.2586628480598874,0.2586628480598874
2018,85592,PLD,PROLOGIS INC,312.0,0.027031856,0.0163623421076185,0.6684199077174499,17.422628609118256,-0.0619452501393057,-0.0619452501393057
2019,85592,PLD,PROLOGIS INC,324.0,0.02467599,0.0180658832788455,0.8549164610336847,17.73225749547386,0.5582431928776044,0.5582431928776044
2020,85592,PLD,PROLOGIS INC,336.0,0.021838533,0.0203778283517883,0.6992671232688541,18.05062520384713,0.1461199574560681,0.1461199574560681
2021,85592,PLD,PROLOGIS INC,348.0,0.019486606,0.0204888690115135,0.4647882300073265,18.33967614982052,0.7230876591385664,0.7230876591385664
2022,85592,PLD,PROLOGIS INC,360.0,0.020957308,0.0212220539654192,0.5492373950363805,18.432192170540738,-0.3126118974970402,-0.3126118974970402
2023,85592,PLD,PROLOGIS INC,372.0,0.025766632,0.0212220539654192,0.6728966812159927,18.534939765357706,0.2163947006506188,0.2163947006506188
2024,85592,PLD,PROLOGIS INC,384.0,0.030788535,0.0212220539654192,0.7261035081424039,18.515605718389992,-0.1809151029395382,-0.1809151029395382
2004,85619,MT,MEDITRUST CORP,492.0,0.0,0.0074721185536712,1.119524809837131,14.181590591880784,0.4181635064820086,0.4181635064820086
2005,85619,MT,MEDITRUST CORP,504.0,0.0,0.0084652378054581,1.3504554208729866,14.359989623356071,0.2254519443139777,0.2254519443139777
2004,85659,RPI,ROBERTS REALTY INVESTORS INC,108.0,0.4118137,-0.0003566715567237,0.0216935980334016,10.582763297151416,1.0233536316810323,1.0233536316810323
2005,85659,RPI,ROBERTS REALTY INVESTORS INC,120.0,0.23575556,-0.0001917172523128,0.0260658829984558,10.686484161163072,-0.0208405768981445,-0.0208405768981445
2006,85659,RPI,ROBERTS REALTY INVESTORS INC,132.0,0.0,0.0003784785922606,0.0481996850195452,10.724814499059203,0.0024403875044678,0.0024403875044678
2007,85659,RPI,ROBERTS REALTY INVESTORS INC,144.0,0.0,-0.0017735689805752,0.0443364293548653,10.685567866450327,-0.1641655894336859,-0.1641655894336859
2008,85659,RPI,ROBERTS REALTY INVESTORS INC,154.0,0.066317216,-0.003256783748658,0.1487937671460227,10.347689849889374,-0.4857519875815532,-0.4857519875815532
2009,85659,RPI,ROBERTS REALTY INVESTORS INC,168.0,0.23356822,-0.0140272793422635,1.031303962958474,9.455588361145445,0.9321131442732864,0.9321131442732864
2010,85659,RPI,ROBERTS REALTY INVESTORS INC,180.0,0.0,-0.031886194783112,1.1416691174560631,9.666309875452871,0.1115992579113422,0.1115992579113422
2011,85659,RPI,ROBERTS REALTY INVESTORS INC,192.0,0.0,-0.0229357358745588,1.1729933410930238,9.81538048177302,-0.1142257543217197,-0.1142257543217197
2012,85659,RPI,ROBERTS REALTY INVESTORS INC,204.0,0.0,-0.0518847527270679,1.1816894545811516,9.557724106854698,-0.086061525069562,-0.086061525069562
2013,85659,RPI,ROBERTS REALTY INVESTORS INC,214.0,0.0,-0.0455476743209178,1.2325041662195462,9.432424512459797,0.056881074780301,0.056881074780301
2014,85659,RPI,ROBERTS REALTY INVESTORS INC,228.0,0.0,-0.0176472728595859,0.7204825561485206,9.27998180502832,0.51438402,0.51438402
2015,85659,RPI,ROBERTS REALTY INVESTORS INC,240.0,0.0,-0.0267278844842448,0.5820014642922982,10.154927645553864,0.1879925904810693,0.1879925904810693
2016,85659,RPI,ROBERTS REALTY INVESTORS INC,252.0,0.0,-0.0383930212789709,0.6916837561754349,10.183463784804076,-0.1186741001792245,-0.1186741001792245
2017,85659,RPI,ROBERTS REALTY INVESTORS INC,257.0,0.0,-0.0418782107970101,0.6037534553353129,10.062476875090017,-0.0269930076922886,-0.0269930076922886
2012,85763,CDC,CAREY DIVERSIFIED L L C,216.0,0.028568966,,0.7349481094975249,15.08452321306752,-0.0345891999999999,-0.0345891999999999
2013,85763,WPC,W P CAREY & CO LLC,228.0,0.040094614,0.0106417021639279,0.7324335188132984,15.303678714213442,0.2414519386342455,0.2414519386342455
2014,85763,WPC,W P CAREY INC,240.0,0.04744944,0.0123342182615016,0.6986209364119235,15.656438682922968,0.2094401317561034,0.2094401317561034
2015,85763,WPC,W P CAREY INC,252.0,0.059814334,0.0115210520150328,0.6083218604933462,15.695529226458351,-0.1041021488971389,-0.1041021488971389
2016,85763,WPC,W P CAREY INC,264.0,0.06164904,0.0142234771506483,0.6071418352637967,15.70108363252836,0.0648266802778041,0.0648266802778041
2017,85763,WPC,W P CAREY INC,276.0,0.059741493,0.0147945040275323,0.5989441254229456,15.7682826208519,0.2386705596477145,0.2386705596477145
2018,85763,WPC,W P CAREY INC,288.0,0.059258834,0.0149719600637912,0.4918098466361651,15.822874074996042,0.0098982646059486,0.0098982646059486
2019,85763,WPC,W P CAREY INC,300.0,0.04339246,0.0135997965069827,0.418467678819552,16.451525451507763,0.2877951284532856,0.2877951284532856
2020,85763,WPC,W P CAREY INC,312.0,0.060843263,0.0149977035104173,0.6078378192162966,16.287470423456604,-0.0601372268996909,-0.0601372268996909
2021,85763,WPC,W P CAREY INC,324.0,0.055058956,0.0137554032034736,0.5968446701876419,16.417054345831673,0.229013373106395,0.229013373106395
2022,85763,WPC,W P CAREY INC,336.0,0.051222395,0.0166516467261197,0.5977469148192501,16.557718278847087,0.0056753091931638,0.0056753091931638
2023,85763,WPC,W P CAREY INC,348.0,0.060839176,0.0155176328289825,0.6664506996321666,16.488895515532587,-0.1064556576954774,-0.1064556576954774
2024,85763,WPC,W P CAREY INC,360.0,0.06436598,0.0143245036833455,0.7464627426384158,16.344346027547537,-0.1067487143398593,-0.1067487143398593
2004,85771,NHR,NATIONAL HEALTH REALTY INC,84.0,0.078466624,0.0232682872380793,0.2638854195429215,12.110095897244546,0.0945642890315081,0.0945642890315081
2005,85771,NHR,NATIONAL HEALTH REALTY INC,96.0,0.07323056,0.0219005468930957,0.2691374742226632,12.137636761994052,0.0005993065228648,0.0005993065228648
2006,85771,NHR,NATIONAL HEALTH REALTY INC,108.0,0.07230612,0.0236654073901621,0.2571699941577831,12.18921487524909,0.3838868059872249,0.3838868059872249
2007,85771,NHR,NATIONAL HEALTH REALTY INC,118.0,0.061703373,0.0262964278389708,0.3444165929396473,12.359401510677436,-0.0594265616920348,-0.0594265616920348
2004,86013,EQY,EQUITY ONE INC,108.0,0.0558881,0.0141299177697896,0.174290627284981,14.126568900866117,0.4870298492596092,0.4870298492596092
2005,86013,EQY,EQUITY ONE INC,120.0,0.05064994,0.0199143084635675,0.2560417821747545,14.317672403933612,0.0263988557223202,0.0263988557223202
2006,86013,EQY,EQUITY ONE INC,132.0,0.07465548,0.012530369793145,0.3336831324641726,14.393789128676811,0.2697150855534231,0.2697150855534231
2007,86013,EQY,EQUITY ONE INC,144.0,0.06194967,0.0123489525278869,0.4665364909998847,14.46653632646406,-0.0947099102954602,-0.0947099102954602
2008,86013,EQY,EQUITY ONE INC,156.0,0.057989493,0.0117578464106689,0.7198649212788227,14.251086041828115,-0.1852283362505494,-0.1852283362505494
2009,86013,EQY,EQUITY ONE INC,168.0,0.07837365,0.0095788176354589,0.8545020957873821,14.006510710880695,-0.0110660625998423,-0.0110660625998423
2010,86013,EQY,EQUITY ONE INC,180.0,0.05392443,0.0110973172162141,0.8643967016821122,14.29610803107847,0.1827736258431755,0.1827736258431755
2011,86013,EQY,EQUITY ONE INC,192.0,0.04475962,0.0115564802209572,0.8942012303055469,14.529699130352276,-0.018036092702636,-0.018036092702636
2012,86013,EQY,EQUITY ONE INC,204.0,0.042377334,0.0091019656162,0.8827763664772471,14.685253741344338,0.2902741511168138,0.2902741511168138
2013,86013,EQY,EQUITY ONE INC,216.0,0.038027126,0.0075455807178159,0.9297727280536576,14.82369696665246,0.1101360986756039,0.1101360986756039
2014,86013,EQY,EQUITY ONE INC,228.0,0.037641436,0.0108223938232343,0.9280478588389744,14.84543697471175,0.1736335926424548,0.1736335926424548
2015,86013,EQY,EQUITY ONE INC,240.0,0.033654347,0.0110624313952086,0.8228053838190399,15.006995264609984,0.1084099353693981,0.1084099353693981
2016,86013,EQY,EQUITY ONE INC,252.0,0.028033108,0.0123499528070217,0.6112730639439348,15.263158615888395,0.1633809641447916,0.1633809641447916
2017,86013,EQY,EQUITY ONE INC,254.0,0.03047391,0.0142837013095667,0.4813479679510785,15.333374301014022,0.0375406699999998,0.0375406699999998
2012,86111,AMT,AMERICAN TOWER SYSTEMS CORP,204.0,0.009940026,0.0240838356400614,0.4566789827670685,17.120856313954267,0.2320230515556163,0.2320230515556163
2013,86111,AMT,AMERICAN TOWER CORP NEW,216.0,0.012963444,0.0216099357929697,0.3550458796899768,17.221804608875484,0.0477143348867405,0.0477143348867405
2014,86111,AMT,AMERICAN TOWER CORP NEW,228.0,0.013370114,0.0183227802641875,0.1359977049013087,17.399011731029326,0.2574969347326765,0.2574969347326765
2015,86111,AMT,AMERICAN TOWER CORP NEW,240.0,0.016153106,0.0190225990914864,0.1859532740670005,17.501626097772498,2.7777515257287888e-05,2.7777515257287888e-05
2016,86111,AMT,AMERICAN TOWER CORP NEW,252.0,0.018445985,0.0173880469803183,0.3614735893123539,17.62718713240075,0.1119276247455012,0.1119276247455012
2017,86111,AMT,AMERICAN TOWER CORP NEW,264.0,0.017956758,0.0183001651850475,0.330332159772723,17.841244119155476,0.3766264459658452,0.3766264459658452
2018,86111,AMT,AMERICAN TOWER CORP NEW,276.0,0.019037677,0.0210620432967242,0.3636010968530986,17.988144309636542,0.1327877470916802,0.1327877470916802
2019,86111,AMT,AMERICAN TOWER CORP NEW,288.0,0.016572604,0.0212220539654192,0.2695774033222212,18.32637602843954,0.4789700280459981,0.4789700280459981
2020,86111,AMT,AMERICAN TOWER CORP NEW,300.0,0.017183598,0.0212220539654192,0.238941669864064,18.477408238904584,-0.0047137096986038,-0.0047137096986038
2021,86111,AMT,AMERICAN TOWER CORP NEW,312.0,0.01832807,0.0212220539654192,0.1011965110304836,18.583281208138214,0.3284044076334076,0.3284044076334076
2022,86111,AMT,AMERICAN TOWER CORP NEW,324.0,0.02245787,0.0212220539654192,0.2716979581747355,18.509698532446624,-0.2567667846419318,-0.2567667846419318
2023,86111,AMT,AMERICAN TOWER CORP NEW,336.0,0.031366445,0.0206316917910159,0.3752578816312459,18.324623806103872,0.0528171935445989,0.0528171935445989
2024,86111,AMT,AMERICAN TOWER CORP NEW,348.0,0.032279324,0.0212220539654192,0.5063829710654121,18.3639740489404,-0.1210422795489553,-0.1210422795489553
2004,86313,UBA,URSTADT BIDDLE PROPERTIES INC,432.0,0.055293098,0.0199379254828297,0.1682642290973917,12.550331209087444,0.2557504191466078,0.2557504191466078
2005,86313,UBA,URSTADT BIDDLE PROPERTIES INC,444.0,0.053432535,0.0186396236308313,0.2575864853091484,12.631329556486495,0.0045741818699238,0.0045741818699238
2006,86313,UBA,URSTADT BIDDLE PROPERTIES INC,456.0,0.049834426,0.0179074477633853,0.2780734343458212,12.707831582415444,0.2389450813859641,0.2389450813859641
2007,86313,UBA,URSTADT BIDDLE PROPERTIES INC,468.0,0.05146627,0.0198210310034729,0.4402384202914893,12.683713357111571,-0.1437538918825138,-0.1437538918825138
2008,86313,UBA,URSTADT BIDDLE PROPERTIES INC,480.0,0.05863531,0.0171727493186294,0.6214126007181711,12.61290073508618,0.0890785286364046,0.0890785286364046
2009,86313,UBA,URSTADT BIDDLE PROPERTIES INC,492.0,0.07005908,0.0150666959677211,0.5679733753453503,12.472861828336946,0.0226314549772754,0.0226314549772754
2010,86313,UBA,URSTADT BIDDLE PROPERTIES INC,504.0,0.057422373,0.0138841754145548,0.5006516966599637,12.66307707953854,0.3516953474844155,0.3516953474844155
2011,86313,UBA,URSTADT BIDDLE PROPERTIES INC,516.0,0.050731633,0.0157518206991443,0.4932233246280206,12.844805522173468,-0.0203929521339408,-0.0203929521339408
2012,86313,UBA,URSTADT BIDDLE PROPERTIES INC,528.0,0.04806875,0.0139430861727041,0.5546534396095085,12.936515462214674,0.1460078992652149,0.1460078992652149
2013,86313,UBA,URSTADT BIDDLE PROPERTIES INC,540.0,0.049206283,0.0101516195006408,0.6078944680430545,13.078443362097913,-0.0031894780305717,-0.0031894780305717
2014,86313,UBA,URSTADT BIDDLE PROPERTIES INC,552.0,0.047788426,0.0127589338635968,0.6534225813653355,13.125457682582988,0.2438681723710578,0.2438681723710578
2015,86313,UBA,URSTADT BIDDLE PROPERTIES INC,564.0,0.051350694,0.0107554118013457,0.6959922490422663,13.195388479962803,-0.0731440575078826,-0.0731440575078826
2016,86313,UBA,URSTADT BIDDLE PROPERTIES INC,576.0,0.04436708,0.0113219902776757,0.5899108110263701,13.331431675424149,0.2975648813293494,0.2975648813293494
2017,86313,UBA,URSTADT BIDDLE PROPERTIES INC,588.0,0.049140662,0.0122315077323836,0.3855166696715459,13.350314508349513,-0.0522114326830879,-0.0522114326830879
2018,86313,UBA,URSTADT BIDDLE PROPERTIES INC,600.0,0.051202923,0.0121963910622107,0.3721245959477235,13.319900154002308,-0.0675798257680145,-0.0675798257680145
2019,86313,UBA,URSTADT BIDDLE PROPERTIES INC,612.0,0.048051104,0.0133153254061214,0.5158079690816044,13.408218254771894,0.3574727039283263,0.3574727039283263
2020,86313,UBA,URSTADT BIDDLE PROPERTIES INC,624.0,0.07618503,0.0121646586223713,0.76349123697841,12.87296202690318,-0.4003894562565876,-0.4003894562565876
2021,86313,UBA,URSTADT BIDDLE PROPERTIES INC,636.0,0.03630702,0.0112757313206979,1.0827515700391417,13.212445361203836,0.5731652104707001,0.5731652104707001
2022,86313,UBA,URSTADT BIDDLE PROPERTIES INC,648.0,0.05314301,0.0138648769465201,1.0757001859400577,13.19918335995004,-0.0606727124287441,-0.0606727124287441
2023,86313,UBA,URSTADT BIDDLE PROPERTIES INC,655.0,0.05172061,0.0147149430838255,1.0097263805957148,13.222115747065592,0.2421802420820045,0.2421802420820045
2014,86339,CCI,CROWN CASTLE INTERNATIONAL CORP,228.0,0.008723714,0.0117499499969404,0.4462560888439131,17.055420691783706,0.1362089663494752,0.1362089663494752
2015,86339,TWRS,CROWN CASTLE INTERNATIONAL CORP,240.0,0.032352824,0.0136349300372086,0.2731089945505563,17.143394624732466,0.1439349983932427,0.1439349983932427
2016,86339,TWRS,CROWN CASTLE INTERNATIONAL CORP,252.0,0.03780855,0.0152300034340053,0.230731155440914,17.241020414898816,0.0435120795573156,0.0435120795573156
2017,86339,TWRS,CROWN CASTLE INTERNATIONAL CORP,264.0,0.034642227,0.0127657919062504,-0.0119347715764949,17.471615711945994,0.329240892303533,0.329240892303533
2018,86339,TWRS,CROWN CASTLE INTERNATIONAL CORP,276.0,0.036406286,0.0097819401559277,0.0220261626553999,17.62586418369504,0.0173960693490138,0.0173960693490138
2019,86339,TWRS,CROWN CASTLE INTERNATIONAL CORP,288.0,0.033501823,0.011132168381453,0.1344218882359783,17.81722307044343,0.3535235426054273,0.3535235426054273
2020,86339,TWRS,CROWN CASTLE INTERNATIONAL CORP,300.0,0.02924578,0.0121752683556837,0.1599049263351852,18.028376077756835,0.1549173404132111,0.1549173404132111
2021,86339,TWRS,CROWN CASTLE INTERNATIONAL CORP,312.0,0.028331278,0.011104964005004,0.1572659791325124,18.18062273439296,0.3501949801452628,0.3501949801452628
2022,86339,TWRS,CROWN CASTLE INTERNATIONAL CORP,324.0,0.035197582,0.0146014113907819,0.303192762011561,18.078110540681426,-0.3249048924556885,-0.3249048924556885
2023,86339,TWRS,CROWN CASTLE INTERNATIONAL CORP,336.0,0.054115664,0.0146014113907819,0.4238705477471114,17.72191813824215,-0.1022440168019502,-0.1022440168019502
2024,86339,TWRS,CROWN CASTLE INTERNATIONAL CORP,348.0,0.059731226,0.014394855841602,0.5350761261384397,17.635764817700938,-0.1627143700308501,-0.1627143700308501
2004,86365,APO,AMERICAN COMMUNITY PPTYS TR,108.0,0.015366405,0.0123946464340546,0.2923569307858394,10.981457336865082,0.5405863369410564,0.5405863369410564
2005,86365,APO,AMERICAN COMMUNITY PPTYS TR,120.0,0.021481665,0.0159414778728987,0.2594300402269892,11.4500752356123,0.6413812445322757,0.6413812445322757
2006,86365,APO,AMERICAN COMMUNITY PPTYS TR,132.0,0.037211873,0.0179278095631518,0.2374648362991428,11.555902400533425,0.0354292776053597,0.0354292776053597
2007,86365,APO,AMERICAN COMMUNITY PPTYS TR,144.0,0.022193274,0.0209806530654755,0.1395144285697331,11.62215745875436,0.0200398949926587,0.0200398949926587
2008,86365,APO,AMERICAN COMMUNITY PPTYS TR,156.0,0.008379663,0.0105294854978057,0.3053788685770336,10.99817076781929,-0.6042861370447684,-0.6042861370447684
2009,86365,APO,AMERICAN COMMUNITY PPTYS TR,167.0,0.016560648,0.0087635626315641,0.8873198392920115,10.38532316563358,0.7400855480818527,0.7400855480818527
2017,86996,SBAC,S B A COMMUNICATIONS CORP,252.0,0.0,0.0228755433810207,0.397124047044916,16.617380835049957,0.551710208487465,0.551710208487465
2018,86996,SBAC,S B A COMMUNICATIONS CORP NEW,264.0,0.0,0.0253847177634336,0.4449729217347454,16.743555633942908,-0.0088576072490574,-0.0088576072490574
2019,86996,SBAC,S B A COMMUNICATIONS CORP NEW,276.0,0.0008943424,0.0234966265630502,0.4252594903288215,17.033473894196273,0.4931300414853301,0.4931300414853301
2020,86996,SBAC,S B A COMMUNICATIONS CORP NEW,288.0,0.0051221685,0.019406672615139,0.1975157294473876,17.28968861887975,0.1780062498589147,0.1780062498589147
2021,86996,SBAC,S B A COMMUNICATIONS CORP NEW,300.0,0.00668882,0.0239378408708098,-0.0178495944112635,17.35949792503633,0.3889681198509473,0.3889681198509473
2022,86996,SBAC,S B A COMMUNICATIONS CORP NEW,312.0,0.008354175,0.029282646111556,0.1483588630301086,17.33693446236308,-0.2730948419514223,-0.2730948419514223
2023,86996,SBAC,S B A COMMUNICATIONS CORP NEW,324.0,0.013221736,0.027809537307351,0.2643333284881267,17.0680187740421,-0.081939718767022,-0.081939718767022
2024,86996,SBAC,S B A COMMUNICATIONS CORP NEW,336.0,0.0172221,0.0325728608860661,0.3399528441791413,16.9524793456122,-0.1820413661086538,-0.1820413661086538
2004,88373,NNN,N N N REIT INC,243.0,0.06527153,0.0156678292110284,0.1423045975486103,13.7598721887896,0.2439695412947418,0.2439695412947418
2005,88373,NNN,N N N REIT INC,255.0,0.065112196,0.0158934136645762,0.2511469910836238,13.85799729617058,0.0565559687262549,0.0565559687262549
2006,88373,NNN,N N N REIT INC,267.0,0.057380483,0.0124222464051522,0.2704000663401498,14.043250130963576,0.1966798530961859,0.1966798530961859
2007,88373,NNN,N N N REIT INC,279.0,0.053425092,0.0126338394137211,0.4326938889563667,14.27316088256972,0.0805619010039619,0.0805619010039619
2008,88373,NNN,N N N REIT INC,291.0,0.06896964,0.0134038466229028,0.7099695098025269,14.2392060523852,-0.2113636275784689,-0.2113636275784689
2009,88373,NNN,N N N REIT INC,303.0,0.08108074,0.0132761383975255,0.8896625031396012,14.188311586682827,0.3433847603982034,0.3433847603982034
2010,88373,NNN,N N N REIT INC,315.0,0.06313088,0.0076174787066288,0.8812722387412917,14.48689371727955,0.3318980094294423,0.3318980094294423
2011,88373,NNN,N N N REIT INC,327.0,0.05602457,0.0107440697780628,0.8005993805539487,14.648712390392133,0.0557412772169341,0.0557412772169341
2012,88373,NNN,N N N REIT INC,339.0,0.04956409,0.0115410579346018,0.7243954285007743,14.947133742206608,0.2481621379295633,0.2481621379295633
2013,88373,NNN,N N N REIT INC,351.0,0.044557735,0.0131925565015867,0.688833830413465,15.202901663242937,0.0173098303022498,0.0173098303022498
2014,88373,NNN,N N N REIT INC,363.0,0.044160128,0.0131108648918531,0.4758384551125623,15.318244541957505,0.3600373863342294,0.3600373863342294
2015,88373,NNN,N N N REIT INC,375.0,0.042757496,0.0138691733552229,0.2973082057033892,15.449494357716205,0.0625120499235676,0.0625120499235676
2016,88373,NNN,N N N REIT INC,387.0,0.036192905,0.0138916284661374,0.1941959646685595,15.71774467502265,0.146869619316232,0.146869619316232
2017,88373,NNN,N N N REIT INC,399.0,0.04338276,0.0136476545616316,0.2222429229733644,15.641648738644776,0.0204123817616292,0.0204123817616292
2018,88373,NNN,N N N REIT INC,411.0,0.04345661,0.0146430653320008,0.203427340133579,15.718910346256015,0.1776508753063428,0.1776508753063428
2019,88373,NNN,N N N REIT INC,423.0,0.035665605,0.0142299002053754,0.1360645811939202,16.009829515389598,0.1474402128734344,0.1474402128734344
2020,88373,NNN,N N N REIT INC,435.0,0.055365708,0.014655816677246,0.5456729251946163,15.67635282554214,-0.1933571481301261,-0.1933571481301261
2021,88373,NNN,N N N REIT INC,447.0,0.045838848,0.013901219535771,0.7862895451810091,15.88679895387884,0.2309104151345207,0.2309104151345207
2022,88373,NNN,N N N REIT INC,459.0,0.048188385,0.0159528737274847,0.7921298160140654,15.867889556942323,-0.000731044655953,-0.000731044655953
2023,88373,NNN,N N N REIT INC,471.0,0.05222396,0.0175101647889179,0.7991778254963576,15.843162334445273,-0.0071604995093924,-0.0071604995093924
2024,88373,NNN,N N N REIT INC,483.0,0.052388385,0.0173526258884875,0.8965941032631015,15.883791617618312,0.0002735207341049,0.0002735207341049
2004,89368,HTG,HERITAGE PROPERTY INVEST TR INC,72.0,0.06966864,0.012714459686771,0.2597898093082371,14.119553299756994,0.2099093835143559,0.2099093835143559
2005,89368,HTG,HERITAGE PROPERTY INVEST TR INC,84.0,0.06371259,0.012923818359399,0.3378795584843589,14.254560998307278,0.1083169448489949,0.1083169448489949
2006,89368,HTG,HERITAGE PROPERTY INVEST TR INC,93.0,0.055311553,0.0110297239508906,0.4080075562360277,14.376817659193144,0.122892235606937,0.122892235606937
2004,89379,TRZ,TRIZEC PROPERTIES INC,216.0,0.048823208,0.0104674433274629,0.8936514677735715,14.724015295958267,0.2873255725865875,0.2873255725865875
2005,89379,TRZ,TRIZEC PROPERTIES INC,228.0,0.038403336,0.0093667674620077,0.8073136297293867,14.979069158921291,0.2577564794706826,0.2577564794706826
2006,89379,TRZ,TRIZEC PROPERTIES INC,237.0,0.030376583,0.0142982142206511,0.7443366915771669,15.231534570137386,0.2888008613379855,0.2888008613379855
2004,89458,AMY,AMREIT,60.0,0.05995566,0.0065623576464956,0.0272736200069368,10.044138750224024,0.3431009147448403,0.3431009147448403
2005,89458,AMY,AMREIT,72.0,0.049096663,0.008604302255504,0.003566990325235,10.60923431416259,-0.0870340460291597,-0.0870340460291597
2006,89458,AMY,AMREIT,84.0,0.06566607,0.0091111250493104,0.0816724205014357,10.767049733076732,0.2901483993871585,0.2901483993871585
2007,89458,AMY,AMREIT,96.0,0.060325366,0.0087735151214629,0.0969013681388104,10.863109940367533,-0.0870033017497354,-0.0870033017497354
2008,89458,AMY,AMREIT,107.0,0.08753534,0.0017165313268466,0.2448868458738163,10.508586533875109,-0.578726611264652,-0.578726611264652
2004,89496,WRS,WINDROSE MEDICAL PPTYS TR,96.0,0.05006841,0.0094231093663323,0.629299551169384,11.752245318718764,0.223012818647811,0.223012818647811
2005,89496,WRS,WINDROSE MEDICAL PPTYS TR,108.0,0.055846367,0.0109368814329628,0.5327460606431221,12.15190824207167,0.0975631656993591,0.0975631656993591
2006,89496,WRS,WINDROSE MEDICAL PPTYS TR,119.0,0.048055314,0.0096622385850966,0.4842321413308678,12.606309682897887,0.3368650451660204,0.3368650451660204
2004,89556,MPQ,MEREDITH ENTERPRISES INC,60.0,0.06664634,0.0134750691801987,0.3938969204245389,9.569003321677014,0.2201180969223266,0.2201180969223266
2005,89556,MPQ,MEREDITH ENTERPRISES INC,70.0,0.067592256,0.0135694358615281,0.5548403543325691,9.499799718673788,-0.1941849486482703,-0.1941849486482703
2015,89617,EQIX,EQUINIX INC,204.0,0.04197836,0.0107642722122875,0.8187102672307552,16.53178517302766,0.4829473015003227,0.4829473015003227
2016,89617,EQIX,EQUINIX INC,216.0,0.038057156,0.0155722691904804,0.6934848929507581,17.012906515068803,0.2058625738110227,0.2058625738110227
2017,89617,EQIX,EQUINIX INC,228.0,0.017009895,0.014663672263055,0.3124027119588249,17.31960296407251,0.2916471320958029,0.2916471320958029
2018,89617,EQIX,EQUINIX INC,240.0,0.020787366,0.0145162156832264,0.2828364137324551,17.303927749221376,-0.2043606566701857,-0.2043606566701857
2019,89617,EQIX,EQUINIX INC,252.0,0.018478617,0.0155307341347375,0.5093401853593326,17.55769849135422,0.6883161561178002,0.6883161561178002
2020,89617,EQIX,EQUINIX INC,264.0,0.014593882,0.0142980256524035,0.2333493537087616,17.91897327723332,0.2429525926278315,0.2429525926278315
2021,89617,EQIX,EQUINIX INC,276.0,0.014296222,0.0126425376510025,0.0993502252690771,18.05173197789073,0.2025505339498026,0.2025505339498026
2022,89617,EQIX,EQUINIX INC,288.0,0.01738138,0.0142265350010124,0.2552128891234242,17.932871064656776,-0.2117037110426808,-0.2117037110426808
2023,89617,EQIX,EQUINIX INC,300.0,0.017302833,0.0161922493178063,0.3770943528862688,18.072677919561052,0.2531838212808122,0.2531838212808122
2024,89617,EQIX,EQUINIX INC,312.0,0.019432507,0.0167203916440979,0.3619444632930638,18.19867729905942,0.1940102217173251,0.1940102217173251
2004,89646,APRO,AMERICA FIRST APT INV INC,228.0,0.073751785,0.0057843196885834,0.4237859128147215,11.375910108708627,0.1611421595884359,0.1611421595884359
2005,89646,APRO,AMERICA FIRST APT INV INC,240.0,0.07827898,0.000894896388096,0.3379194394242867,11.78877878255302,0.2677381826016209,0.2677381826016209
2006,89646,APRO,AMERICA FIRST APT INV INC,252.0,0.063276954,0.0069292454867902,0.241541033846268,12.061515421184454,0.3869603596044004,0.3869603596044004
2007,89646,APRO,AMERICA FIRST APT INV INC,260.0,0.047150213,0.0078319193281868,0.2278793373464357,12.409033874484638,0.4055520541134907,0.4055520541134907
2004,89768,MPG,M P G OFFICE TRUST INC,84.0,0.05920509,0.0074575124077513,,13.881912046887727,0.2025578922234792,0.2025578922234792
2005,89768,MPG,M P G OFFICE TRUST INC,96.0,0.05711578,0.010020193915236,0.7373904538613508,14.010745196088571,0.1909184032109994,0.1909184032109994
2006,89768,MPG,M P G OFFICE TRUST INC,108.0,0.041500114,0.0080072370382537,0.7629627736519106,14.371581142395236,0.3499379387162136,0.3499379387162136
2007,89768,MPG,M P G OFFICE TRUST INC,120.0,0.05095291,0.0075949394846521,0.8779457894606182,14.217695345088297,-0.2240737482429791,-0.2240737482429791
2008,89768,MPG,M P G OFFICE TRUST INC,132.0,0.14678136,5.538920608580663e-05,1.424982235544238,12.939616283759756,-0.6042861370447684,-0.6042861370447684
2009,89768,MPG,M P G OFFICE TRUST INC,144.0,0.05024852,-0.0076372524779906,1.829838990929816,11.186623584537193,1.0233536316810323,1.0233536316810323
2010,89768,MPG,M P G OFFICE TRUST INC,156.0,0.0,-0.0052855386603212,2.1328425625693863,11.717091882301547,0.8209354596438054,0.8209354596438054
2011,89768,MPG,M P G OFFICE TRUST INC,168.0,0.0,0.0064938246595473,2.2261266801898394,11.855245831855242,-0.2763351357727898,-0.2763351357727898
2012,89768,MPG,M P G OFFICE TRUST INC,180.0,0.0,0.0177116256372917,2.219633457905354,11.845588282362158,0.5473938859136778,0.5473938859136778
2013,89768,MPG,M P G OFFICE TRUST INC,189.0,0.0,0.054363603876268,2.156037821667125,12.056968166916688,0.0162282926873593,0.0162282926873593
2004,89803,AHT,ASHFORD HOSPITALITY TRUST INC,84.0,0.027172467,0.0030639126995116,,12.38083200342026,0.2124452252801105,0.2124452252801105
2005,89803,AHT,ASHFORD HOSPITALITY TRUST INC,96.0,0.044504646,0.0098908789653651,0.6431192018214648,12.97569144409403,0.0315168161102819,0.0315168161102819
2006,89803,AHT,ASHFORD HOSPITALITY TRUST INC,108.0,0.049791243,0.0114686713562059,0.7896991902876577,13.5652242542683,0.2655403430848055,0.2655403430848055
2007,89803,AHT,ASHFORD HOSPITALITY TRUST INC,120.0,0.06134289,0.0123763583456569,0.8585735498540767,13.941235751508144,-0.3715624230978723,-0.3715624230978723
2008,89803,AHT,ASHFORD HOSPITALITY TRUST INC,132.0,0.28332832,0.0090838598960561,1.274780798681927,12.980445626060224,-0.6042861370447684,-0.6042861370447684
2009,89803,AHT,ASHFORD HOSPITALITY TRUST INC,144.0,0.21222718,0.0141498162888587,2.190522013237298,12.266845299730372,1.0233536316810323,1.0233536316810323
2010,89803,AHT,ASHFORD HOSPITALITY TRUST INC,156.0,0.0,-0.004514639601527,2.433175537753516,12.971043178320588,1.0233536316810323,1.0233536316810323
2011,89803,AHT,ASHFORD HOSPITALITY TRUST INC,168.0,0.019747315,0.0064202151544952,2.439810361590365,13.361774906890602,-0.1340084324479507,-0.1340084324479507
2012,89803,AHT,ASHFORD HOSPITALITY TRUST INC,180.0,0.047995374,0.0042721953954785,2.384737993564754,13.290133002951734,0.3791619097866927,0.3791619097866927
2013,89803,AHT,ASHFORD HOSPITALITY TRUST INC,192.0,0.038624156,0.0062576378699962,2.3697355845165027,13.658949510955892,0.2339364026127219,0.2339364026127219
2014,89803,AHT,ASHFORD HOSPITALITY TRUST INC,204.0,0.04202521,0.0079652495754136,1.9549509461930303,13.751422794919288,0.4059494389474929,0.4059494389474929
2015,89803,AHT,ASHFORD HOSPITALITY TRUST INC,216.0,0.057702232,0.0068153890773184,1.6963142448987814,13.588487464951742,-0.3107801632136525,-0.3107801632136525
2016,89803,AHT,ASHFORD HOSPITALITY TRUST INC,228.0,0.08071659,0.00757497874298,1.6540114705920022,13.266643845315992,0.3273335960891055,0.3273335960891055
2017,89803,AHT,ASHFORD HOSPITALITY TRUST INC,240.0,0.073200814,0.0056128971610777,1.6321435606763524,13.359839126626383,-0.0663701483407747,-0.0663701483407747
2018,89803,AHT,ASHFORD HOSPITALITY TRUST INC,252.0,0.078358464,0.0051157152611574,1.674181640718772,13.32202042348563,-0.35539880508321,-0.35539880508321
2019,89803,AHT,ASHFORD HOSPITALITY TRUST INC,264.0,0.115656696,0.0037628450762339,1.6777022543213436,12.814063584908236,-0.2311369162990713,-0.2311369162990713
2020,89803,AHT,ASHFORD HOSPITALITY TRUST INC,276.0,0.1988273,0.0022033212231119,1.8857012119727616,11.15653609554726,-0.6042861370447684,-0.6042861370447684
2021,89803,AHT,ASHFORD HOSPITALITY TRUST INC,288.0,0.0,-0.0088017055317931,2.5646380189526954,12.861702288393102,-0.6042861370447684,-0.6042861370447684
2022,89803,AHT,ASHFORD HOSPITALITY TRUST INC,300.0,0.0,-0.0015023505175487,2.6168459647457207,12.424095623936074,-0.5343206182223434,-0.5343206182223434
2023,89803,AHT,ASHFORD HOSPITALITY TRUST INC,312.0,0.0,0.0022283008634979,2.7943792203140365,11.631742266747466,-0.5660428611024726,-0.5660428611024726
2024,89803,AHT,ASHFORD HOSPITALITY TRUST INC,324.0,0.0,-0.0029661572982812,2.7974964511333567,10.81059000586662,-0.3796893833123425,-0.3796893833123425
2004,89953,HIH,HIGHLAND HOSPITALITY CORP,72.0,0.023608452,0.0004809157048889,,12.98399520604307,0.0658938611987172,0.0658938611987172
2005,89953,HIH,HIGHLAND HOSPITALITY CORP,84.0,0.043721274,0.0061832580090794,0.4029530179731754,13.054078327665785,0.0366246474942344,0.0366246474942344
2006,89953,HIH,HIGHLAND HOSPITALITY CORP,96.0,0.042620216,0.0109778523911091,0.4928889130701826,13.569198145168116,0.3608299904715963,0.3608299904715963
2007,89953,HIH,HIGHLAND HOSPITALITY CORP,102.0,0.042538885,0.012310359388735,0.4681385754178819,13.9088126162532,0.3647704128321614,0.3647704128321614
2004,89987,GPP,GOVERNMENT PROPERTIES TRUST INC,48.0,0.05163891,0.0042763079549352,,12.31003894169641,-0.2115810567512475,-0.2115810567512475
2005,89987,GPT,GOVERNMENT PROPERTIES TRUST INC,60.0,0.063080944,0.0032966180884655,0.688713875699081,12.190812129642811,0.005962168060551,0.005962168060551
2006,89987,GPT,GOVERNMENT PROPERTIES TRUST INC,72.0,0.060661677,0.0054179049621329,0.4978132761475515,12.173794890823888,0.1949163429702447,0.1949163429702447
2007,89987,GPT,GOVERNMENT PROPERTIES TRUST INC,75.0,0.04467697,0.0077146399467012,0.5856524943591306,12.305622548469358,0.0201183148520001,0.0201183148520001
2004,90037,ARC,AFFORDABLE RESIDENTIAL CMNTYS IN,48.0,0.07564142,0.0006137116298199,,13.36252426609428,-0.1861703268586845,-0.1861703268586845
2005,90037,HTH,HILLTOP HOLDINGS INC,60.0,0.08683186,0.0015481362818662,0.4414799057661059,13.064153625858095,-0.3098986803394477,-0.3098986803394477
2006,90037,HTH,HILLTOP HOLDINGS INC,66.0,0.026795596,-0.00794499244851,0.3507274455991608,12.926289240228954,0.1280211771986978,0.1280211771986978
2010,90092,SBRA,SABRA HEALTHCARE REIT INC,210.0,0.022574259,,0.6463521547720603,13.00073819907848,0.0791999999999999,0.0791999999999999
2011,90092,SBRA,SABRA HEALTHCARE REIT INC,222.0,0.049051967,0.0121209316623393,0.668258059513592,12.905975903785851,-0.2918067408174117,-0.2918067408174117
2012,90092,SUNH,SUN HEALTHCARE GROUP INC,234.0,0.063986175,0.0153128076986796,0.7640258425863283,13.399767561115809,0.9354108911649984,0.9354108911649984
2013,90092,SUNH,SUN HEALTHCARE GROUP INC,246.0,0.05209824,0.0165488820166129,0.7820345482004257,13.79562439378092,0.2693777148798799,0.2693777148798799
2014,90092,SUNH,SUN HEALTHCARE GROUP INC,258.0,0.04499112,0.0093586846327811,0.9391981350337624,14.088222737893217,0.2243348647216114,0.2243348647216114
2015,90092,SUNH,SUN HEALTHCARE GROUP INC,270.0,0.05448835,0.0145517473335673,1.174432375985755,14.309811439230286,-0.290654360286313,-0.290654360286313
2016,90092,SUNH,SUN HEALTHCARE GROUP INC,282.0,0.07415659,0.0139383488683951,1.1570733179987729,14.177663532304967,0.3015325264903945,0.3015325264903945
2017,90092,SUNH,SUN HEALTHCARE GROUP INC,294.0,0.057504084,0.018434012413843,0.9820806265358452,14.56325904596314,-0.1732344628674673,-0.1732344628674673
2018,90092,SUNH,SUN HEALTHCARE GROUP INC,306.0,0.075025976,0.0127504543398492,0.8799201210801906,15.076240667363486,-0.0395909792931734,-0.0395909792931734
2019,90092,SUNH,SUN HEALTHCARE GROUP INC,318.0,0.083914466,0.01172912296996,1.0401415192259749,15.173671211477638,0.4142153432914695,0.4142153432914695
2020,90092,SUNH,SUN HEALTHCARE GROUP INC,330.0,0.10473177,0.016538751361853,1.2595797514565106,14.944940288933235,-0.1156069080693709,-0.1156069080693709
2021,90092,SUNH,SUN HEALTHCARE GROUP INC,342.0,0.07260361,0.0142699565581057,1.346844178498478,15.082860599255502,-0.1590451110182985,-0.1590451110182985
2022,90092,SUNH,SUN HEALTHCARE GROUP INC,354.0,0.0868865,0.0109929406472478,1.2774160056833033,14.962498778826976,0.0004414241343073,0.0004414241343073
2023,90092,SUNH,SUN HEALTHCARE GROUP INC,366.0,0.09464348,0.0120855085234688,1.2002464146635043,14.894523197826112,0.2627070584605497,0.2627070584605497
2024,90092,SUNH,SUN HEALTHCARE GROUP INC,378.0,0.07509547,0.0137120776583588,1.1070436395842316,15.133660031147684,0.3083893049372357,0.3083893049372357
2004,90206,GSL,GLOBAL SIGNAL INC,48.0,,0.0138888636499926,,13.99474440048577,0.2808608180049787,0.2808608180049787
2005,90206,GSL,GLOBAL SIGNAL INC,60.0,0.03347269,0.0156523766416872,,14.624551433724386,0.6488956823181331,0.6488956823181331
2006,90206,GSL,GLOBAL SIGNAL INC,72.0,0.03945219,0.0041995403011418,1.4744509434462358,15.05045166846436,0.2726976582387228,0.2726976582387228
2004,90208,IRC,INLAND REAL ESTATE CORP,60.0,,0.0162711234592862,,13.78479537730541,0.2659754450958114,0.2659754450958114
2005,90208,IRC,INLAND REAL ESTATE CORP,72.0,0.059799057,0.0174694627985826,,13.851883688743976,-0.0133032731252139,-0.0133032731252139
2006,90208,IRC,INLAND REAL ESTATE CORP,84.0,0.05924368,0.0160538250043549,0.490856723700959,13.916467622141376,0.342395913477268,0.342395913477268
2007,90208,IRC,INLAND REAL ESTATE CORP,96.0,0.05956607,0.0160175136276121,0.5491053899200272,13.900087703281706,-0.197498812412426,-0.197498812412426
2008,90208,IRC,INLAND REAL ESTATE CORP,108.0,0.06971335,0.017387852458772,0.5687410275487473,13.742382264686354,-0.0169407355464406,-0.0169407355464406
2009,90208,IRC,INLAND REAL ESTATE CORP,120.0,0.09881193,0.0165900192840125,0.7178235062510813,13.344194724202294,-0.3144993053135461,-0.3144993053135461
2010,90208,IRC,INLAND REAL ESTATE CORP,132.0,0.06765621,0.01244779654895,0.7314750874605483,13.496590623367908,0.1545735529379099,0.1545735529379099
2011,90208,IRC,INLAND REAL ESTATE CORP,144.0,0.06637617,0.011656397559865,0.7551706136165505,13.532033454604829,-0.0751932059894661,-0.0751932059894661
2012,90208,IRC,INLAND REAL ESTATE CORP,156.0,0.06815528,0.0127352837078091,0.7647801965060301,13.520043997212964,0.1786248638747114,0.1786248638747114
2013,90208,IRC,INLAND REAL ESTATE CORP,168.0,0.05332719,0.017377627511922,0.8116934356662001,13.800194386671718,0.3273094654551773,0.3273094654551773
2014,90208,IRC,INLAND REAL ESTATE CORP,180.0,0.053786177,0.015134010682714,0.804617742324602,13.866980970301563,0.0984019526118047,0.0984019526118047
2015,90208,IRC,INLAND REAL ESTATE CORP,192.0,0.058392525,0.0159679188671249,0.7692784296439301,13.798573106332997,0.0281262780377267,0.0281262780377267
2016,90208,IRC,INLAND REAL ESTATE CORP,194.0,0.053461675,0.0153458773460356,0.6643083390861578,13.884575452536268,0.0070251799999998,0.0070251799999998
2004,90217,BEE,STRATEGIC HOTELS & RESORTS INC,36.0,,0.0067006341444329,,12.906087236476946,0.156065431085189,0.156065431085189
2005,90217,SLH,STRATEGIC HOTEL CAPITAL INC,48.0,0.039862227,0.0076939424955323,,13.292820188599258,0.3108259036830609,0.3108259036830609
2006,90217,SLH,STRATEGIC HOTEL CAPITAL INC,60.0,0.03173126,0.0082139248753134,1.305159133031759,14.19640214458378,0.1050791248968083,0.1050791248968083
2007,90217,SLH,STRATEGIC HOTEL CAPITAL INC,72.0,0.04483531,0.0076977603670987,1.3202964683663885,14.261357008843213,-0.1954207422280391,-0.1954207422280391
2008,90217,SLH,STRATEGIC HOTEL CAPITAL INC,84.0,0.19848962,0.0046029632264571,1.7219715729836589,13.204185285681538,-0.6042861370447684,-0.6042861370447684
2009,90217,SLH,STRATEGIC HOTEL CAPITAL INC,96.0,0.16996254,-0.0107023472425132,2.264622184096869,11.638046586102671,0.8057478565910585,0.8057478565910585
2010,90217,SLH,STRATEGIC HOTEL CAPITAL INC,108.0,0.0,-0.0137507957309227,2.585981198861914,13.108371917941769,1.0233536316810323,1.0233536316810323
2011,90217,SLH,STRATEGIC HOTEL CAPITAL INC,120.0,0.0,-0.0099519572945639,2.6573453689737785,13.814974909331111,0.0151030638135816,0.0151030638135816
2012,90217,SLH,STRATEGIC HOTEL CAPITAL INC,132.0,0.0,-0.0006885970392675,2.6122870010515737,14.03122122181525,0.1917928674381794,0.1917928674381794
2013,90217,SLH,STRATEGIC HOTEL CAPITAL INC,144.0,0.0,0.0047820051232056,2.573743442524522,14.353986133873958,0.4765426904959529,0.4765426904959529
2014,90217,SLH,STRATEGIC HOTEL CAPITAL INC,156.0,0.0,0.0107887600529255,2.5215459409367567,14.790470916072053,0.39993554156265,0.39993554156265
2015,90217,SLH,STRATEGIC HOTEL CAPITAL INC,167.0,0.0,0.0127215268120858,1.80493895763662,15.099776029555214,0.0703236914058713,0.0703236914058713
2004,90300,ACC,AMERICAN CAMPUS COMMUNITIES INC,36.0,,0.0121095333458371,,12.394944226170049,0.2807290700163429,0.2807290700163429
2005,90300,ACC,AMERICAN CAMPUS COMMUNITIES INC,48.0,0.03800716,0.009027787677487,,12.742144518898812,0.1705584296809712,0.1705584296809712
2006,90300,ACC,AMERICAN CAMPUS COMMUNITIES INC,60.0,0.04638059,0.0087972562869641,0.7962022663074534,13.093584762644232,0.2084534785230789,0.2084534785230789
2007,90300,ACC,AMERICAN CAMPUS COMMUNITIES INC,72.0,0.043279376,0.0069262787041174,0.8701675113158936,13.44629505766065,-0.011327037052503,-0.011327037052503
2008,90300,ACC,AMERICAN CAMPUS COMMUNITIES INC,84.0,0.041086007,0.0092518396875209,0.7773175912190057,13.81143175331195,-0.1981738602488377,-0.1981738602488377
2009,90300,ACC,AMERICAN CAMPUS COMMUNITIES INC,96.0,0.05418614,0.0059582654321021,0.8232855570179369,13.926408000554543,0.4573236506900182,0.4573236506900182
2010,90300,ACC,AMERICAN CAMPUS COMMUNITIES INC,108.0,0.04260622,0.0082963691182169,0.7593867904447298,14.32207167610555,0.1841583786562566,0.1841583786562566
2011,90300,ACC,AMERICAN CAMPUS COMMUNITIES INC,120.0,0.035547625,0.0119694222539288,0.7135981772893462,14.73020750969759,0.3707182206995647,0.3707182206995647
2012,90300,ACC,AMERICAN CAMPUS COMMUNITIES INC,132.0,0.026985867,0.0118286985331957,0.6311325331952881,15.146913438247566,0.1336995726776755,0.1336995726776755
2013,90300,ACC,AMERICAN CAMPUS COMMUNITIES INC,144.0,0.03460427,0.0107116664153224,0.5980304616839806,15.214255459567738,-0.2747479931774246,-0.2747479931774246
2014,90300,ACC,AMERICAN CAMPUS COMMUNITIES INC,156.0,0.038199216,0.0110338107114228,0.2749033887911534,15.20602428701177,0.3347658615320037,0.3347658615320037
2015,90300,ACC,AMERICAN CAMPUS COMMUNITIES INC,168.0,0.03823622,0.0113349114092944,0.1099138469127812,15.29963148486488,0.0414435091987925,0.0414435091987925
2016,90300,ACC,AMERICAN CAMPUS COMMUNITIES INC,180.0,0.031851213,0.0113733142362127,0.1119190818174653,15.64661542159322,0.2471649338538444,0.2471649338538444
2017,90300,ACC,AMERICAN CAMPUS COMMUNITIES INC,192.0,0.036485843,0.0121824029415916,0.028699764385792,15.641913630218356,-0.1446824561394358,-0.1446824561394358
2018,90300,ACC,AMERICAN CAMPUS COMMUNITIES INC,204.0,0.044069488,0.0119273493380468,0.0630907688059481,15.52358769462685,0.0549828936212173,0.0549828936212173
2019,90300,ACC,AMERICAN CAMPUS COMMUNITIES INC,216.0,0.040159058,0.0119106491002572,0.2771160989347447,15.680090839870887,0.1823520746771381,0.1823520746771381
2020,90300,ACC,AMERICAN CAMPUS COMMUNITIES INC,228.0,0.05167376,0.0114982309325177,0.7712428164618644,15.434180810655189,-0.043815050469556,-0.043815050469556
2021,90300,ACC,AMERICAN CAMPUS COMMUNITIES INC,240.0,0.039401386,0.0088386392416042,0.8319000528426668,15.703776818695651,0.3935466422021942,0.3935466422021942
2022,90300,ACC,AMERICAN CAMPUS COMMUNITIES INC,247.0,0.026935875,0.0083966134980188,0.7983957213092207,15.941494581652586,0.1500486623374066,0.1500486623374066
2004,90301,BMR,BIOMED REALTY TRUST INC,36.0,,0.0263753429595658,,13.27132564648141,0.2772337412200727,0.2772337412200727
2005,90301,BMR,BIOMED REALTY TRUST INC,48.0,0.033868223,0.0127622465148336,,13.72004352129948,0.1503965224238654,0.1503965224238654
2006,90301,BMR,BIOMED REALTY TRUST INC,60.0,0.033290964,0.0078964196178702,1.1032664013445423,14.316425676684426,0.2187938149669677,0.2187938149669677
2007,90301,BMR,BIOMED REALTY TRUST INC,72.0,0.04636332,0.0103033669379879,1.133161845271837,14.32287853093002,-0.1481637746289238,-0.1481637746289238
2008,90301,BMR,BIOMED REALTY TRUST INC,84.0,0.061996296,0.0105436852472753,1.0885453448897404,14.209073038320144,-0.458352800507868,-0.458352800507868
2009,90301,BMR,BIOMED REALTY TRUST INC,96.0,0.091188334,0.0114999877225395,1.611306261973426,13.86120113199057,0.4521040374639966,0.4521040374639966
2010,90301,BMR,BIOMED REALTY TRUST INC,108.0,0.030491507,0.0106974825299574,1.593839112286699,14.492892119670527,0.2254316238658646,0.2254316238658646
2011,90301,BMR,BIOMED REALTY TRUST INC,120.0,0.03724822,0.010292707846942,1.5462400300104786,14.732442234719754,0.0129290273115409,0.0129290273115409
2012,90301,BMR,BIOMED REALTY TRUST INC,132.0,0.041973885,0.0103618365823706,1.4628578080752994,14.882632186452431,0.1196922177520718,0.1196922177520718
2013,90301,BMR,BIOMED REALTY TRUST INC,144.0,0.042215433,0.0113246455378976,1.4701955359720795,15.120886091325628,-0.0159235763351335,-0.0159235763351335
2014,90301,BMR,BIOMED REALTY TRUST INC,156.0,0.04700232,0.0124186333684066,0.9974177173782558,15.229513205480968,0.2641430417136461,0.2641430417136461
2015,90301,BMR,BIOMED REALTY TRUST INC,168.0,0.058357894,0.0129179952138047,0.6624042259516663,15.297264233217405,0.1424102497466548,0.1424102497466548
2004,90305,EXR,EXTRA SPACE STORAGE INC,72.0,,0.0013259343956193,,12.930981130714104,-0.0088810253014481,-0.0088810253014481
2005,90305,EXR,EXTRA SPACE STORAGE INC,84.0,0.050163187,0.0059142590167567,,13.118809137820769,0.2289242132714628,0.2289242132714628
2006,90305,EXR,EXTRA SPACE STORAGE INC,96.0,0.046372343,0.0084103337071915,0.7172455177621522,13.729654442540667,0.2497893058699365,0.2497893058699365
2007,90305,EXR,EXTRA SPACE STORAGE INC,108.0,0.053646322,0.0104942692373166,0.8247305882700541,13.88249540973868,-0.1710560407603373,-0.1710560407603373
2008,90305,EXR,EXTRA SPACE STORAGE INC,120.0,0.06431329,0.009518521670748,0.783223203022336,13.887586954311756,-0.224331733026156,-0.224331733026156
2009,90305,EXR,EXTRA SPACE STORAGE INC,132.0,0.09390646,0.0128316090227338,1.076718003747298,13.50277073906399,0.1834590888055243,0.1834590888055243
2010,90305,EXR,EXTRA SPACE STORAGE INC,144.0,0.023661716,0.0068988468776001,1.1427559968599843,14.051128776524031,0.5476835423101718,0.5476835423101718
2011,90305,EXR,EXTRA SPACE STORAGE INC,156.0,0.021486506,0.0101409123506961,1.1296782266407712,14.489839811840456,0.4299867533671822,0.4299867533671822
2012,90305,EXR,EXTRA SPACE STORAGE INC,168.0,0.020300595,0.0128716728961367,1.117524313558626,14.977572131289548,0.5418241852171821,0.5418241852171821
2013,90305,EXR,EXTRA SPACE STORAGE INC,180.0,0.025155509,0.0155468200918834,1.1324398829918028,15.356938059090988,0.1978988704622126,0.1978988704622126
2014,90305,EXR,EXTRA SPACE STORAGE INC,192.0,0.030793639,0.0161807821239834,0.9470411160021518,15.624339311721949,0.4402293634824437,0.4402293634824437
2015,90305,EXR,EXTRA SPACE STORAGE INC,204.0,0.026646262,0.0188939491571047,0.7489141760417133,15.989614482878194,0.5505737275653733,0.5505737275653733
2016,90305,EXR,EXTRA SPACE STORAGE INC,216.0,0.03036566,0.0153350450404468,0.4846130033841514,16.159631553864152,-0.0937473676884043,-0.0937473676884043
2017,90305,EXR,EXTRA SPACE STORAGE INC,228.0,0.03912245,0.0193032103039958,0.1132945223414876,16.111853354860962,0.1770178259872006,0.1770178259872006
2018,90305,EXR,EXTRA SPACE STORAGE INC,240.0,0.035235528,0.0206076875121885,0.0028651405677442,16.25455139838286,0.0733697865325144,0.0733697865325144
2019,90305,EXR,EXTRA SPACE STORAGE INC,252.0,0.03212334,0.0201102594362763,0.0659573520011458,16.435337528466587,0.2067227945509246,0.2067227945509246
2020,90305,EXR,EXTRA SPACE STORAGE INC,264.0,0.03482895,0.0202026823848747,0.0766162274148552,16.40848276480944,0.1361455425872118,0.1361455425872118
2021,90305,EXR,EXTRA SPACE STORAGE INC,276.0,0.023741761,0.0210873780406617,0.0913694751376454,16.891460824854367,1.0096002844046437,1.0096002844046437
2022,90305,EXR,EXTRA SPACE STORAGE INC,288.0,0.029703422,0.0260794587454028,0.2461836874112702,17.002378837712538,-0.3278975098331229,-0.3278975098331229
2023,90305,EXR,EXTRA SPACE STORAGE INC,300.0,0.038503822,0.0255151808472345,0.3681170766887248,16.989025494074763,0.1372678437067258,0.1372678437067258
2024,90305,EXR,EXTRA SPACE STORAGE INC,312.0,0.03852838,0.0167302938122339,0.5774059881332063,17.306507612616674,-0.0276939469313121,-0.0276939469313121
2004,90307,KRG,KITE REALTY GROUP TRUST,36.0,,0.0074919920121158,,12.457416181846565,0.1756562858759602,0.1756562858759602
2005,90307,KRG,KITE REALTY GROUP TRUST,48.0,0.038531303,0.0071030483441764,,12.695343586964654,0.0518513009548629,0.0518513009548629
2006,90307,KRG,KITE REALTY GROUP TRUST,60.0,0.041073833,0.0104720937872504,0.7391371187188372,13.059811674283615,0.260862529394261,0.260862529394261
2007,90307,KRG,KITE REALTY GROUP TRUST,72.0,0.04261686,0.0098452238157418,0.8982358112381609,13.178214328924092,-0.1438640806389942,-0.1438640806389942
2008,90307,KRG,KITE REALTY GROUP TRUST,84.0,0.08413035,0.0089244773808233,1.2144311870286673,12.62260154770138,-0.6042861370447684,-0.6042861370447684
2009,90307,KRG,KITE REALTY GROUP TRUST,96.0,0.14029364,0.0074372380677524,1.5681904732596526,12.073977859909204,-0.1742771726978076,-0.1742771726978076
2010,90307,KRG,KITE REALTY GROUP TRUST,108.0,0.053253382,0.0053222757374067,1.6510111764204236,12.581444701154494,0.4003007742701352,0.4003007742701352
2011,90307,KRG,KITE REALTY GROUP TRUST,120.0,0.0513767,0.0060502787655716,1.673439121996652,12.606007692045084,-0.1233251656056592,-0.1233251656056592
2012,90307,KRG,KITE REALTY GROUP TRUST,132.0,0.045215715,0.0066706472762628,1.611406902171815,12.747870007238776,0.2981342635118875,0.2981342635118875
2013,90307,KRG,KITE REALTY GROUP TRUST,144.0,0.033155125,0.0070121443642326,1.5669883139213872,13.27455719109287,0.2215454731578248,0.2215454731578248
2014,90307,KRG,KITE REALTY GROUP TRUST,156.0,0.025540033,0.0078298109926084,1.301977343066474,14.094590517060958,0.1385945513582218,0.1385945513582218
2015,90307,KRG,KITE REALTY GROUP TRUST,168.0,0.035606507,0.009092862369157,0.927055272159263,14.60545826828028,-0.0616929519466988,-0.0616929519466988
2016,90307,KRG,KITE REALTY GROUP TRUST,180.0,0.041568395,0.0119861740626562,0.6451662887669524,14.621033594095456,-0.0560166723973333,-0.0560166723973333
2017,90307,KRG,KITE REALTY GROUP TRUST,192.0,0.05880856,0.0116410918094521,0.3895199694564971,14.342008756019045,-0.1155222748469232,-0.1155222748469232
2018,90307,KRG,KITE REALTY GROUP TRUST,204.0,0.07818614,0.0124303464941014,0.4179549026767056,14.105964602585235,-0.222422584921035,-0.222422584921035
2019,90307,KRG,KITE REALTY GROUP TRUST,216.0,0.08407632,0.0127942373423652,0.7862260708039326,14.134374130393118,0.5243708828669451,0.5243708828669451
2020,90307,KRG,KITE REALTY GROUP TRUST,228.0,0.08588835,0.0110345216144021,1.1298908431376062,13.822238081645873,-0.1979214617348731,-0.1979214617348731
2021,90307,KRG,KITE REALTY GROUP TRUST,240.0,0.023283625,0.009964262070724,1.421652717838496,14.580266873622216,0.5079155953467365,0.5079155953467365
2022,90307,KRG,KITE REALTY GROUP TRUST,252.0,0.029456591,0.0083662765052134,1.3694047793920383,15.313805119514294,0.005516751066825,0.005516751066825
2023,90307,KRG,KITE REALTY GROUP TRUST,264.0,0.042665318,0.0151221432050276,1.323758962853517,15.36909521185104,0.1349504434722475,0.1349504434722475
2024,90307,KRG,KITE REALTY GROUP TRUST,276.0,0.041657727,0.015950992614285,1.246879596887746,15.467610929281868,0.1529307975861549,0.1529307975861549
2004,90373,DLR,DIGITAL REALTY TRUST INC,36.0,,,,12.470263017150662,0.1354980699999999,0.1354980699999999
2005,90373,DLR,DIGITAL REALTY TRUST INC,48.0,0.038334046,0.0069269582367697,,12.917968376176743,0.7767374486086445,0.7767374486086445
2006,90373,DLR,DIGITAL REALTY TRUST INC,60.0,0.029693762,0.0116233888081866,0.9861961846359012,13.828867510438473,0.5692833947551368,0.5692833947551368
2007,90373,DLR,DIGITAL REALTY TRUST INC,72.0,0.023965323,0.0112336700330805,1.0311565529154658,14.62478224462638,0.1551234885284775,0.1551234885284775
2008,90373,DLR,DIGITAL REALTY TRUST INC,84.0,0.030393176,0.0143322611674701,1.1992061959524338,14.77299970173535,-0.1153366326742322,-0.1153366326742322
2009,90373,DLR,DIGITAL REALTY TRUST INC,96.0,0.032552704,0.0169403780181664,1.039596703411502,14.906095720220796,0.5862545302004358,0.5862545302004358
2010,90373,DLR,DIGITAL REALTY TRUST INC,108.0,0.02954851,0.0180164724028812,0.9441713697933656,15.363641771201252,0.0624872649448466,0.0624872649448466
2011,90373,DLR,DIGITAL REALTY TRUST INC,120.0,0.036792763,0.0174577601890472,0.8617558489510596,15.587747694701257,0.3528919687967644,0.3528919687967644
2012,90373,DLR,DIGITAL REALTY TRUST INC,132.0,0.03672645,0.019456985968184,0.8356865026735969,15.924818532512989,0.0604569718209753,0.0604569718209753
2013,90373,DLR,DIGITAL REALTY TRUST INC,144.0,0.05151525,0.0179019394620085,0.73725156709958,15.814160721667916,-0.2357530328079486,-0.2357530328079486
2014,90373,DLR,DIGITAL REALTY TRUST INC,156.0,0.05256493,0.0169451434538839,0.5145930658278446,15.89451239221158,0.4267309356181468,0.4267309356181468
2015,90373,DLR,DIGITAL REALTY TRUST INC,168.0,0.04857589,0.019345684087917,0.3100539857866132,16.05506289912028,0.1988035185251084,0.1988035185251084
2016,90373,DLR,DIGITAL REALTY TRUST INC,180.0,0.035464693,0.0164012087831808,0.1745131560875363,16.46884441264669,0.3468798964792627,0.3468798964792627
2017,90373,DLR,DIGITAL REALTY TRUST INC,192.0,0.029485324,0.0187591357594652,-0.1324301554383551,16.80404750372916,0.1979062332805392,0.1979062332805392
2018,90373,DLR,DIGITAL REALTY TRUST INC,204.0,0.033964198,0.0149226220609539,0.0316704993199871,16.94166551677296,-0.0293595681361635,-0.0293595681361635
2019,90373,DLR,DIGITAL REALTY TRUST INC,216.0,0.034975793,0.0160187591678632,0.2709966649517949,17.02859981432162,0.1644691336212096,0.1644691336212096
2020,90373,DLR,DIGITAL REALTY TRUST INC,228.0,0.028476575,0.0127934222285599,0.0482739611079204,17.409498193714033,0.2021632821273173,0.2021632821273173
2021,90373,DLR,DIGITAL REALTY TRUST INC,240.0,0.0292056,0.0123229056662013,-0.0623902531399272,17.58268493035082,0.3068360443196745,0.3068360443196745
2022,90373,DLR,DIGITAL REALTY TRUST INC,252.0,0.038428634,0.0144302398600859,0.0656560125599639,17.386883167245305,-0.4086266570672368,-0.4086266570672368
2023,90373,DLR,DIGITAL REALTY TRUST INC,264.0,0.041429725,0.0141448078289776,0.2498794171283297,17.35423236061564,0.3998624195271003,0.3998624195271003
2024,90373,DLR,DIGITAL REALTY TRUST INC,276.0,0.030215228,0.0144783220964355,0.2443640223457708,17.72956362643903,0.3590227498673302,0.3590227498673302
2004,90375,EHP,EAGLE HOSPITALITY PPTYS TR INC,60.0,,,,11.979403754259067,0.0842160500000002,0.0842160500000002
2005,90375,EHP,EAGLE HOSPITALITY PPTYS TR INC,72.0,0.080007866,0.0154066124025099,,11.973967480822516,-0.184942464635699,-0.184942464635699
2006,90375,EHP,EAGLE HOSPITALITY PPTYS TR INC,84.0,0.07675734,0.0121842525895426,0.5593409517337753,11.9967573353956,0.2938233682252524,0.2938233682252524
2007,90375,EHP,EAGLE HOSPITALITY PPTYS TR INC,91.0,0.05682969,0.0167541013400288,0.5496759913750778,12.296467765073476,0.471106735118969,0.471106735118969
2004,90394,SHO,SUNSTONE HOTEL INVESTORS INC NEW,132.0,,,,13.34028605330588,0.2501979000000001,0.2501979000000001
2005,90394,SHO,SUNSTONE HOTEL INVESTORS INC NEW,144.0,0.036695074,0.0127008240933997,,13.718076949745218,0.3413280871441071,0.3413280871441071
2006,90394,SHO,SUNSTONE HOTEL INVESTORS INC NEW,156.0,0.03559955,0.0109716939562905,1.0980775768626516,14.324705544957029,0.0497781980961262,0.0497781980961262
2007,90394,SHO,SUNSTONE HOTEL INVESTORS INC NEW,168.0,0.047792662,0.0117403642692258,1.1247989422395228,14.265420334751983,-0.2776404753823641,-0.2776404753823641
2008,90394,SHO,SUNSTONE HOTEL INVESTORS INC NEW,180.0,0.14466773,0.0142317200667658,1.47859162456145,13.412046341897204,-0.5938744696410867,-0.5938744696410867
2009,90394,SHO,SUNSTONE HOTEL INVESTORS INC NEW,192.0,0.23088737,0.0136076249128212,2.4027099364212936,12.842192731085062,0.4345391306867585,0.4345391306867585
2010,90394,SHO,SUNSTONE HOTEL INVESTORS INC NEW,204.0,0.0,-0.0111664435296568,2.489803249474126,13.832045405978889,0.1632663613846463,0.1632663613846463
2011,90394,SHO,SUNSTONE HOTEL INVESTORS INC NEW,216.0,0.0,0.0193297351466225,2.4607297431825086,13.822161334462535,-0.2109173090933072,-0.2109173090933072
2012,90394,SHO,SUNSTONE HOTEL INVESTORS INC NEW,228.0,0.0,0.0083317080218655,2.3871462379232065,14.080201585231848,0.3141243576857102,0.3141243576857102
2013,90394,SHO,SUNSTONE HOTEL INVESTORS INC NEW,240.0,0.0014789471,0.0093190485114544,2.436395371977525,14.544328209146007,0.2608992560418712,0.2608992560418712
2014,90394,SHO,SUNSTONE HOTEL INVESTORS INC NEW,252.0,0.012484343,0.0128221587670471,1.7636913089615278,14.857467773218948,0.2723184495944595,0.2723184495944595
2015,90394,SHO,SUNSTONE HOTEL INVESTORS INC NEW,264.0,0.03994595,0.0148859297651085,1.4291776056834813,14.9487926345006,-0.1587143775422742,-0.1587143775422742
2016,90394,SHO,SUNSTONE HOTEL INVESTORS INC NEW,276.0,0.10061067,0.0168200724850741,1.1866059619746048,14.85726663155584,0.2781384341013069,0.2781384341013069
2017,90394,SHO,SUNSTONE HOTEL INVESTORS INC NEW,288.0,0.042551726,0.0185609813331881,1.0170539216489718,15.069468246532338,0.1326147657396084,0.1326147657396084
2018,90394,SHO,SUNSTONE HOTEL INVESTORS INC NEW,300.0,0.046275523,0.0178992343418904,1.0554813523003588,15.081958008268314,-0.1726756841146083,-0.1726756841146083
2019,90394,SHO,SUNSTONE HOTEL INVESTORS INC NEW,312.0,0.05021456,0.0166204174920249,1.0628499564372422,14.963774126389978,0.1272481193208969,0.1272481193208969
2020,90394,SHO,SUNSTONE HOTEL INVESTORS INC NEW,324.0,0.074421555,0.0115851546987917,0.9991345839298164,14.509025788263244,-0.1814317481725437,-0.1814317481725437
2021,90394,SHO,SUNSTONE HOTEL INVESTORS INC NEW,336.0,0.000728483,-0.0137131189404816,1.16250921568348,14.775631406580692,0.0352882037932928,0.0352882037932928
2022,90394,SHO,SUNSTONE HOTEL INVESTORS INC NEW,348.0,0.0020651931,0.0026311921507399,1.1330562352464637,14.667671624998496,-0.1678139162057764,-0.1678139162057764
2023,90394,SHO,SUNSTONE HOTEL INVESTORS INC NEW,360.0,0.018813645,0.0166335144823265,1.13554465353351,14.53911440693268,0.1442973652150634,0.1442973652150634
2024,90394,SHO,SUNSTONE HOTEL INVESTORS INC NEW,372.0,0.032643806,0.0147581756279949,1.0972874315336196,14.586181909373536,0.1382529909708361,0.1382529909708361
2013,90498,TSRE,TRADE STREET RESIDENTIAL INC,109.0,0.010129501,-0.0071869307525287,0.8418363661330857,11.354236865144369,-0.2832771133444371,-0.2832771133444371
2014,90498,TSRE,TRADE STREET RESIDENTIAL INC,121.0,0.03005962,-0.0074257787236684,0.7107531230990954,12.513212985770606,0.277725842837446,0.277725842837446
2015,90498,TSRE,TRADE STREET RESIDENTIAL INC,129.0,0.05307559,0.0034888663526822,0.5731486580408276,12.481325229143057,-0.1192326393500684,-0.1192326393500684
2004,90506,MDH,M H I HOSPITALITY CORP,36.0,,,,10.996748213421837,0.0,0.0
2005,90506,MDH,M H I HOSPITALITY CORP,48.0,0.05901746,0.0128182606875779,,11.036848199570114,0.0425720521608261,0.0425720521608261
2006,90506,SOHO,SOTHERLY HOTELS INC,60.0,0.07266253,0.0167746185158089,0.2203200466405915,11.043532408771313,0.0964809476006096,0.0964809476006096
2007,90506,SOHO,SOTHERLY HOTELS INC,72.0,0.06971029,0.0208241296557931,0.3422357691029096,11.105280834538377,-0.2119757790009311,-0.2119757790009311
2008,90506,SOHO,SOTHERLY HOTELS INC,83.0,0.13763024,0.0146616725108503,0.7326690222499532,10.5138856198474,-0.6042861370447684,-0.6042861370447684
2009,90506,SOHO,SOTHERLY HOTELS INC,96.0,0.020400926,0.0038658924249339,1.4896137832164835,9.644223069540422,0.6241999761781671,0.6241999761781671
2010,90506,SOHO,SOTHERLY HOTELS INC,108.0,0.001894509,0.0069989873888747,1.6987342282828637,10.024691064946188,0.0393765053428327,0.0393765053428327
2011,90506,SOHO,SOTHERLY HOTELS INC,120.0,0.0036246479,0.0067240256857486,1.7554215777950863,10.11171759883804,0.1480137672727173,0.1480137672727173
2012,90506,SOHO,SOTHERLY HOTELS INC,132.0,0.021104664,0.0015517265541106,1.6551087687695478,10.416578385511338,0.4356643380014764,0.4356643380014764
2013,90506,SOHO,SOTHERLY HOTELS INC,144.0,0.027572744,0.0041839221910977,1.6266772642698966,10.73025260934547,0.8476193032077124,0.8476193032077124
2014,90506,SOHO,SOTHERLY HOTELS INC,156.0,0.024903266,0.0098523031190888,1.5117201199092476,11.221546674164776,0.3013725077956712,0.3013725077956712
2015,90506,SOHO,SOTHERLY HOTELS INC,168.0,0.03440075,0.0124093997960276,0.9132312510154492,11.354962345249533,-0.1413861155140986,-0.1413861155140986
2016,90506,SOHO,SOTHERLY HOTELS INC,180.0,0.057842735,0.0102363147579449,0.7041881970608163,11.31074922664384,0.1750473922300404,0.1750473922300404
2017,90506,SOHO,SOTHERLY HOTELS INC,192.0,0.062462483,0.0099132591293539,0.7652788649119482,11.408563683497423,0.0151090772003368,0.0151090772003368
2018,90506,SOHO,SOTHERLY HOTELS INC,204.0,0.0673028,0.0067271815208167,0.79049917063396,11.457194759436824,-0.0645640730086913,-0.0645640730086913
2019,90506,SOHO,SOTHERLY HOTELS INC,216.0,0.07389863,0.006680981651901,0.8908373710079521,11.476236558005318,0.3025208964350148,0.3025208964350148
2020,90506,SOHO,SOTHERLY HOTELS INC,228.0,0.15804306,-0.000116968355637,1.6788539318547266,10.508407716778652,-0.6013710879476366,-0.6013710879476366
2021,90506,SOHO,SOTHERLY HOTELS INC,240.0,0.006878309,-0.0198629583102126,2.1596117517602504,10.696115591702458,-0.1639852197530376,-0.1639852197530376
2022,90506,SOHO,SOTHERLY HOTELS INC,252.0,0.0,0.0009914801211474,2.011608494818631,10.500315337994609,-0.1338539057376929,-0.1338539057376929
2023,90506,SOHO,SOTHERLY HOTELS INC,264.0,0.0,0.0097569462010571,2.0248638707251776,10.485150334535,-0.1767707698260154,-0.1767707698260154
2024,90506,SOHO,SOTHERLY HOTELS INC,274.0,0.0,0.0083275291330135,2.059541495625137,10.152004041027592,-0.1912490071047418,-0.1912490071047418
2004,90514,SFC,SPIRIT FINANCE CORP,24.0,,,,13.59656263019922,0.0,0.0
2005,90514,SFC,SPIRIT FINANCE CORP,36.0,0.050180506,0.0096244423580662,,13.528771667004165,-0.0558372924067984,-0.0558372924067984
2006,90514,SFC,SPIRIT FINANCE CORP,48.0,0.059419617,0.0108617793511604,0.734655602344332,13.889867291491417,0.1797943579247505,0.1797943579247505
2007,90514,SFC,SPIRIT FINANCE CORP,55.0,0.055968363,0.0129990587726186,0.6881820413713423,14.258829902086225,0.2219191943296705,0.2219191943296705
2004,90545,NRTI,NOONEY REALTY TRUST INC,240.0,0.076184966,-0.0019339222315706,0.0837008065833476,9.710231071135958,0.419870565416911,0.419870565416911
2005,90545,NRTI,NOONEY REALTY TRUST INC,252.0,0.06714333,0.0109563029853348,0.0942228311736532,9.821108054922432,0.056791988411978,0.056791988411978
2006,90545,NRTI,NOONEY REALTY TRUST INC,264.0,0.018867882,0.0067328386641558,0.1450132986353908,9.820598288270416,-0.0340346782599473,-0.0340346782599473
2007,90545,NRTI,NOONEY REALTY TRUST INC,276.0,0.0504671,0.0071146874405094,0.1548744088823177,9.704182786538665,-0.1528942246659447,-0.1528942246659447
2008,90545,NRTI,NOONEY REALTY TRUST INC,282.0,0.08043042,0.0037473215719402,-0.1074247340236436,9.582731607918356,0.0866549578568025,0.0866549578568025
2005,90680,DRH,DIAMONDROCK HOSPITALITY CO,24.0,,-0.0053914473303303,,13.27248666977924,0.1021295297600604,0.1021295297600604
2006,90680,DRH,DIAMONDROCK HOSPITALITY CO,36.0,0.03394581,0.0045921160778303,,13.842587350445962,0.5763823110028514,0.5763823110028514
2007,90680,DRH,DIAMONDROCK HOSPITALITY CO,48.0,0.041538578,0.0127137979893438,0.7836858393551281,14.350247553582184,-0.121510920909826,-0.121510920909826
2008,90680,DRH,DIAMONDROCK HOSPITALITY CO,60.0,0.118925124,0.0162288254088003,1.314625076659796,13.642254832322166,-0.6042861370447684,-0.6042861370447684
2009,90680,DRH,DIAMONDROCK HOSPITALITY CO,72.0,0.070439346,0.0144901702275226,1.9168910623766613,13.37813322217972,0.7358016154253608,0.7358016154253608
2010,90680,DRH,DIAMONDROCK HOSPITALITY CO,84.0,0.02664452,0.0079435975661809,1.9228606218690043,14.1458397074293,0.4168584147093082,0.4168584147093082
2011,90680,DRH,DIAMONDROCK HOSPITALITY CO,96.0,0.01614211,0.0081223486937038,1.948948714564372,14.330096510836215,-0.1687918146683145,-0.1687918146683145
2012,90680,DRH,DIAMONDROCK HOSPITALITY CO,108.0,0.031856533,0.0084731889835783,1.930962243916715,14.376808110339496,-0.0349607568252984,-0.0349607568252984
2013,90680,DRH,DIAMONDROCK HOSPITALITY CO,120.0,0.03164883,0.0113393101095407,1.9353311971938585,14.486960918953905,0.3271005809469689,0.3271005809469689
2014,90680,DRH,DIAMONDROCK HOSPITALITY CO,132.0,0.028729672,0.011477951108003,1.6310541490521573,14.745216228319668,0.3286983439076039,0.3286983439076039
2015,90680,DRH,DIAMONDROCK HOSPITALITY CO,144.0,0.036399994,0.0175052173066461,1.4269403026131586,14.73026140301966,-0.3226507451954508,-0.3226507451954508
2016,90680,DRH,DIAMONDROCK HOSPITALITY CO,156.0,0.05264503,0.0157595130518177,1.3186078082904034,14.46590924229878,0.2566218727684271,0.2566218727684271
2017,90680,DRH,DIAMONDROCK HOSPITALITY CO,168.0,0.045083355,0.0158152868259031,1.1745315658447386,14.61549391939343,0.024133608054248,0.024133608054248
2018,90680,DRH,DIAMONDROCK HOSPITALITY CO,180.0,0.04343268,0.0153753846888783,1.3274478656143276,14.634203743900104,-0.1690468050171438,-0.1690468050171438
2019,90680,DRH,DIAMONDROCK HOSPITALITY CO,192.0,0.05004409,0.0157540441917393,1.3113180368504729,14.54761127296544,0.2947274805974493,0.2947274805974493
2020,90680,DRH,DIAMONDROCK HOSPITALITY CO,204.0,0.043202534,0.0192466782400275,1.528496166286902,14.03588964284654,-0.2554345741447069,-0.2554345741447069
2021,90680,DRH,DIAMONDROCK HOSPITALITY CO,216.0,0.0,-0.0095381829330021,1.7296850948052738,14.49233518922807,0.1648163401117692,0.1648163401117692
2022,90680,DRH,DIAMONDROCK HOSPITALITY CO,228.0,0.0017861994,0.0080925444088849,1.6265748927793515,14.475106085348896,-0.1381301588880916,-0.1381301588880916
2023,90680,DRH,DIAMONDROCK HOSPITALITY CO,240.0,0.015705844,0.0170768124527059,1.6031993732892655,14.375847694750918,0.1628739920605992,0.1628739920605992
2024,90680,DRH,DIAMONDROCK HOSPITALITY CO,252.0,0.015424875,0.0153521811228474,1.5647946872409155,14.432285984124915,-0.0039308277854214,-0.0039308277854214
2005,90749,COE,COLUMBIA EQUITY TRUST INC,72.0,,0.0409459936463113,,12.2129588069558,0.0606373483429345,0.0606373483429345
2006,90749,COE,COLUMBIA EQUITY TRUST INC,84.0,0.031446174,0.0372228427537906,,12.348679659431276,0.2268491883276122,0.2268491883276122
2007,90749,COE,COLUMBIA EQUITY TRUST INC,86.0,0.030864717,0.0008268400695106,0.5262567922872092,12.504303030955064,0.0293734699999999,0.0293734699999999
2005,90755,FSP,FRANKLIN STREET PROPERTIES CORP,36.0,,0.0152262455103198,,13.912119946299422,0.0662870836616784,0.0662870836616784
2006,90755,FSP,FRANKLIN STREET PROPERTIES CORP,48.0,0.056926984,0.0133763275338862,,14.082463287298792,0.0678555964305442,0.0678555964305442
2007,90755,FSP,FRANKLIN STREET PROPERTIES CORP,60.0,0.06962185,0.0134962301550184,0.5071514632197842,14.02439484838578,-0.2451686973800444,-0.2451686973800444
2008,90755,FSP,FRANKLIN STREET PROPERTIES CORP,72.0,0.086264856,0.0173838491846543,0.4097396870523453,13.754359929804862,0.0727592837178416,0.0727592837178416
2009,90755,FSP,FRANKLIN STREET PROPERTIES CORP,84.0,0.061564177,0.0175474691771636,0.4297149341891013,13.733328927033142,0.0532141290311074,0.0532141290311074
2010,90755,FSP,FRANKLIN STREET PROPERTIES CORP,96.0,0.057468828,0.0156495148142812,0.5865600017217684,13.846125290583844,0.0330335972674009,0.0330335972674009
2011,90755,FSP,FRANKLIN STREET PROPERTIES CORP,108.0,0.058714766,0.0134000418722268,0.6504529676050755,13.862490470018534,-0.261659484762082,-0.261659484762082
2012,90755,FSP,FRANKLIN STREET PROPERTIES CORP,120.0,0.07030284,0.0135784132201151,0.6840554617720311,13.701310085652848,0.3292516534007665,0.3292516534007665
2013,90755,FSP,FRANKLIN STREET PROPERTIES CORP,132.0,0.052689176,0.0139923494554275,0.7587383070490271,14.034201683874352,0.0259565707590547,0.0259565707590547
2014,90755,FSP,FRANKLIN STREET PROPERTIES CORP,144.0,0.061785568,0.0138657101383747,1.051624360230248,14.014265638719955,0.0928800001618699,0.0928800001618699
2015,90755,FSP,FRANKLIN STREET PROPERTIES CORP,156.0,0.066891946,0.0140484206012778,0.8517292009783436,13.94826971569441,-0.1000122420014903,-0.1000122420014903
2016,90755,FSP,FRANKLIN STREET PROPERTIES CORP,168.0,0.064867206,0.0140015858447217,0.7305656887522423,13.987740450444742,0.3404556116376009,0.3404556116376009
2017,90755,FSP,FRANKLIN STREET PROPERTIES CORP,180.0,0.067442074,0.0137738652783735,0.6966471817087085,13.996479231960071,-0.1138940059635927,-0.1138940059635927
2018,90755,FSP,FRANKLIN STREET PROPERTIES CORP,192.0,0.07542783,0.0133282953326896,0.8457766835826356,13.665633872211195,-0.3882819316863997,-0.3882819316863997
2019,90755,FSP,FRANKLIN STREET PROPERTIES CORP,204.0,0.046053275,0.0127649461150462,1.1668546888508908,13.64161257063781,0.4371364949280021,0.4371364949280021
2020,90755,FSP,FRANKLIN STREET PROPERTIES CORP,216.0,0.07154351,0.0130484938448124,0.9509103883631596,13.218553751671047,-0.4544373687820081,-0.4544373687820081
2021,90755,FSP,FRANKLIN STREET PROPERTIES CORP,228.0,0.07608301,0.0104121965173516,0.8242242595125303,13.203296766100928,0.5470424420560309,0.5470424420560309
2022,90755,FSP,FRANKLIN STREET PROPERTIES CORP,240.0,0.15586798,0.0088673821552024,0.7116596062614184,12.904977977534813,-0.5226987504815575,-0.5226987504815575
2023,90755,FSP,FRANKLIN STREET PROPERTIES CORP,252.0,0.031320065,0.007503177048413,0.7942791609990659,12.172618316882078,-0.0399859936724528,-0.0399859936724528
2024,90755,FSP,FRANKLIN STREET PROPERTIES CORP,264.0,0.020948743,0.0055085593431832,0.7950207986280948,12.202134856544156,-0.2702630801289426,-0.2702630801289426
2005,90790,MPW,MEDICAL PROPERTIES TRUST INC,36.0,,0.0130890212807688,,12.871858963888371,-0.0359079827759475,-0.0359079827759475
2006,90790,MPW,MEDICAL PROPERTIES TRUST INC,48.0,0.06273716,0.0138353154595673,,13.089592160620546,0.6919278988284883,0.6919278988284883
2007,90790,MPW,MEDICAL PROPERTIES TRUST INC,60.0,0.07384222,0.0132889155543915,0.247123095320821,13.37528051677206,-0.2750888069906266,-0.2750888069906266
2008,90790,MPW,MEDICAL PROPERTIES TRUST INC,72.0,0.1001083,0.0145577542028482,0.6035293960294369,13.36311098785785,-0.3126645378149544,-0.3126645378149544
2009,90790,MPW,MEDICAL PROPERTIES TRUST INC,84.0,0.13613968,0.009636784760757,1.3364764424921514,13.125909478475071,0.8061567329681452,0.8061567329681452
2010,90790,MPW,MEDICAL PROPERTIES TRUST INC,96.0,0.06781883,0.0091129003114717,1.3114618928737158,13.853583675903243,0.1705968390372993,0.1705968390372993
2011,90790,MPW,MEDICAL PROPERTIES TRUST INC,108.0,0.07301251,0.009276766367681,1.3087866843129543,14.009357973045985,-0.0162340032387848,-0.0162340032387848
2012,90790,MPW,MEDICAL PROPERTIES TRUST INC,120.0,0.073146336,0.0079822945813797,1.286965819568613,14.12611242030638,0.3099904722943085,0.3099904722943085
2013,90790,MPW,MEDICAL PROPERTIES TRUST INC,132.0,0.054955527,0.0142986949779448,1.3467022794087375,14.558203769842253,0.0832256699611924,0.0832256699611924
2014,90790,MPW,MEDICAL PROPERTIES TRUST INC,144.0,0.05849717,0.0108352135837895,0.9582986407500632,14.637550459204784,0.2022449042895888,0.2022449042895888
2015,90790,MPW,MEDICAL PROPERTIES TRUST INC,156.0,0.058385227,0.0097473661526713,0.8918971082026896,14.86051323047021,-0.1041565143519177,-0.1041565143519177
2016,90790,MPW,MEDICAL PROPERTIES TRUST INC,168.0,0.060990285,0.0109002481516882,0.8947995166712931,15.080180785313395,0.1411951173529875,0.1411951173529875
2017,90790,MPW,MEDICAL PROPERTIES TRUST INC,180.0,0.0643967,0.0106925579267697,0.7367077474868479,15.35015941534567,0.2044187864671669,0.2044187864671669
2018,90790,MPW,MEDICAL PROPERTIES TRUST INC,192.0,0.06860179,0.0130340344800555,0.6113516945221639,15.462037892117555,0.2500957261456655,0.2500957261456655
2019,90790,MPW,MEDICAL PROPERTIES TRUST INC,204.0,0.048584487,0.0132764687290146,0.5653296215815952,15.893329747175208,0.3842107421419993,0.3842107421419993
2020,90790,MPW,MEDICAL PROPERTIES TRUST INC,216.0,0.05166589,0.0113115252463415,0.5389069045426309,16.124570127534763,0.093056676120413,0.093056676120413
2021,90790,MPW,MEDICAL PROPERTIES TRUST INC,228.0,0.049091607,0.0125083866488344,0.4583222209165734,16.337085758195748,0.1430106874512511,0.1430106874512511
2022,90790,MPW,MEDICAL PROPERTIES TRUST INC,240.0,0.07362883,0.0126720839099867,0.5768825343629923,16.067209785888537,-0.4881328530184855,-0.4881328530184855
2023,90790,MPW,MEDICAL PROPERTIES TRUST INC,252.0,0.1506218,0.0107909719142206,0.8450531968571934,15.320815030910095,-0.5016602621988326,-0.5016602621988326
2024,90790,MPW,MEDICAL PROPERTIES TRUST INC,264.0,0.146223,0.0056126703697726,1.1115721733283277,14.805158480533024,-0.110780641556199,-0.110780641556199
2005,90921,CSA,COGDELL SPENCER INC,72.0,,,,11.780725037437104,-0.00959576,-0.00959576
2006,90921,CSA,COGDELL SPENCER INC,84.0,0.05782933,0.0032605846163107,,11.977202287942466,0.3611048318754055,0.3611048318754055
2007,90921,CSA,COGDELL SPENCER INC,96.0,0.06209545,0.0017509906272057,1.4184821379779062,12.26649026212696,-0.1994028990016927,-0.1994028990016927
2008,90921,CSA,COGDELL SPENCER INC,108.0,0.08746949,0.0091017195159351,1.1436099994691344,12.333767845653732,-0.374152196964916,-0.374152196964916
2009,90921,CSA,COGDELL SPENCER INC,120.0,0.12271864,-0.0151247047608746,1.0722744055630464,11.987114603307086,-0.3109272547539996,-0.3109272547539996
2010,90921,CSA,COGDELL SPENCER INC,132.0,0.05621824,0.01068078009204,0.9679459646833548,12.655457663888113,0.0890788990184536,0.0890788990184536
2011,90921,CSA,COGDELL SPENCER INC,144.0,0.07921346,-0.0227219439874695,0.9692880147357024,12.469491061884616,-0.2041955147588418,-0.2041955147588418
2012,90921,CSA,COGDELL SPENCER INC,147.0,0.08627113,0.0026623930519295,0.9600228445129628,12.288120869565176,-0.00231128,-0.00231128
2005,90997,NKT,NEWKIRK REALTY TRUST INC,36.0,,,,12.610963367856026,0.0206999999999999,0.0206999999999999
2006,90997,NKT,NEWKIRK REALTY TRUST INC,48.0,0.087799996,0.0307057675282151,,12.708724215781473,0.2777730666074933,0.2777730666074933
2005,91058,RPB,REPUBLIC PROPERTY TRUST,48.0,,,,12.61289682967597,0.0,0.0
2006,91058,RPB,REPUBLIC PROPERTY TRUST,60.0,0.05446565,0.0037719456053292,,12.591816674581771,0.019452431200863,0.019452431200863
2007,91058,RPB,REPUBLIC PROPERTY TRUST,69.0,0.053205077,0.0052903453582159,-0.1540202581409694,12.69914252610715,0.3095254323210983,0.3095254323210983
2006,91519,DEI,DOUGLAS EMMETT INC,72.0,,,,14.88916471876528,0.1199021200000001,0.1199021200000001
2007,91519,DEI,DOUGLAS EMMETT INC,84.0,0.02638712,0.0170468292488356,,14.86028313384056,-0.1248600982264386,-0.1248600982264386
2008,91519,DEI,DOUGLAS EMMETT INC,96.0,0.03703359,0.0077850320367144,1.246037861202841,14.680249418952,-0.3992356281815803,-0.3992356281815803
2009,91519,DEI,DOUGLAS EMMETT INC,108.0,0.0601843,0.0080595642849377,1.4439844868054192,14.041499037050883,0.1350739151248485,0.1350739151248485
2010,91519,DEI,DOUGLAS EMMETT INC,120.0,0.025254853,0.00788234850842,1.3600585099671685,14.47594839324354,0.1945384337259788,0.1945384337259788
2011,91519,DEI,DOUGLAS EMMETT INC,132.0,0.0223852,0.0084249387626169,1.299018981454738,14.686330404437468,0.1283936684252595,0.1283936684252595
2012,91519,DEI,DOUGLAS EMMETT INC,144.0,0.023385914,0.0087974839397094,1.2803258769334278,14.962879311311008,0.3125698676149746,0.3125698676149746
2013,91519,DEI,DOUGLAS EMMETT INC,156.0,0.027958259,0.0099058421609921,1.2500139042484664,15.057984984370874,0.0305792017156811,0.0305792017156811
2014,91519,DEI,DOUGLAS EMMETT INC,168.0,0.02801636,0.0112373702748484,0.9434959347459152,15.192574589814294,0.2559894996149112,0.2559894996149112
2015,91519,DEI,DOUGLAS EMMETT INC,180.0,0.02822762,0.0118012164406826,0.8129324686700438,15.264089848607306,0.1304972723127879,0.1304972723127879
2016,91519,DEI,DOUGLAS EMMETT INC,192.0,0.025360575,0.011498003756403,0.7886650428684286,15.438434231027516,0.2031360698027156,0.2031360698027156
2017,91519,DEI,DOUGLAS EMMETT INC,204.0,0.022526667,0.0110734788391802,0.5591317515107729,15.636518137375996,0.1502045638204752,0.1502045638204752
2018,91519,DEI,DOUGLAS EMMETT INC,216.0,0.025565833,0.0112236995652857,0.6166149711117382,15.665914440653005,-0.1458131476227879,-0.1458131476227879
2019,91519,DEI,DOUGLAS EMMETT INC,228.0,0.024734661,0.0122766448710931,0.6504899584068143,15.776209971709418,0.3192823393588566,0.3192823393588566
2020,91519,DEI,DOUGLAS EMMETT INC,240.0,0.036582172,0.012099179692491,0.6595104098366488,15.48284540802677,-0.3092042754058618,-0.3092042754058618
2021,91519,DEI,DOUGLAS EMMETT INC,252.0,0.034493186,0.0094606716489353,0.7631492732702889,15.556804328905171,0.1883195811187483,0.1883195811187483
2022,91519,DEI,DOUGLAS EMMETT INC,264.0,0.04943293,0.0105791737612095,0.8054273021285887,15.221139659556616,-0.508745951220557,-0.508745951220557
2023,91519,DEI,DOUGLAS EMMETT INC,276.0,0.067527406,0.0106453706419814,0.8850145640496341,14.626403443448416,-0.0200154150699237,-0.0200154150699237
2024,91519,DEI,DOUGLAS EMMETT INC,288.0,0.049832065,0.0095203097393214,1.0211286987871606,14.7644064706258,0.3438728569560714,0.3438728569560714
2006,91635,DCT,D C T INDUSTRIAL TRUST INC,36.0,,,,14.501929655649503,0.0,0.0
2007,91635,DCT,D C T INDUSTRIAL TRUST INC,48.0,0.05367659,0.0065809849873604,,14.403562319297082,-0.1600952763327663,-0.1600952763327663
2008,91635,DCT,D C T INDUSTRIAL TRUST INC,60.0,0.08556122,0.0105788242266156,0.7866178487687284,14.076652239602454,-0.4099294644414198,-0.4099294644414198
2009,91635,DCT,D C T INDUSTRIAL TRUST INC,72.0,0.10141182,0.0108229780398124,1.2276287858180417,13.614619833485014,0.0582711595840608,0.0582711595840608
2010,91635,DCT,D C T INDUSTRIAL TRUST INC,84.0,0.056947783,0.0091188820488135,1.2329966350115165,13.850136397994468,0.117626230508147,0.117626230508147
2011,91635,DCT,D C T INDUSTRIAL TRUST INC,96.0,0.050246622,0.0081007346988509,1.19817232163257,14.050389954984766,0.0160641146343769,0.0160641146343769
2012,91635,DCT,D C T INDUSTRIAL TRUST INC,108.0,0.04489899,0.0099039574019524,1.1762991618773777,14.255174777485571,0.3253053019605745,0.3253053019605745
2013,91635,DCT,D C T INDUSTRIAL TRUST INC,120.0,0.03533219,0.0102216578532833,1.2291089165755913,14.588598906100152,0.1397159660259639,0.1397159660259639
2014,91635,DCT,D C T INDUSTRIAL TRUST INC,132.0,0.033313937,0.0112854733490558,1.017936018576288,14.7943654330762,0.2931834322245836,0.2931834322245836
2015,91635,DCT,D C T INDUSTRIAL TRUST INC,144.0,0.033645995,0.0123833926685144,0.8838788647910875,14.938896835444067,0.0830569243868424,0.0830569243868424
2016,91635,DCT,D C T INDUSTRIAL TRUST INC,156.0,0.025550159,0.0128885938942143,0.8030021886599791,15.187119769172874,0.3149063788214803,0.3149063788214803
2017,91635,DCT,D C T INDUSTRIAL TRUST INC,168.0,0.022421828,0.014826906569562,0.6360114350861923,15.417081464371677,0.2570005861808686,0.2570005861808686
2018,91635,DCT,D C T INDUSTRIAL TRUST INC,175.0,0.021447135,0.0148478835958875,0.5947974865279008,15.577189466255591,0.1510821915494342,0.1510821915494342
2013,91801,CORR,CORENERGY INFRASTRUCTURE TR INC,96.0,0.04154984,0.0348128649672656,0.5177980038152533,12.054715655477588,0.1365074945580415,0.1365074945580415
2014,91801,TTO,TORTOISE CAPITAL RESOURCES CORP,108.0,0.054482996,0.011859173316715,0.6293379196789438,12.382755765423363,-0.0221402183764352,-0.0221402183764352
2015,91801,TTO,TORTOISE CAPITAL RESOURCES CORP,120.0,0.08006559,0.0141473666264377,0.5638336316729923,12.61501362742252,-0.4965192826528332,-0.4965192826528332
2016,91801,TTO,TORTOISE CAPITAL RESOURCES CORP,132.0,0.119799614,0.0099958182919387,1.06483812991656,12.587044533793112,1.0233536316810323,1.0233536316810323
2017,91801,TTO,TORTOISE CAPITAL RESOURCES CORP,144.0,0.08495131,0.0188633813223121,1.7346599255106858,12.948361065660178,0.1928162697678592,0.1928162697678592
2018,91801,TTO,TORTOISE CAPITAL RESOURCES CORP,156.0,0.08137178,0.017686798813231,1.88730046847142,12.993692983842278,-0.0604431710944899,-0.0604431710944899
2019,91801,TTO,TORTOISE CAPITAL RESOURCES CORP,168.0,0.069979526,0.017086441934304,1.4514978387263884,13.1836440030362,0.4537587819361293,0.4537587819361293
2020,91801,TTO,TORTOISE CAPITAL RESOURCES CORP,180.0,0.1969543,-0.0054390438707531,1.152431637838237,11.910332608803763,-0.6042861370447684,-0.6042861370447684
2021,91801,TTO,TORTOISE CAPITAL RESOURCES CORP,192.0,0.04301794,-0.000116003130873,1.0029103714888867,11.270213737642164,-0.5254879929689287,-0.5254879929689287
2022,91801,TTO,TORTOISE CAPITAL RESOURCES CORP,204.0,0.08035227,0.0032020206940202,0.9327885092510638,10.544068144448214,-0.2844821041596878,-0.2844821041596878
2023,91801,TTO,TORTOISE CAPITAL RESOURCES CORP,211.0,0.10171048,-0.0076038154768087,1.1481561504794895,9.89231340630988,-0.4402642111202044,-0.4402642111202044
2007,92331,DFT,DUPONT FABROS TECHNOLOGY INC,72.0,,,,13.421974758951356,-0.08057443,-0.08057443
2008,92331,DFT,DUPONT FABROS TECHNOLOGY INC,84.0,0.15900491,-0.0101488165217567,,12.892816305820572,-0.6042861370447684,-0.6042861370447684
2009,92331,DFT,DUPONT FABROS TECHNOLOGY INC,96.0,0.03481799,0.0116258572795116,1.6651828206705053,12.895311932888148,1.0233536316810323,1.0233536316810323
2010,92331,DFT,DUPONT FABROS TECHNOLOGY INC,108.0,0.009958082,0.0081261894471092,1.4872050071704974,14.000873074604767,0.2049454068339169,0.2049454068339169
2011,92331,DFT,DUPONT FABROS TECHNOLOGY INC,120.0,0.01911672,0.0125230673957948,1.3129106714263803,14.185143231591669,0.1621515886004971,0.1621515886004971
2012,92331,DFT,DUPONT FABROS TECHNOLOGY INC,132.0,0.019456236,0.0153303790041934,1.2359267003644587,14.277433239873613,0.0227999472912117,0.0227999472912117
2013,92331,DFT,DUPONT FABROS TECHNOLOGY INC,144.0,0.031017385,0.0152001115315001,0.9723189397292792,14.264128871114778,0.0634225157406582,0.0634225157406582
2014,92331,DFT,DUPONT FABROS TECHNOLOGY INC,156.0,0.041210227,0.0150926303825781,0.5122068140082265,14.411014825514297,0.4154499548651733,0.4154499548651733
2015,92331,DFT,DUPONT FABROS TECHNOLOGY INC,168.0,0.05498789,0.0193283846249675,0.4117791928705547,14.525714797028456,0.0133045595451302,0.0133045595451302
2016,92331,DFT,DUPONT FABROS TECHNOLOGY INC,180.0,0.04128578,0.0197217326824905,0.5367931512445137,14.9236948356848,0.444241139293154,0.444241139293154
2017,92331,DFT,DUPONT FABROS TECHNOLOGY INC,188.0,0.03483216,0.0223553398399963,0.4511242241557265,15.266936160835218,0.4918780686071302,0.4918780686071302
2009,92343,NAQ,N R D C ACQUISITION CORP,36.0,0.0,,0.0691858888485529,13.096273603306935,-0.02511271,-0.02511271
2010,92343,ROIC,RETAIL OPPORTUNITY INVST CORP,48.0,0.007752936,-0.0067786221555555,0.0592763074201433,12.920227748090731,0.0005313157874669,0.0005313157874669
2011,92343,ROIC,RETAIL OPPORTUNITY INVST CORP,60.0,0.025896085,0.0092733552006296,0.0836722861962689,13.059973133807397,0.2369007158331744,0.2369007158331744
2012,92343,ROIC,RETAIL OPPORTUNITY INVST CORP,72.0,0.035800517,0.0119264479127055,0.082807372074853,13.347532722828412,0.1333075069011233,0.1333075069011233
2013,92343,ROIC,RETAIL OPPORTUNITY INVST CORP,84.0,0.03382671,0.0121567413346501,0.0863932275936433,13.75397154464168,0.1948484080402488,0.1948484080402488
2014,92343,ROIC,RETAIL OPPORTUNITY INVST CORP,96.0,0.03651121,0.0151459880441724,0.1554578599721905,14.08115363011139,0.1884246547909773,0.1884246547909773
2015,92343,ROIC,RETAIL OPPORTUNITY INVST CORP,108.0,0.03739853,0.010782279475296,0.1899516245854359,14.306797502987038,0.1093417490424786,0.1093417490424786
2016,92343,ROIC,RETAIL OPPORTUNITY INVST CORP,120.0,0.032564864,0.0117024230983994,0.2330663344585079,14.582271200638171,0.2213144149239105,0.2213144149239105
2017,92343,ROIC,RETAIL OPPORTUNITY INVST CORP,132.0,0.036256585,0.0118620298830534,0.3902969668679881,14.603503879441208,-0.0196670465171731,-0.0196670465171731
2018,92343,ROIC,RETAIL OPPORTUNITY INVST CORP,144.0,0.041981567,0.0116658459989801,0.433455808361924,14.527520067613624,-0.1683366454560786,-0.1683366454560786
2019,92343,ROIC,RETAIL OPPORTUNITY INVST CORP,156.0,0.044127893,0.0113727952441359,0.6016668052171228,14.52202270587066,0.1628329495968297,0.1628329495968297
2020,92343,ROIC,RETAIL OPPORTUNITY INVST CORP,168.0,0.053241443,0.0113871591901159,1.1056478768406326,14.101048699714868,-0.2234705967923586,-0.2234705967923586
2021,92343,ROIC,RETAIL OPPORTUNITY INVST CORP,180.0,0.013648596,0.0106462235430012,1.3829722202528831,14.54182325937321,0.5064867879467843,0.5064867879467843
2022,92343,ROIC,RETAIL OPPORTUNITY INVST CORP,192.0,0.032964837,0.0111130179406713,1.3271037913904336,14.542890945556303,-0.2054150937283786,-0.2054150937283786
2023,92343,ROIC,RETAIL OPPORTUNITY INVST CORP,204.0,0.043638825,0.0116536809336433,1.3023673200591055,14.341331338930106,-0.0240639157123641,-0.0240639157123641
2024,92343,ROIC,RETAIL OPPORTUNITY INVST CORP,216.0,0.042041842,0.0118218823105448,1.3611653724909103,14.417423634534536,0.2899657767242793,0.2899657767242793
2004,92690,UMHI,UNITED MOBILE HOMES INC,264.0,0.06016032,0.0347390599569049,0.051778336117059,11.742543397919016,-0.0137017984873029,-0.0137017984873029
2005,92690,UMHI,UNITED MOBILE HOMES INC,276.0,0.061026003,0.023728883608997,0.1373787263355568,11.85283929630559,0.0771354557785066,0.0771354557785066
2006,92690,UMHI,UNITED MOBILE HOMES INC,288.0,0.06101218,0.0217940347974571,0.2065919552025371,11.949858993710125,0.034678013909315,0.034678013909315
2007,92690,UMHI,UNITED MOBILE HOMES INC,300.0,0.07120369,0.0177993996762869,0.3191683572483013,11.88154429705263,-0.1786914071171148,-0.1786914071171148
2008,92690,UMHI,UNITED MOBILE HOMES INC,312.0,0.108618,0.0102504186493326,0.5046996752396312,11.401593616554376,-0.4443240123147108,-0.4443240123147108
2009,92690,UMHI,UNITED MOBILE HOMES INC,324.0,0.101686515,0.0086131528816507,0.6935232950756983,11.31218646780981,0.5769020004799563,0.5769020004799563
2010,92690,UMHI,UNITED MOBILE HOMES INC,336.0,0.072662205,0.0183161108668598,0.8025379949690924,11.688445892832322,0.3021801735055018,0.3021801735055018
2011,92690,UMHI,UNITED MOBILE HOMES INC,348.0,0.06864597,0.0163966162159041,0.8534421147624586,11.859721700712358,-0.0174946290155826,-0.0174946290155826
2012,92690,UMHI,UNITED MOBILE HOMES INC,360.0,0.06370821,0.0080247185930153,0.8811870906726303,12.054097433682308,0.1884102880837432,0.1884102880837432
2013,92690,UMHI,UNITED MOBILE HOMES INC,372.0,0.0666851,0.0091576016880666,0.8972907410742824,12.130180730434274,-0.0201018159306625,-0.0201018159306625
2014,92690,UMHI,UNITED MOBILE HOMES INC,384.0,0.06819929,0.0046195164043589,0.91721073066752,12.2759019241305,0.0909045205205112,0.0909045205205112
2015,92690,UMHI,UNITED MOBILE HOMES INC,396.0,0.06939151,0.0067659279789181,0.8477420314547369,12.42491520337074,0.1413335604002241,0.1413335604002241
2016,92690,UMHI,UNITED MOBILE HOMES INC,408.0,0.06322585,0.0062837223259299,0.7796191634811162,12.64192746334158,0.5881887809159412,0.5881887809159412
2017,92690,UMHI,UNITED MOBILE HOMES INC,420.0,0.042575154,0.0077452430629521,0.6517219494336786,13.132771059861325,0.0364706624174027,0.0364706624174027
2018,92690,UMHI,UNITED MOBILE HOMES INC,432.0,0.049626842,0.0067071195348126,0.6415181657492597,13.141268672886318,-0.1627089213616873,-0.1627089213616873
2019,92690,UMHI,UNITED MOBILE HOMES INC,444.0,0.04985353,0.007611643326841,0.8364015506306729,13.22151723460758,0.3993044450997005,0.3993044450997005
2020,92690,UMHI,UNITED MOBILE HOMES INC,456.0,0.052938145,0.0062171651949776,0.9417460554867312,13.230209939813342,-0.0088902558584029,-0.0088902558584029
2021,92690,UMHI,UNITED MOBILE HOMES INC,468.0,0.03327497,0.0066096787034865,0.9102072442907452,13.789590734301662,0.9131753771385688,0.9131753771385688
2022,92690,UMHI,UNITED MOBILE HOMES INC,480.0,0.03813424,0.0077728179475211,0.9783106272575356,13.869928546255489,-0.3862014190254418,-0.3862014190254418
2023,92690,UMHI,UNITED MOBILE HOMES INC,492.0,0.049483914,0.0057701300089339,1.0363030392260757,13.768849473508366,0.0036459149466321,0.0036459149466321
2024,92690,UMHI,UNITED MOBILE HOMES INC,504.0,0.045637477,0.0096702633674126,0.9994844825275636,14.03886438134001,0.2947534192664192,0.2947534192664192
2010,93251,PDM,PIEDMONT OFFICE REALTY TRUST INC,96.0,0.03898272,0.0145304210175509,,14.13909948170622,0.2826676956039917,0.2826676956039917
2011,93251,PDM,PIEDMONT OFFICE REALTY TRUST INC,108.0,0.056324497,0.0159862812035545,0.6458801693996277,14.971158763243388,-0.0959038003824396,-0.0959038003824396
2012,93251,PDM,PIEDMONT OFFICE REALTY TRUST INC,120.0,0.058641106,0.0144809251458049,0.6565611021428412,14.911304564324883,0.1092789053097744,0.1092789053097744
2013,93251,PDM,PIEDMONT OFFICE REALTY TRUST INC,132.0,0.044469398,0.0132381746068951,0.6564491307338445,14.924632266161243,-0.0432901429356453,-0.0432901429356453
2014,93251,PDM,PIEDMONT OFFICE REALTY TRUST INC,144.0,0.046060134,0.0135177676338066,0.6333936401088858,14.857331024972778,0.1911266359782022,0.1911266359782022
2015,93251,PDM,PIEDMONT OFFICE REALTY TRUST INC,156.0,0.046011094,0.0125128031947406,0.549539292956042,14.836083223658756,0.0498311396253603,0.0498311396253603
2016,93251,PDM,PIEDMONT OFFICE REALTY TRUST INC,168.0,0.04182936,0.0131134069142644,0.5657698128340833,14.900651071354668,0.1550809197687723,0.1550809197687723
2017,93251,PDM,PIEDMONT OFFICE REALTY TRUST INC,180.0,0.04247275,0.0142945576595605,0.4482994847023101,14.92327246857888,0.0007003079104253,0.0007003079104253
2018,93251,PDM,PIEDMONT OFFICE REALTY TRUST INC,192.0,0.07419004,0.0152682753771165,0.4899871602037977,14.708281051370086,-0.0916632912710748,-0.0916632912710748
2019,93251,PDM,PIEDMONT OFFICE REALTY TRUST INC,204.0,0.040602673,0.0157697763271266,0.6618665086099298,14.782814086099853,0.3594572051837597,0.3594572051837597
2020,93251,PDM,PIEDMONT OFFICE REALTY TRUST INC,216.0,0.051593583,0.0154000308420749,0.6656381409215603,14.548591266976182,-0.233504659248899,-0.233504659248899
2021,93251,PDM,PIEDMONT OFFICE REALTY TRUST INC,228.0,0.047680993,0.0153199326231307,0.8547638539435133,14.605792875093236,0.187136689358526,0.187136689358526
2022,93251,PDM,PIEDMONT OFFICE REALTY TRUST INC,240.0,0.06538131,0.0163919731421816,0.8437750336952917,14.302728635409704,-0.4679602781400647,-0.4679602781400647
2023,93251,PDM,PIEDMONT OFFICE REALTY TRUST INC,252.0,0.11396462,0.014766757636487,0.9714695859205698,13.670832076530203,-0.1485585919330757,-0.1485585919330757
2024,93251,PDM,PIEDMONT OFFICE REALTY TRUST INC,264.0,0.06772611,0.0126600841415689,1.0910259575407573,13.819994621389604,0.3698244325740945,0.3698244325740945
2010,93261,TRNO,TERRENO REALTY CORP,12.0,0.0,,,12.035517822390592,-0.0466691271685986,-0.0466691271685986
2011,93261,TRNO,TERRENO REALTY CORP,24.0,0.0104741035,-0.0050856606560557,0.5043157290002946,11.887489660673667,-0.1387275703172196,-0.1387275703172196
2012,93261,TRNO,TERRENO REALTY CORP,36.0,0.02545262,0.0025550156476926,0.3811787742986299,12.197693192696692,0.0588676058422048,0.0588676058422048
2013,93261,TRNO,TERRENO REALTY CORP,48.0,0.021317536,0.0050839130587582,0.4244687116626319,12.848130358686886,0.1791666313397557,0.1791666313397557
2014,93261,TRNO,TERRENO REALTY CORP,60.0,0.023625806,0.0061589745295237,0.4595230753781347,13.285554279048831,0.1995807222054599,0.1995807222054599
2015,93261,TRNO,TERRENO REALTY CORP,72.0,0.02568108,0.0075665595245082,0.4555885499500576,13.731734149921207,0.1303309067873523,0.1303309067873523
2016,93261,TRNO,TERRENO REALTY CORP,84.0,0.027635515,0.0088966871059056,0.4607922853517208,13.939573081578176,0.2961975593976003,0.2961975593976003
2017,93261,TRNO,TERRENO REALTY CORP,96.0,0.022928996,0.0085450597205414,0.5639863498147676,14.323686868089586,0.2622694960142693,0.2622694960142693
2018,93261,TRNO,TERRENO REALTY CORP,108.0,0.022748604,0.0097033143607125,0.542365151371871,14.551219265054756,0.0289863729661012,0.0289863729661012
2019,93261,TRNO,TERRENO REALTY CORP,120.0,0.018882481,0.0111408764305249,0.6278135625326492,14.940483873250898,0.571036204897954,0.571036204897954
2020,93261,TRNO,TERRENO REALTY CORP,132.0,0.019308994,0.0111941228436854,0.4619691827120353,15.146894184418176,0.1031691904119147,0.1031691904119147
2021,93261,TRNO,TERRENO REALTY CORP,144.0,0.017833829,0.0118920784842304,0.3191559454669675,15.348797207341327,0.4853867588524521,0.4853867588524521
2022,93261,TRNO,TERRENO REALTY CORP,156.0,0.02140993,0.0121654760354678,0.4238484700194555,15.369371257476438,-0.3161819639516671,-0.3161819639516671
2023,93261,TRNO,TERRENO REALTY CORP,168.0,0.025196055,0.0122626351178333,0.5203523530838307,15.423411197581167,0.1329804626213466,0.1329804626213466
2024,93261,TRNO,TERRENO REALTY CORP,180.0,0.027067417,0.0124605532479746,0.5580276794258147,15.585259708447817,-0.0276808799003964,-0.0276808799003964
2010,93315,EXL,EXCEL TRUST INC,72.0,,0.0573977654300192,,12.123626025662558,-0.0461246279632208,-0.0461246279632208
2011,93315,EXL,EXCEL TRUST INC,84.0,0.03265446,0.0025460182492577,0.5331860856565581,12.494562632525978,0.0473760622001753,0.0473760622001753
2012,93315,EXL,EXCEL TRUST INC,96.0,0.047106955,0.0067143471621168,0.5012871164656468,12.965176283222345,0.1142728020902348,0.1142728020902348
2013,93315,EXL,EXCEL TRUST INC,108.0,0.047702897,0.0080357348009557,0.4627378410490068,13.300219438293452,-0.0501495899163129,-0.0501495899163129
2014,93315,EXL,EXCEL TRUST INC,120.0,0.050465226,0.0096894813935719,0.5027528315493607,13.463196792102424,0.2415703222428737,0.2415703222428737
2015,93315,EXL,EXCEL TRUST INC,127.0,0.045252196,0.006719034034691,0.4864867072220308,13.756528772128386,0.2117342914404349,0.2117342914404349
2010,93419,HPP,HUDSON PACIFIC PROPERTIES INC,36.0,,0.0065786410178138,,12.779170068179909,-0.1167711154470763,-0.1167711154470763
2011,93419,HPP,HUDSON PACIFIC PROPERTIES INC,48.0,0.02471094,0.0044099937663109,,12.976295029649236,-0.0247574029716739,-0.0247574029716739
2012,93419,HPP,HUDSON PACIFIC PROPERTIES INC,60.0,0.025312202,0.0077595288608333,0.6618025094309381,13.497475713064857,0.5298974715648246,0.5298974715648246
2013,93419,HPP,HUDSON PACIFIC PROPERTIES INC,72.0,0.021509146,0.0076005572557615,0.6004985069567659,13.987198582047606,0.0633306445216306,0.0633306445216306
2014,93419,HPP,HUDSON PACIFIC PROPERTIES INC,84.0,0.018298823,0.0072027884904678,0.6095894962602947,14.333712495849868,0.4017822546863077,0.4017822546863077
2015,93419,HPP,HUDSON PACIFIC PROPERTIES INC,96.0,0.014720205,0.0071084848055003,0.6148943078907326,14.771317383114758,-0.0453466079355402,-0.0453466079355402
2016,93419,HPP,HUDSON PACIFIC PROPERTIES INC,108.0,0.020103412,0.0089558295798028,0.7699452535449564,15.01082777815027,0.2678766270259076,0.2678766270259076
2017,93419,HPP,HUDSON PACIFIC PROPERTIES INC,120.0,0.02346279,0.0103675577809299,0.6654846155341314,15.478788722565485,0.0137769061476022,0.0137769061476022
2018,93419,HPP,HUDSON PACIFIC PROPERTIES INC,132.0,0.030733163,0.0113105196277521,0.7355537178712787,15.443178844607552,-0.1249242741998466,-0.1249242741998466
2019,93419,HPP,HUDSON PACIFIC PROPERTIES INC,144.0,0.029225318,0.0108131075726823,0.7456206259014193,15.488911164500507,0.3334823148773176,0.3334823148773176
2020,93419,HPP,HUDSON PACIFIC PROPERTIES INC,156.0,0.040452883,0.0106267436292849,0.7727148133252583,15.166770427374642,-0.3351158292095502,-0.3351158292095502
2021,93419,HPP,HUDSON PACIFIC PROPERTIES INC,168.0,0.038266122,0.008520826016475,0.8355976141974965,15.197737975776024,0.0681707865255258,0.0681707865255258
2022,93419,HPP,HUDSON PACIFIC PROPERTIES INC,180.0,0.06823145,0.0081702418965237,0.8833564281491544,14.667885183696988,-0.5762368962060065,-0.5762368962060065
2023,93419,HPP,HUDSON PACIFIC PROPERTIES INC,192.0,0.13470112,0.0068589584093697,1.1004611313957813,13.716663827941684,0.0222283801308771,0.0222283801308771
2024,93419,HPP,HUDSON PACIFIC PROPERTIES INC,204.0,0.029800475,0.0029342547852134,1.402715509972096,13.494875585584902,-0.6042861370447684,-0.6042861370447684
